pos_x,pos_y,left_border_x,left_border_y,right_border_x,right_border_y,throttle,brake,target_speed,yaw
414.0029602050781,-206.9293975830078,413.7982377797194,-209.904978116124,414.6107779894867,-198.09494398663966,0.13095000386238098,0.0,27.066316604614258,-86.0642048075199
412.4525451660156,-206.82241821289062,412.2500054001668,-209.75775704164084,413.0649310417524,-197.9473213562568,0.13214001059532166,0.0,27.398136138916016,-86.05282047310072
410.90911865234375,-206.7150421142578,410.70776578783824,-209.60929282403893,411.5293710595633,-197.79951973394608,0.13333000242710114,0.0,27.72995376586914,-86.02034794425285
409.3783264160156,-206.60716247558594,409.1771626734165,-209.4616389939776,410.0094668068203,-197.65139638134187,0.1345200091600418,0.0,28.0617733001709,-85.96885482056061
407.8624267578125,-206.4984893798828,407.6605738260068,-209.3141705597722,408.5071954435203,-197.5045003528785,0.1357100009918213,0.0,28.393592834472656,-85.89954661332644
406.3603210449219,-206.3885498046875,406.1570273729841,-209.16615364270234,407.0212967234086,-197.35763131175295,0.13690000772476196,0.0,28.72541046142578,-85.81396838450334
404.8680419921875,-206.27679443359375,404.66264479096714,-209.01948087337345,405.54696329132923,-197.21110011171157,0.13809001445770264,0.0,29.05722999572754,-85.7171677313951
403.38079833984375,-206.16275024414062,403.1730709960444,-208.871710472323,404.07851513750575,-197.06386600082797,0.13928000628948212,0.0,29.389049530029297,-85.6150504004853
401.89385986328125,-206.04612731933594,401.6839261293097,-208.72277556060962,402.6099840917304,-196.9155668307959,0.1404700130224228,0.0,29.720869064331055,-85.51538253226197
400.40411376953125,-205.92678833007812,400.1921066104316,-208.57334030005822,401.1378585459472,-196.76722177707413,0.14166000485420227,0.0,30.05268669128418,-85.4199909927
398.90966796875,-205.80484008789062,398.6960134477025,-208.423123845572,399.6593187907978,-196.61805311199495,0.14285001158714294,0.0,30.384506225585938,-85.33494434187236
397.4101867675781,-205.680419921875,397.19517744256467,-208.2716593588473,398.1746204510502,-196.4676534177299,0.14285001158714294,0.0,30.3935489654541,-85.25672123677433
395.9063720703125,-205.55380249023438,395.6903312547365,-208.11968421333322,396.68407162217085,-196.31719106171556,0.14285001158714294,0.0,30.401321411132812,-85.18719044415766
394.399169921875,-205.42530822753906,394.1824833018588,-207.96698232547524,395.1885797605071,-196.16574924158482,0.14285001158714294,0.0,30.408275604248047,-85.12711693272217
392.8895263671875,-205.29519653320312,392.67246890598466,-207.81364346431164,393.68930027879765,-196.01568067545026,0.14285001158714294,0.0,30.417268753051758,-85.07401992708962
391.3782958984375,-205.16375732421875,391.161145441166,-207.66045819352075,392.1871415718498,-195.86400395821533,0.14285001158714294,0.0,30.421667098999023,-85.02921078929107
389.8660888671875,-205.03109741210938,389.6489207376432,-207.50662424789942,390.6834383953123,-195.71402729072943,0.14285001158714294,0.0,30.42854118347168,-84.98650376299061
388.3532409667969,-204.89749145507812,388.13625598645524,-207.35445729118476,389.1774304824858,-195.5650230080134,0.14285001158714294,0.0,30.435928344726562,-84.95306272637814
386.8399353027344,-204.7629852294922,386.6232107498209,-207.20131469741605,387.67077623787924,-195.41534137425367,0.14285001158714294,0.0,30.442108154296875,-84.92076152885068
385.3262939453125,-204.6277313232422,385.1100145448279,-207.04813790822323,386.16278985807764,-195.26641345834202,0.14285001158714294,0.0,30.449403762817383,-84.89380315410712
383.81243896484375,-204.4917755126953,383.5966120593926,-206.89498751534634,384.65412851415044,-195.11964267702598,0.14285001158714294,0.0,30.456043243408203,-84.86816595737261
382.2982482910156,-204.3552703857422,382.0830761721022,-206.742079020691,383.1441121605752,-194.97247860931967,0.14285001158714294,0.0,30.461997985839844,-84.84867880178916
380.7837829589844,-204.2183074951172,380.5692766621813,-206.5902080042859,381.63330955773694,-194.82467848671848,0.14285001158714294,0.0,30.47130012512207,-84.83242975570421
379.2690124511719,-204.08102416992188,379.05544201288774,-206.43753906925994,380.121265247819,-194.67735187596244,0.14285001158714294,0.0,30.477689743041992,-84.82144337827755
377.7539978027344,-203.94345092773438,377.5414288046565,-206.2843505152628,378.608711791112,-194.53097949050766,0.14285001158714294,0.0,30.48468589782715,-84.81139857185383
373.113037109375,-203.52120971679688,372.9038832587468,-205.82007296009562,373.9719321427328,-194.08087564640937,0.14285001158714294,0.0,30.490318298339844,-84.80146072906288
371.5338134765625,-203.37742614746094,371.32588717957543,-205.66115107932686,372.39411073104657,-193.9284900708312,0.14285001158714294,0.0,30.497543334960938,-84.79773451948404
369.9543151855469,-203.2330780029297,369.7468057224235,-205.50370533546177,370.81875242431903,-193.77416084286,0.14285001158714294,0.0,30.506624221801758,-84.7783233683843
368.3742980957031,-203.08840942382812,368.16766013526046,-205.34523333775232,369.2411779657618,-193.6206658540748,0.14285001158714294,0.0,30.511932373046875,-84.76850498460786
366.79425048828125,-202.9429168701172,366.5875703020089,-205.18746152544,367.6667731539811,-193.46732987135232,0.14285001158714294,0.0,30.517986297607422,-84.73897625496053
365.2137451171875,-202.79730224609375,365.0080939117411,-205.02944642089562,366.0876723271776,-193.31167085022523,0.1389000117778778,0.0,30.522668838500977,-84.73610344147127
363.6331787109375,-202.65126037597656,363.42792927297455,-204.872612145066,364.5104819531542,-193.15647623202292,0.1389000117778778,0.0,30.526264190673828,-84.72094855941238
362.0523681640625,-202.50477600097656,361.8475050926665,-204.71558997979153,362.93300338547624,-193.0012542365531,0.1389000117778778,0.0,30.53502655029297,-84.7058569926
360.4712219238281,-202.35745239257812,360.26616799193437,-204.55818761067195,361.357594635325,-192.84448366024006,0.1389000117778778,0.0,30.539592742919922,-84.6768236928448
358.8900451660156,-202.2098846435547,358.6854852143621,-204.40172834432497,359.7786900208034,-192.6881253185073,0.1389000117778778,0.0,30.53999137878418,-84.66815538831453
357.3086853027344,-202.06301879882812,357.1059483627544,-204.24596378706343,358.1939361729732,-192.5311892727944,0.13495001196861267,0.0,30.541889190673828,-84.6939820658566
355.7273254394531,-201.91590881347656,355.525149640175,-204.08919904623082,356.61503613294843,-192.37345622234704,0.13495001196861267,0.0,30.543521881103516,-84.68521214070633
354.1459655761719,-201.76797485351562,353.94330910208384,-203.93429835517514,355.0394639930692,-192.21680394752573,0.13495001196861267,0.0,30.546703338623047,-84.65561548948965
352.5646057128906,-201.6190643310547,352.3613082454643,-203.77798802551064,353.46483552834854,-192.05904617808838,0.13495001196861267,0.0,30.548126220703125,-84.6205416818343
350.9832458496094,-201.46966552734375,350.77983133975874,-203.6227720683384,351.8871849886547,-191.9016299217769,0.13495001196861267,0.0,30.54840850830078,-84.60300629258172
349.4018859863281,-201.3194122314453,349.19783023326596,-203.46702287675356,350.3116701397922,-191.74427355688374,0.13495001196861267,0.0,30.54669761657715,-84.5723218032023
347.8206787109375,-201.16807556152344,347.6155805489376,-203.31099773690184,348.7376023366799,-191.5878045753185,0.13495001196861267,0.0,30.547502517700195,-84.53289841191118
346.2394714355469,-201.0155792236328,346.0331207716444,-203.1551923812829,347.16396120523143,-191.42971001477412,0.13495001196861267,0.0,30.54802894592285,-84.49126164110079
344.65850830078125,-200.86204528808594,344.45096625192036,-202.99913847855257,345.5896911517182,-191.2735086963964,0.1389000117778778,0.0,30.548337936401367,-84.45316153365413
343.0775451660156,-200.70742797851562,342.86874186283796,-202.8424432989775,344.01552932216157,-191.1165330393783,0.1389000117778778,0.0,30.54956817626953,-84.4142683135262
341.49658203125,-200.55125427246094,341.28563267005967,-202.68671722438353,342.4440225363854,-190.96021267626392,0.14285001158714294,0.0,30.552202224731445,-84.3584025926354
339.9156188964844,-200.39346313476562,339.7023530067163,-202.53024669910886,340.8727785187893,-190.80335497626933,0.14285001158714294,0.0,30.55742073059082,-84.30035746149552
338.3344421386719,-200.23439025878906,338.1193665993765,-202.37223080401117,339.2989133183943,-190.64759298995872,0.14285001158714294,0.0,30.56529426574707,-84.25513882669283
336.7530822753906,-200.0741729736328,336.53625065945926,-202.21432167350562,337.72394655021316,-190.49165011787025,0.14285001158714294,0.0,30.565982818603516,-84.21475371018683
335.1717224121094,-199.91270446777344,334.9527775631302,-202.05696532288613,336.1496752506873,-190.33501401428057,0.14285001158714294,0.0,30.56806182861328,-84.16988371705256
333.5903625488281,-199.74966430664062,333.3687501129463,-201.89912864029014,334.57708404879367,-190.17925070154666,0.14285001158714294,0.0,30.572174072265625,-84.11353280075046
332.00897216796875,-199.58485412597656,331.78432564524917,-201.74038753229183,333.0054647726108,-190.0232857008405,0.14285001158714294,0.0,30.581878662109375,-84.05019731554245
330.42724609375,-199.41880798339844,330.20011781204994,-201.58239167031508,331.4299043858504,-189.86766310569837,0.14285001158714294,0.0,30.586505889892578,-84.0071644651187
328.845458984375,-199.25148010253906,328.6155403365031,-201.42495144240686,329.8547010492091,-189.710893798603,0.14285001158714294,0.0,30.592863082885742,-83.96147656937416
327.26336669921875,-199.08306884765625,327.0309882163402,-201.2660833098093,328.277639623658,-189.55476641968156,0.14685001969337463,0.0,30.598941802978516,-83.92383496481624
325.68096923828125,-198.9144744873047,325.4473342187904,-201.10733230803777,326.69490164803165,-189.39788053122214,0.14685001969337463,0.0,30.604639053344727,-83.91844244361423
324.09820556640625,-198.74554443359375,323.86297576073684,-200.94949324422322,325.112675021401,-189.24063181253916,0.14685001969337463,0.0,30.61512565612793,-83.90782357780937
322.51507568359375,-198.5762481689453,322.2781937575169,-200.79138774481996,323.53021808253874,-189.08340867590002,0.14685001969337463,0.0,30.624521255493164,-83.8961180542554
320.9313049316406,-198.4069061279297,320.693257287283,-200.63324575655244,321.94512689510816,-188.9251403254292,0.14685001969337463,0.0,30.63567543029785,-83.89693201236074
319.34698486328125,-198.23794555664062,319.10845136383057,-200.47464141575395,320.3569880931939,-188.76728400495406,0.14685001969337463,0.0,30.643787384033203,-83.91267220168056
317.76220703125,-198.0694580078125,317.523242835717,-200.31713246425673,318.7679940962452,-188.60912069841189,0.14685001969337463,0.0,30.651662826538086,-83.93132723144744
316.1769714355469,-197.90174865722656,315.93823686167383,-200.15833448924124,317.1767676034602,-188.4513961975312,0.14685001969337463,0.0,30.661401748657227,-83.96088055581629
314.59100341796875,-197.73448181152344,314.35195748642707,-200.00103499822106,315.58677668786305,-188.29289431596865,0.14685001969337463,0.0,30.67278480529785,-83.9794588231771
313.004638671875,-197.56719970703125,312.76456686769916,-199.8438415978764,313.99915565370776,-188.1360254391061,0.14285001158714294,0.0,30.681072235107422,-83.98040837366827
311.4177551269531,-197.40045166015625,311.17762847666353,-199.68565401894259,312.4078802926729,-187.9777725803128,0.14285001158714294,0.0,30.689189910888672,-84.00143326345152
309.830322265625,-197.23410034179688,309.5898789349351,-199.52856754643764,310.81673143889833,-187.82114015721424,0.14285001158714294,0.0,30.697908401489258,-84.01765724203545
308.2425231933594,-197.0681915283203,308.0019021460651,-199.3710099721121,309.22518016383265,-187.66385794664959,0.14285001158714294,0.0,30.70322608947754,-84.03482190224697
306.6544494628906,-196.9026641845703,306.4135137348016,-199.21420795638022,307.63377396369594,-187.50699892407857,0.14285001158714294,0.0,30.709030151367188,-84.0494608580545
305.0659484863281,-196.7373809814453,304.82460983209427,-199.05683438435884,306.0425447667009,-187.35152618344569,0.14285001158714294,0.0,30.713266372680664,-84.05976132301745
303.47711181640625,-196.5720977783203,303.23497447378764,-198.89971898746973,304.4524642176228,-187.19621667334675,0.14285001158714294,0.0,30.72577476501465,-84.0610074198336
301.88775634765625,-196.40757751464844,301.6460685866489,-198.74241309121405,302.8573125921402,-187.04113544217125,0.14285001158714294,0.0,30.73106575012207,-84.0901429948603
300.29803466796875,-196.2433319091797,300.056092098432,-198.58507704710436,301.2647812394054,-186.8862597428329,0.14285001158714294,0.0,30.738418579101562,-84.1012891064659
298.70794677734375,-196.07911682128906,298.4654342663707,-198.42735541481025,299.673143931244,-186.73315277988047,0.14285001158714294,0.0,30.74479866027832,-84.10372609053695
297.1175231933594,-195.9142303466797,296.87314984546265,-198.27134991463026,298.08519303533177,-186.58050578358683,0.14285001158714294,0.0,30.751310348510742,-84.08103100286505
295.5267639160156,-195.74964904785156,295.28204684354864,-198.11496002864388,296.49126960574466,-186.4272267258015,0.14285001158714294,0.0,30.75852394104004,-84.09314636083523
293.9355773925781,-195.58494567871094,293.68990401395126,-197.95837720763524,294.8991429051452,-186.2760137118315,0.14285001158714294,0.0,30.763872146606445,-84.09037221585393
292.34423828125,-195.41970825195312,292.09678356356443,-197.80285097126486,293.30959496849727,-186.1227234045046,0.14285001158714294,0.0,30.77166175842285,-84.07191069676547
290.7524108886719,-195.2544708251953,290.50404692897894,-197.64710403260912,291.71608034188364,-185.9708874197138,0.14285001158714294,0.0,30.779760360717773,-84.07371615064487
289.16033935546875,-195.08905029296875,288.91065336149137,-197.49212540039545,290.1237072426861,-185.8172230983846,0.14285001158714294,0.0,30.78157615661621,-84.06809913488772
287.5680236816406,-194.92343139648438,287.3170712088563,-197.3361727217964,288.53096583961803,-185.66538220230944,0.14285001158714294,0.0,30.78951644897461,-84.06194077962435
285.9754333496094,-194.75717163085938,285.7224439953707,-197.18053845176595,286.9406852072025,-185.5110935397519,0.14285001158714294,0.0,30.796297073364258,-84.04014895436197
284.382568359375,-194.5905303955078,284.1279593999204,-197.02424793762492,285.34858612685446,-185.35670613516723,0.14285001158714294,0.0,30.801807403564453,-84.02759586789806
282.7893981933594,-194.4235382080078,282.5331163647782,-196.86856614314678,283.7559945498093,-185.20183448204463,0.14285001158714294,0.0,30.810903549194336,-84.0162470820312
281.19580078125,-194.2556915283203,280.9371661980759,-196.71126230991467,282.16585736135636,-185.04562160894307,0.14285001158714294,0.0,30.817535400390625,-83.9874528977388
279.6020202636719,-194.08717346191406,279.3410905341558,-196.5549487469515,280.57455764414055,-184.8892805435916,0.14285001158714294,0.0,30.823381423950195,-83.96426832230344
278.0079650878906,-193.9186248779297,277.745739054413,-196.39863839099687,278.9793496701727,-184.73171517832387,0.14285001158714294,0.0,30.82830047607422,-83.96421583337668
276.4136657714844,-193.74981689453125,276.1498314880534,-196.24158777675146,277.38535970840223,-184.57269773111022,0.14285001158714294,0.0,30.83171844482422,-83.95591421763294
274.8191223144531,-193.58026123046875,274.5528596295047,-196.08426146238986,275.7939225226772,-184.41299865312766,0.14285001158714294,0.0,30.842206954956055,-83.93026588806454
273.2242736816406,-193.41001892089844,272.9555543855292,-195.9274107672343,274.2018060149304,-184.25238878058744,0.14285001158714294,0.0,30.84906005859375,-83.90702737474714
271.62908935546875,-193.23934936523438,271.3583208151203,-195.77012135853863,272.6078347420733,-184.0913833208522,0.14285001158714294,0.0,30.854909896850586,-83.89312738244637
270.0335388183594,-193.0685272216797,269.7610194337919,-195.6139726854298,271.0119416786032,-183.92983374385452,0.14285001158714294,0.0,30.859153747558594,-83.88910109486842
268.4378662109375,-192.89688110351562,268.1624959466965,-195.45680376444037,269.4198969975022,-183.76763517283626,0.14285001158714294,0.0,30.867794036865234,-83.86031544218906
266.8418273925781,-192.7248077392578,266.56415962105876,-195.30027050110758,267.82496424435095,-183.60587997285404,0.14285001158714294,0.0,30.87354850769043,-83.84655163806553
265.24554443359375,-192.55245971679688,264.9656268852751,-195.145048862419,266.2290326511265,-183.4434170971448,0.14285001158714294,0.0,30.87868881225586,-83.83774059034305
263.6490478515625,-192.380126953125,263.36747626910653,-194.9886156665308,264.6312821079007,-183.28067540609538,0.14285001158714294,0.0,30.884546279907227,-83.83910010990134
262.0520935058594,-192.20761108398438,261.7685242861419,-194.83257016740836,263.03409509705193,-183.11736497297852,0.14285001158714294,0.0,30.892961502075195,-83.83435875927599
260.4548034667969,-192.0347442626953,260.16894465137784,-194.67608072646638,261.43751248986086,-182.95450941987258,0.14285001158714294,0.0,30.899782180786133,-83.82320115941121
258.857177734375,-191.8620147705078,258.5697871986623,-194.52017412299804,259.8378204482704,-182.79176270069533,0.14285001158714294,0.0,30.904993057250977,-83.82935709529427
257.25921630859375,-191.6896209716797,256.97073478119916,-194.36362871418913,258.236695569771,-182.62912016202108,0.14285001158714294,0.0,30.91228675842285,-83.84254112478732
255.66082763671875,-191.51730346679688,255.3706905681615,-194.20856692252232,256.63654545292843,-182.46670639926853,0.14285001158714294,0.0,30.917362213134766,-83.84687775907109
254.062255859375,-191.3452606201172,253.77093181610581,-194.05215836460079,255.03523081113892,-182.30466214148356,0.14285001158714294,0.0,30.923158645629883,-83.85730851604646
252.46327209472656,-191.1734619140625,252.17067638343428,-193.8967408182307,253.43352587431104,-182.14300949231662,0.14285001158714294,0.0,30.93025779724121,-83.86752734294598
250.8639373779297,-191.00148010253906,250.5693684755049,-193.74080624385337,251.833719840395,-181.9830452679336,0.14285001158714294,0.0,30.936582565307617,-83.86237797738232
249.26426696777344,-190.8297882080078,248.96857121055902,-193.58481490577984,250.23087455677492,-181.82380943085175,0.14285001158714294,0.0,30.9443302154541,-83.873921710723
247.6641387939453,-190.65826416015625,247.3671715560263,-193.42863746961393,248.6281962064461,-181.66468310693082,0.14285001158714294,0.0,30.951440811157227,-83.8816026792235
246.06356811523438,-190.48695373535156,245.7654690660475,-193.27212339460658,247.0247595550755,-181.50644459825938,0.14285001158714294,0.0,30.958477020263672,-83.89084175677802
244.46273803710938,-190.3159637451172,244.16377554262655,-193.11488871577419,245.42046374693737,-181.34961360506063,0.14285001158714294,0.0,30.961782455444336,-83.90316335996827
242.86167907714844,-190.1454620361328,242.56216868871135,-192.95794874881747,243.81498019610902,-181.1936966424352,0.14285001158714294,0.0,30.966054916381836,-83.92130560007647
241.26026916503906,-189.97503662109375,240.95951628897902,-192.8010742558419,242.2113563180273,-181.03810433475527,0.14285001158714294,0.0,30.97447967529297,-83.92532687503665
239.6584930419922,-189.80438232421875,239.35587126466726,-192.6448167352442,240.6088233291175,-180.88449931628838,0.14285001158714294,0.0,30.9813175201416,-83.91860996272092
238.05641174316406,-189.6339569091797,237.75276815572744,-192.48835343700853,239.00350799668567,-180.73079422297243,0.14285001158714294,0.0,30.98530387878418,-83.9278535750622
236.45394897460938,-189.4640350341797,236.14992392346102,-192.33116926968168,237.3961984280649,-180.57807101186953,0.14285001158714294,0.0,30.994354248046875,-83.9470914805473
234.85105895996094,-189.2944793701172,234.546391054695,-192.17464940651686,235.78926364013063,-180.4251860801796,0.14285001158714294,0.0,30.999290466308594,-83.9616380483622
233.247802734375,-189.12550354003906,232.94302984904112,-192.01721311516235,234.18091969922375,-180.27201495293215,0.14285001158714294,0.0,31.006654739379883,-83.98350030547977
231.64419555664062,-188.9569549560547,231.3391833386575,-191.85890625396502,232.57309510297821,-180.11920654732717,0.14285001158714294,0.0,31.010114669799805,-83.99990536583559
230.04031372070312,-188.7887725830078,229.73480134361208,-191.70231068687227,230.96548778679195,-179.96579159636923,0.14285001158714294,0.0,31.016788482666016,-84.01386499942979
228.43606567382812,-188.62083435058594,228.13003024481336,-191.5442707366387,229.35815860822075,-179.8124423143964,0.14285001158714294,0.0,31.02338981628418,-84.02384640773352
226.83140563964844,-188.45333862304688,226.52527679366574,-191.38614611417182,227.7494252809005,-179.65843113165656,0.14285001158714294,0.0,31.02932357788086,-84.04099893527044
225.22642517089844,-188.28599548339844,224.91972571152687,-191.22753609929526,226.14202388317878,-179.50452972681094,0.14285001158714294,0.0,31.036985397338867,-84.04756865433565
223.62098693847656,-188.11900329589844,223.31420521409117,-191.06835749449885,224.5331565057801,-179.34953976754727,0.14285001158714294,0.0,31.042898178100586,-84.0616443443832
222.01531982421875,-187.95223999023438,221.70824451732753,-190.90888995535974,222.92497700538289,-179.19367877541856,0.14285001158714294,0.0,31.047163009643555,-84.0705648091589
220.40933227539062,-187.78564453125,220.10196045209793,-190.74872242111604,221.3168533414391,-179.0371015561994,0.14285001158714294,0.0,31.053865432739258,-84.07766379591362
218.8029327392578,-187.6192169189453,218.4953440325569,-190.58813745395514,219.70833027394377,-178.88010109799222,0.14285001158714294,0.0,31.060022354125977,-84.08509486689444
217.1962890625,-187.452880859375,216.88838181527169,-190.4269637675862,218.100110248199,-178.72285204497229,0.14285001158714294,0.0,31.065719604492188,-84.08921759763935
215.5892333984375,-187.28680419921875,215.28135794097057,-190.26598861491323,216.49064918549593,-178.56417366880774,0.14285001158714294,0.0,31.072980880737305,-84.09987256987853
213.98184204101562,-187.1207733154297,213.6736317415458,-190.1046433059408,214.8820552153332,-178.4055581505587,0.14285001158714294,0.0,31.07823944091797,-84.10271056126048
212.37417602539062,-186.95494079589844,212.06594845560667,-189.94305790598654,213.27246876369665,-178.24642746244942,0.14285001158714294,0.0,31.083515167236328,-84.11070597982615
210.76625061035156,-186.78907775878906,210.4575545905647,-189.78166841905397,211.6639726479336,-178.08629439592957,0.14285001158714294,0.0,31.089479446411133,-84.11057340044441
209.1578826904297,-186.62310791015625,208.848635827841,-189.61993376269126,210.05533242546372,-177.92617063232257,0.14285001158714294,0.0,31.097644805908203,-84.10841741317881
207.54928588867188,-186.45721435546875,207.23966308640732,-189.459490425882,208.4456477859291,-177.7655874633831,0.14285001158714294,0.0,31.10111427307129,-84.11193867494605
205.94032287597656,-186.2915496826172,205.6306889552327,-189.29876611191034,206.83479324282015,-177.60430386592552,0.14285001158714294,0.0,31.108478546142578,-84.12133437503113
204.33096313476562,-186.12623596191406,204.02158428504413,-189.13809646209654,205.22298850839718,-177.44220345477964,0.14285001158714294,0.0,31.115795135498047,-84.13513712405009
202.72128295898438,-185.96128845214844,202.41209809956294,-188.9785436963747,203.6108923626302,-177.2798198851359,0.14285001158714294,0.0,31.119007110595703,-84.14919583842548
201.111328125,-185.79672241210938,200.8024069723199,-188.81890793081868,201.9985059610964,-177.11743326175866,0.14285001158714294,0.0,31.125446319580078,-84.16362227160181
199.50106811523438,-185.63238525390625,199.19221294594658,-188.65870707516368,200.38668848131115,-176.95462135120587,0.14285001158714294,0.0,31.130290985107422,-84.17278068426774
197.89039611816406,-185.46864318847656,197.58221228993102,-188.50013702472626,198.7726028668544,-176.7906916675087,0.14285001158714294,0.0,31.13800048828125,-84.19521262372602
196.279296875,-185.30560302734375,195.9721296294765,-188.34090987045064,197.1574759853253,-176.62777978319795,0.14285001158714294,0.0,31.144699096679688,-84.22144929233501
194.66783142089844,-185.1433868408203,194.3618977114679,-188.18255090057494,195.54149275949993,-176.4643820145232,0.14285001158714294,0.0,31.148218154907227,-84.25175471572815
193.05606079101562,-184.98208618164062,192.75165415378967,-188.02382004632133,193.9249156572595,-176.30019509598415,0.14285001158714294,0.0,31.15414047241211,-84.28505675678683
191.44383239746094,-184.8216552734375,191.1410242085861,-187.86468460845055,192.30803724657915,-176.13694725051755,0.14285001158714294,0.0,31.160816192626953,-84.31727341273593
189.83120727539062,-184.66224670410156,189.53022816456956,-187.70704208336096,190.69014048731384,-175.97301950949026,0.14285001158714294,0.0,31.16489028930664,-84.35463176431927
188.21826171875,-184.50396728515625,187.91937985980545,-187.5497212407711,189.0713944432307,-175.81012290320723,0.14285001158714294,0.0,31.1710147857666,-84.39547097237289
186.6048583984375,-184.3466796875,186.30784690732037,-187.39332375276607,187.45299149290202,-175.64681541932978,0.14285001158714294,0.0,31.178342819213867,-84.43193925690774
184.99098205566406,-184.190185546875,184.6956531190471,-187.2358227971835,185.8352259043849,-175.4837562228053,0.14285001158714294,0.0,31.185081481933594,-84.46146654879831
183.3768310546875,-184.0341796875,183.08263366302768,-187.07816160032618,184.21885761440635,-175.32195554627748,0.14285001158714294,0.0,31.187957763671875,-84.47957420346721
181.76242065429688,-183.87855529785156,181.46922579685614,-186.92008900771975,182.6027538505584,-175.16113860691502,0.14285001158714294,0.0,31.193321228027344,-84.49386922872252
180.14768981933594,-183.72320556640625,179.85529896932707,-186.76236448208147,180.9868949361359,-175.00036860784374,0.14285001158714294,0.0,31.19983673095703,-84.5046113876598
178.5325469970703,-183.56822204589844,178.24130246660252,-186.60339321356773,179.3700312948386,-174.84047636126976,0.14285001158714294,0.0,31.207111358642578,-84.51887677208559
176.9169921875,-183.4134979248047,176.62673463499397,-186.4442275980475,177.75346958511315,-174.67940350398746,0.14285001158714294,0.0,31.212894439697266,-84.5293818883991
175.30120849609375,-183.2586669921875,175.01116895120876,-186.28545988535421,176.13859889555692,-174.51983342759152,0.14285001158714294,0.0,31.219579696655273,-84.52639901742477
173.6850128173828,-183.10397338867188,173.3958139817388,-186.12544226543054,174.52184988804163,-174.3609327803554,0.14285001158714294,0.0,31.224048614501953,-84.53261005301087
172.06863403320312,-182.94956970214844,171.78063324082603,-185.96451306980316,172.90428868164383,-174.2014984931385,0.14285001158714294,0.0,31.22767448425293,-84.54340924241922
170.4519500732422,-182.79566955566406,170.16561960137912,-185.8035021775521,171.2851083432507,-174.04354266039624,0.14285001158714294,0.0,31.234655380249023,-84.56211787745463
168.83486938476562,-182.64208984375,168.54987078913084,-185.64291410302366,169.66663695182396,-173.88419302764055,0.14285001158714294,0.0,31.240718841552734,-84.57469580433965
167.21742248535156,-182.48855590820312,166.93334351469392,-185.4812665987896,168.04918899252687,-173.72607513628006,0.14285001158714294,0.0,31.24840545654297,-84.5775239152316
165.7240753173828,-182.3468475341797,165.4408001953685,-185.33204939067764,166.55600884805614,-173.57978919672536,0.14285001158714294,0.0,31.254915237426758,-84.57925648616829
164.23048400878906,-182.20530700683594,163.94833083530875,-185.1826982566145,165.0616254458482,-173.4347756975328,0.14285001158714294,0.0,31.257219314575195,-84.58651868207409
162.73666381835938,-182.06365966796875,162.45506616888204,-185.03340310071468,163.5687336829421,-173.28860767262393,0.14285001158714294,0.0,31.265399932861328,-84.58328290634388
161.24252319335938,-181.92190551757812,160.96153417967793,-184.8836325595251,162.07548206411525,-173.14221416941717,0.14285001158714294,0.0,31.268659591674805,-84.58037828407633
159.74830627441406,-181.77999877929688,159.4678010466907,-184.73359817981407,160.58248484206928,-172.99645724836813,0.14285001158714294,0.0,31.27167320251465,-84.57485461879111
158.2537841796875,-181.63809204101562,157.9741015855177,-184.58363093197923,159.08814839178527,-172.85080142231502,0.14285001158714294,0.0,31.280149459838867,-84.57595580557995
156.75894165039062,-181.49603271484375,156.4798252911841,-184.4330803245134,157.59432413802534,-172.70558365108204,0.14285001158714294,0.0,31.28464698791504,-84.57131532615877
155.26390075683594,-181.35394287109375,154.9854318319538,-184.28393715707182,156.09975257502296,-172.55927735411066,0.14285001158714294,0.0,31.290023803710938,-84.57087222516353
153.7686004638672,-181.21177673339844,153.4907521496274,-184.1341791593125,154.60513636651294,-172.41311060528062,0.14285001158714294,0.0,31.2955379486084,-84.56891122630608
152.27304077148438,-181.06936645507812,151.99541613770583,-183.98491592797393,153.11115246920727,-172.2677119143179,0.14285001158714294,0.0,31.301450729370117,-84.5605783282895
150.77725219726562,-180.92694091796875,150.50034106519468,-183.83513081026038,151.61566151936526,-172.1217567496825,0.14285001158714294,0.0,31.305225372314453,-84.56082643128283
149.2812042236328,-180.78448486328125,149.00490526904025,-183.68612700156623,150.11995123050332,-171.97611400974444,0.14285001158714294,0.0,31.31188201904297,-84.56060560884981
147.78489685058594,-180.6419677734375,147.5091586654902,-183.53698253862598,148.62418090322726,-171.83020409355373,0.14285001158714294,0.0,31.31764793395996,-84.55922680421435
146.28831481933594,-180.4993438720703,146.0129772695227,-183.3885176054265,147.12841345501454,-171.6840155113817,0.14285001158714294,0.0,31.322895050048828,-84.55616688401696
144.79144287109375,-180.35691833496094,144.51723599017342,-183.2387932879719,145.63058197997856,-171.53768676837734,0.14285001158714294,0.0,31.328073501586914,-84.56473949689224
143.29434204101562,-180.21456909179688,143.02088234175557,-183.0905713356816,144.13329586360445,-171.39121017342615,0.14285001158714294,0.0,31.33254051208496,-84.56845916494402
141.79701232910156,-180.07225036621094,141.52431867236297,-182.9412495987725,142.6360645630923,-171.24461482753,0.1389000117778778,0.0,31.336078643798828,-84.5704417730516
140.2995147705078,-179.93016052246094,140.02792483089124,-182.79247116184774,141.13755171746965,-171.09801426227693,0.1389000117778778,0.0,31.339683532714844,-84.57972569541292
138.80189514160156,-179.78817749023438,138.5311438525551,-182.64402891606267,139.63967249591087,-170.95140459708543,0.1389000117778778,0.0,31.342357635498047,-84.58421482410792
137.30409240722656,-179.64642333984375,137.03443636324198,-182.49566308984663,138.14089704831252,-170.80457796104963,0.1389000117778778,0.0,31.34434700012207,-84.59355058127463
135.80615234375,-179.5047149658203,135.537250000417,-182.34716937980298,136.6430757986027,-170.65794651105202,0.1389000117778778,0.0,31.348421096801758,-84.59577869754087
134.30799865722656,-179.36306762695312,134.03976943098317,-182.20003306056879,135.1450206705842,-170.5101825318876,0.1389000117778778,0.0,31.35334014892578,-84.59885828278955
132.8097686767578,-179.2216033935547,132.5425990786359,-182.0511631498263,133.64617118570928,-170.3633691632746,0.1389000117778778,0.0,31.352066040039062,-84.60607211771449
131.3114776611328,-179.08058166503906,131.04565152235133,-181.90486214753548,132.14587940926754,-170.2154467967374,0.1389000117778778,0.0,31.352886199951172,-84.62306321835342
129.81312561035156,-178.93966674804688,129.54813673894054,-181.7573004477843,130.64750321475097,-170.0677075448413,0.1389000117778778,0.0,31.353927612304688,-84.62732951474332
128.31472778320312,-178.79843139648438,128.04963093721383,-181.61090386615845,129.15158583155826,-169.9200148568965,0.1389000117778778,0.0,31.35713768005371,-84.61534756279578
126.81617736816406,-178.65707397460938,126.55125671472028,-181.46553602707695,127.65427503623881,-169.7722797297958,0.1389000117778778,0.0,31.361419677734375,-84.6112665006902
125.31745910644531,-178.51560974121094,125.05286762016256,-181.31877830799894,126.15665371829797,-169.62490811504665,0.1389000117778778,0.0,31.362598419189453,-84.60781909551741
123.81871032714844,-178.3740692138672,123.55437615250696,-181.17305922051173,124.65905641682366,-169.47578615866234,0.1389000117778778,0.0,31.364158630371094,-84.60503736632819
122.31990051269531,-178.23263549804688,122.05606063252834,-181.02861522285875,123.16027600226387,-169.32695820401725,0.1389000117778778,0.0,31.364456176757812,-84.60930284084289
120.82106018066406,-178.09127807617188,120.55773597375745,-180.8833560334282,121.66168548127857,-169.1779639538962,0.1389000117778778,0.0,31.365201950073242,-84.61230269606723
119.32215881347656,-177.94984436035156,119.0590565018045,-180.73817819141954,120.16389893377304,-169.02916084573687,0.1389000117778778,0.0,31.366073608398438,-84.6096301645533
117.8232421875,-177.8081512451172,117.55993954605701,-180.59352798180356,118.66723389436419,-168.879889631894,0.1389000117778778,0.0,31.3693904876709,-84.59985688611303
116.3241195678711,-177.6664276123047,116.0610865274164,-180.44873549441405,117.16892298903691,-168.7302756616621,0.1389000117778778,0.0,31.371538162231445,-84.59943849315604
114.82500457763672,-177.52462768554688,114.56211762862391,-180.30387993914772,115.67102735447558,-168.58043810916558,0.1389000117778778,0.0,31.37336540222168,-84.59652108031037
113.32575225830078,-177.38272094726562,113.0630524810598,-180.1581582174606,114.17304753860738,-168.43100075731678,0.1389000117778778,0.0,31.372926712036133,-84.59296738488248
111.82661437988281,-177.24073791503906,111.56414865168131,-180.0120008523284,112.67520291435297,-168.28085591177668,0.13495001196861267,0.0,31.372905731201172,-84.58966708945226
110.32740020751953,-177.098876953125,110.06563825028091,-179.86522810979778,111.17584447335118,-168.1323533187672,0.13495001196861267,0.0,31.374134063720703,-84.59456453538922
108.82808685302734,-176.9574432373047,108.56760747275976,-179.7187382449336,109.67478852866356,-167.9817112331685,0.13095000386238098,0.0,31.373367309570312,-84.61110263092597
107.32913970947266,-176.81626892089844,107.06969143262754,-179.5710140004359,108.1751929488779,-167.8331258196258,0.13095000386238098,0.0,31.362472534179688,-84.6196217616513
105.8304214477539,-176.67527770996094,105.57202339033566,-179.4220155021276,106.67624312422207,-167.68430313607533,0.13095000386238098,0.0,31.361251831054688,-84.62574351071324
104.3317642211914,-176.53445434570312,104.07438330713258,-179.27352941940586,105.17733467105468,-167.53580364641056,0.13095000386238098,0.0,31.359384536743164,-84.63188670200076
102.8332748413086,-176.39382934570312,102.57708724581015,-179.1237450158338,103.67852334721445,-167.38692510064186,0.13095000386238098,0.0,31.35352897644043,-84.63880721898202
101.33494567871094,-176.25306701660156,101.07932012743798,-178.9740451406636,102.18177091649697,-167.2391287172216,0.13095000386238098,0.0,31.350812911987305,-84.6330317479686
99.83683776855469,-176.1123046875,99.58198907660078,-178.8246130426258,100.68440371666752,-167.09181419582325,0.13095000386238098,0.0,31.34684944152832,-84.63224374103469
98.33907318115234,-175.97134399414062,98.0846216311228,-178.6749950032362,99.18860692445033,-166.94470311865112,0.13095000386238098,0.0,31.337738037109375,-84.62349877936983
96.84162139892578,-175.83042907714844,96.58795435363837,-178.52605688693419,97.6916471413324,-166.79751339955695,0.13095000386238098,0.0,31.333343505859375,-84.62411838143478
95.34443664550781,-175.68954467773438,95.09143497054426,-178.37820468494618,96.19497972297347,-166.65078571646598,0.13095000386238098,0.0,31.326244354248047,-84.62432281542422
93.84749603271484,-175.548583984375,93.59489531731072,-178.23109256671418,94.69916288929949,-166.50425626571817,0.13095000386238098,0.0,31.322675704956055,-84.62055669953732
92.35082244873047,-175.40792846679688,92.09931501736556,-178.08414433931364,93.20137845551956,-166.357414637125,0.13095000386238098,0.0,31.316295623779297,-84.631182823797
90.85440826416016,-175.26760864257812,90.6040161129822,-177.9378683069835,91.70371154990713,-166.2103746354099,0.13095000386238098,0.0,31.310298919677734,-84.64299856243466
89.3582763671875,-175.1268768310547,89.10769065557857,-177.79087491368637,90.21075678303019,-166.06408478794677,0.13095000386238098,0.0,31.304927825927734,-84.62635422595895
87.86250305175781,-174.9856719970703,87.61138738220419,-177.64572340611863,88.71864325240898,-165.91663639633208,0.12700000405311584,0.0,31.29892921447754,-84.60711388126853
86.36705780029297,-174.84402465820312,86.11559000721056,-177.49890204643302,87.22649423411195,-165.77050344580994,0.12700000405311584,0.0,31.291683197021484,-84.58913415681634
84.87203979492188,-174.70181274414062,84.61971752372331,-177.3543776933206,85.73574177899714,-165.62205296466269,0.12700000405311584,0.0,31.283315658569336,-84.56615323963285
83.37754821777344,-174.5584259033203,83.12332225725474,-177.20817084863074,84.24906437093361,-165.47479212775715,0.12700000405311584,0.0,31.27336883544922,-84.5196138724958
81.88378143310547,-174.41371154785156,81.62717458914247,-177.0624520890978,82.76416252104568,-165.32626460621825,0.12700000405311584,0.0,31.261884689331055,-84.4665211777716
80.3905258178711,-174.26795959472656,80.13210312886109,-176.91554765920492,81.27787910925932,-165.1768616255228,0.12700000405311584,0.0,31.253721237182617,-84.4251994819793
78.77338409423828,-174.108642578125,78.51253781093949,-176.75635352059112,79.66920961170408,-165.01559745155265,0.13495001196861267,0.0,31.24706268310547,-84.37351012889918
77.15654754638672,-173.9483642578125,76.89401446431417,-176.59671421111506,78.05816845336187,-164.85310027037963,0.13495001196861267,0.0,31.24378776550293,-84.33871880487499
75.54006958007812,-173.78704833984375,75.27566306232298,-176.43655320880762,76.44793994402292,-164.6896668906949,0.13495001196861267,0.0,31.240755081176758,-84.30105401125861
73.923828125,-173.6247100830078,73.65750616512672,-176.27621441928912,74.83763393995912,-164.5268494257938,0.13495001196861267,0.0,31.234249114990234,-84.26434335123227
72.30816650390625,-173.46121215820312,72.03948292922394,-176.11630237021078,73.2287922563016,-164.36372852156012,0.13495001196861267,0.0,31.227378845214844,-84.22158760777548
70.69279479980469,-173.29647827148438,70.4215549603821,-175.95624166537775,71.62037735446157,-164.20065322991803,0.1389000117778778,0.0,31.22589874267578,-84.1771669695696
69.07730865478516,-173.1306915283203,68.8038940794196,-175.79494229964004,70.01048356372598,-164.03749681623214,0.1389000117778778,0.0,31.22869300842285,-84.14062212265536
67.4625244140625,-172.96392822265625,67.18665036074654,-175.63524174660543,68.40124962975408,-163.87416666730954,0.1389000117778778,0.0,31.21852684020996,-84.10380608450409
65.84794616699219,-172.79583740234375,65.56915924558801,-175.47369511063533,66.79364027221183,-163.7120746612756,0.1389000117778778,0.0,31.21212387084961,-84.05645141852187
64.23343658447266,-172.62745666503906,63.95332427866935,-175.31329834230132,65.18021677954724,-163.5493060288317,0.1389000117778778,0.0,31.221149444580078,-84.04602238034681
62.61876678466797,-172.45921325683594,62.338194811324094,-175.15192554118892,63.56402567091615,-163.3873512865932,0.1389000117778778,0.0,31.219863891601562,-84.05142960289888
61.00417709350586,-172.2903594970703,60.72183951160687,-174.99008824338006,61.952151383997176,-163.2257729635012,0.1389000117778778,0.0,31.21894645690918,-84.02971095804338
59.38977813720703,-172.12063598632812,59.1052057871705,-174.82746960579257,60.341787093215125,-163.0651889345569,0.1389000117778778,0.0,31.216541290283203,-83.99847854719451
57.77548599243164,-171.95045471191406,57.489454930676125,-174.66366565561785,58.729078873036656,-162.90493838366632,0.1389000117778778,0.0,31.218509674072266,-83.98201513342902
56.16106414794922,-171.78013610839844,55.87424250517951,-174.4988709735259,57.11429075745668,-162.74465889472123,0.1389000117778778,0.0,31.218799591064453,-83.97767485935931
54.546722412109375,-171.60964965820312,54.25891767336389,-174.33488207988268,55.49976775764692,-162.58523231778346,0.1389000117778778,0.0,31.218334197998047,-83.97148668351306
52.93238067626953,-171.43905639648438,52.643613442973624,-174.17169068670117,53.88487992581146,-162.42545716988215,0.1389000117778778,0.0,31.21879768371582,-83.96773759734101
51.31793212890625,-171.2685089111328,51.02866913722214,-174.0067504968572,52.26904089745877,-162.26505649077714,0.1389000117778778,0.0,31.220775604248047,-83.96974038893269
49.70344543457031,-171.09811401367188,49.413781434229676,-173.84267198663164,50.65267475050762,-162.10419387116463,0.1389000117778778,0.0,31.220306396484375,-83.97523723632897
48.08900833129883,-170.9275665283203,47.798470226622435,-173.67785918222165,49.038032148774484,-161.94391449931075,0.1389000117778778,0.0,31.220211029052734,-83.96969795783431
46.47457504272461,-170.7567901611328,46.18296807236781,-173.51349477944467,47.42376221234284,-161.78365535942604,0.1389000117778778,0.0,31.221555709838867,-83.9616506304145
44.860050201416016,-170.58580017089844,44.56734216808718,-173.34961336494695,45.80940367099224,-161.62179732071772,0.1389000117778778,0.0,31.222820281982422,-83.95449350227229
43.24555206298828,-170.4145050048828,42.95151796115943,-173.18584713367147,44.195648886061164,-161.4596139366938,0.1389000117778778,0.0,31.223346710205078,-83.9436844303751
41.63098907470703,-170.2431182861328,41.33590436675666,-173.02298857794588,42.58069773362889,-161.29630804594055,0.1389000117778778,0.0,31.225378036499023,-83.94071314002184
40.01626968383789,-170.07199096679688,39.72073006170802,-172.86063722430316,40.9637465456848,-161.13180966108322,0.1389000117778778,0.0,31.227014541625977,-83.95039767500984
38.40151596069336,-169.90121459960938,38.10568027082783,-172.69845047900313,39.34636568907274,-160.96731091118158,0.1389000117778778,0.0,31.226104736328125,-83.96284004078208
36.78675079345703,-169.73101806640625,36.49100516482006,-172.53694913032186,37.72778692693288,-160.8027964343357,0.1389000117778778,0.0,31.225849151611328,-83.98322961443196
35.17182159423828,-169.56137084960938,34.87618357770923,-172.37564905768355,36.109353456243724,-160.63668815962845,0.1389000117778778,0.0,31.229053497314453,-84.00311196216751
33.556739807128906,-169.3919677734375,33.260724511369816,-172.21416512480815,34.49242447598354,-160.47118958395924,0.1389000117778778,0.0,31.230642318725586,-84.01224102190162
31.941560745239258,-169.22299194335938,31.645487786634607,-172.05304665182777,32.87442081049545,-160.30611877647996,0.1389000117778778,0.0,31.231868743896484,-84.02759036636654
30.326213836669922,-169.05445861816406,30.03012150081705,-171.89242457425445,31.25609814527856,-160.14176588218834,0.1389000117778778,0.0,31.23360824584961,-84.0437325007572
28.710886001586914,-168.88619995117188,28.414441224605884,-171.73214844453932,29.638875525489144,-159.97725436506246,0.1389000117778778,0.0,31.232036590576172,-84.05330008201445
27.095487594604492,-168.71871948242188,26.799649504813257,-171.57216491722565,28.01875481191653,-159.81353547382406,0.1389000117778778,0.0,31.23290252685547,-84.08086466265256
25.479948043823242,-168.55152893066406,25.183897979489554,-171.41222041659938,26.401077998570667,-159.65077552290296,0.1389000117778778,0.0,31.23688507080078,-84.09155101069953
23.864213943481445,-168.38433837890625,23.567524797786096,-171.25155046033808,24.784531539971038,-159.49036376037128,0.1389000117778778,0.0,31.23872947692871,-84.09225741142428
22.24842643737793,-168.21722412109375,21.95120517857852,-171.09098488096424,23.167520995210435,-159.33072022302588,0.1389000117778778,0.0,31.239652633666992,-84.09512803117912
20.63258171081543,-168.05032348632812,20.335113142591116,-170.93025871220874,21.549721965508752,-159.17105082121532,0.1389000117778778,0.0,31.23954200744629,-84.10283039423865
19.0167179107666,-167.8831787109375,18.71814569857691,-170.76961071726438,19.93411714679445,-159.01426724047465,0.1389000117778778,0.0,31.241436004638672,-84.0943342155763
17.400758743286133,-167.7162628173828,17.10191370824424,-170.6094646793957,18.315901535934422,-158.85651103557203,0.1389000117778778,0.0,31.24216651916504,-84.10270977615106
15.784748077392578,-167.5494384765625,15.485417441991862,-170.44902433470338,16.698340050495563,-158.69956461793075,0.1389000117778778,0.0,31.24310302734375,-84.10610814720856
14.1686429977417,-167.3824920654297,13.868562719969987,-170.2873838682496,15.081844709174023,-158.54235040214124,0.1389000117778778,0.0,31.246702194213867,-84.10216795059138
12.552369117736816,-167.2157745361328,12.252234392287766,-170.12548606599788,13.46322845054376,-158.38528050120152,0.1389000117778778,0.0,31.24764060974121,-84.11080773284613
10.936100006103516,-167.0492706298828,10.635915525047588,-169.96318968109045,11.844886436976248,-158.22759508861566,0.1389000117778778,0.0,31.246753692626953,-84.11828366633027
9.319742202758789,-166.8831024169922,9.019726308111533,-169.80142851561692,10.22581755670139,-158.06949153867427,0.1389000117778778,0.0,31.248485565185547,-84.13037892316932
7.703306674957275,-166.7170867919922,7.403410342951291,-169.6370714965152,8.607821302482115,-157.91014720815903,0.1389000117778778,0.0,31.25031280517578,-84.13601127283236
6.086776256561279,-166.551513671875,5.787510496483831,-169.47331767005534,6.988171635114555,-157.7509725731651,0.1389000117778778,0.0,31.250669479370117,-84.15187382915524
4.59446907043457,-166.3992919921875,4.296362465910786,-169.32178390711022,5.491639271310861,-157.60387243897404,0.1389000117778778,0.0,31.25257682800293,-84.17573131717461
3.1019864082336426,-166.24757385253906,2.8047919928430116,-169.1711366730513,3.9956823125217777,-157.45610273695084,0.1389000117778778,0.0,31.25495719909668,-84.19554371347219
1.609387993812561,-166.0963592529297,1.3132023024384534,-169.01992810449048,2.4996764599533297,-157.30856259591494,0.1389000117778778,0.0,31.25643539428711,-84.21512295067927
0.11670103669166565,-165.945556640625,-0.17858973858848842,-168.8684283474376,1.0042529406321352,-157.16031658057216,0.1389000117778778,0.0,31.25553321838379,-84.23111741603232
-1.3760080337524414,-165.795166015625,-1.670515386266176,-168.71831229824556,-0.4910120094095316,-157.01109724243094,0.1389000117778778,0.0,31.256591796875,-84.2468565851004
-2.8687586784362793,-165.64512634277344,-3.1625742099656238,-168.56830869696628,-1.9858892504806014,-156.86142345469582,0.1389000117778778,0.0,31.256935119628906,-84.26035118644188
-4.361613750457764,-165.4951629638672,-4.655422627587858,-168.4199708444818,-3.4794130670067585,-156.71303379049093,0.1389000117778778,0.0,31.259002685546875,-84.26364889667926
-5.854556083679199,-165.34519958496094,-6.148520575347191,-168.2717276298473,-4.972470310212425,-156.56370104614643,0.1389000117778778,0.0,31.26175880432129,-84.26398194564725
-7.347601413726807,-165.1952362060547,-7.64187924268699,-168.12508575645876,-6.465704168167228,-156.41500883542625,0.1389000117778778,0.0,31.262542724609375,-84.26437500303278
-8.840682983398438,-165.04527282714844,-9.135415286253904,-167.97971837372071,-7.958999066951298,-156.26695631064678,0.1389000117778778,0.0,31.263303756713867,-84.26451328823369
-10.333784103393555,-164.89540100097656,-10.628857024930456,-167.83507099019604,-9.452778901431705,-156.11836873700582,0.1389000117778778,0.0,31.26309585571289,-84.26806603661832
-11.826857566833496,-164.7457275390625,-12.122145403219639,-167.69138288067467,-10.947243239121752,-155.97110046775148,0.1389000117778778,0.0,31.261667251586914,-84.27549684333322
-13.319969177246094,-164.5962371826172,-13.615744725133574,-167.55044717400548,-12.441619189139995,-155.8232661600566,0.1389000117778778,0.0,31.264354705810547,-84.2825986878166
-14.81320858001709,-164.44696044921875,-15.109434291604503,-167.41015434143472,-13.936435106148494,-155.67645302532907,0.1389000117778778,0.0,31.265819549560547,-84.2912002678553
-16.306665420532227,-164.29795837402344,-16.603182847190777,-167.26997053287886,-15.431903779851151,-155.53016937254182,0.1389000117778778,0.0,31.271289825439453,-84.30245903535874
-17.800281524658203,-164.1489715576172,-18.097713155226792,-167.13077010872078,-16.925951679645337,-155.38367830329133,0.1389000117778778,0.0,31.271820068359375,-84.30364213186019
-19.29391860961914,-163.9999237060547,-19.5926244717547,-166.99331239635606,-18.41967268943408,-155.238937793979,0.1389000117778778,0.0,31.27301788330078,-84.30140339326884
-20.787574768066406,-163.8509979248047,-21.087165232921738,-166.85575062166686,-19.914503581554147,-155.094500939855,0.1389000117778778,0.0,31.27151870727539,-84.30611210021436
-22.281204223632812,-163.7023162841797,-22.58148294499123,-166.71886319081457,-21.409933839299264,-154.94968815650464,0.13495001196861267,0.0,31.271455764770508,-84.31528419500808
-23.774831771850586,-163.5536346435547,-24.07634244541281,-166.58255365615878,-22.904010131334157,-154.80552568812504,0.13095000386238098,0.0,31.27153968811035,-84.31527698322533
-25.268415451049805,-163.4047393798828,-25.571689614991445,-166.4469136600818,-24.39689501171517,-154.6624283608613,0.12700000405311584,0.0,31.270999908447266,-84.30699677921625
-26.7618350982666,-163.2556915283203,-27.066676279959545,-166.31011871561944,-25.890014040541736,-154.52027747964692,0.12700000405311584,0.0,31.264699935913086,-84.30057915550643
-28.2548885345459,-163.1066436767578,-28.561130874648086,-166.17435765874734,-27.38349386475893,-154.3776429401364,0.11904999613761902,0.0,31.256610870361328,-84.2991904282876
-29.74748420715332,-162.95753479003906,-30.055361233001918,-166.03941627000503,-28.876201748249535,-154.23590554045919,0.11509999632835388,0.0,31.245283126831055,-84.29513377560568
-31.363710403442383,-162.7957763671875,-31.673736436077178,-165.89343389031836,-30.491675700307106,-154.0827504459733,0.11509999632835388,0.0,31.229084014892578,-84.28464029685007
-32.97895812988281,-162.63385009765625,-33.29101803833067,-165.74671164317797,-32.106471851104764,-153.93062064497784,0.09920001029968262,0.0,31.208478927612305,-84.27530639194848
-34.59283447265625,-162.4716033935547,-34.90736353808972,-165.6002402470957,-33.718994763182856,-153.77947468558207,0.09525001049041748,0.0,31.179452896118164,-84.25921175785352
-36.20531463623047,-162.30967712402344,-36.520990246825235,-165.4532106697648,-35.333590828963445,-153.62895254855735,0.09525001049041748,0.0,31.152877807617188,-84.26554630420945
-37.816287994384766,-162.14828491210938,-38.13263220259803,-165.30594714000762,-36.94782853506376,-153.4795577473303,0.09525001049041748,0.0,31.12120246887207,-84.27902334266255
-39.425743103027344,-161.9879608154297,-39.741543638140115,-165.1582065556242,-38.56340232761879,-153.33112884122562,0.09920001029968262,0.0,31.089519500732422,-84.31131069625476
-41.033599853515625,-161.82894897460938,-41.348225822853166,-165.0103063255373,-40.178510447951766,-153.18266662284105,0.10715001821517944,0.0,31.055822372436523,-84.35199819600923
-42.640079498291016,-161.6718292236328,-42.9521083218988,-164.8621853093161,-41.79535569202588,-153.03490361887827,0.11110001802444458,0.0,31.03118896484375,-84.41402310486842
-44.24551010131836,-161.51669311523438,-44.55449740607115,-164.71425737102345,-43.411631095680754,-152.88727157892546,0.11509999632835388,0.0,31.007474899291992,-84.48052656452131
-45.85011291503906,-161.36366271972656,-46.15547332764595,-164.56552451745625,-45.02770340371936,-152.74027380724806,0.11509999632835388,0.0,30.9903564453125,-84.55219875025077
-47.453914642333984,-161.21287536621094,-47.75521145077898,-164.4175230408746,-46.64360799534857,-152.59430643603133,0.11904999613761902,0.0,30.96935272216797,-84.62891409261879
-49.056907653808594,-161.06423950195312,-49.35404685220113,-164.26879622745662,-48.25803153258258,-152.44860123891573,0.11904999613761902,0.0,30.950153350830078,-84.70245591301013
-50.65903091430664,-160.91775512695312,-50.95181769283806,-164.12001139661652,-49.871389270152,-152.3031912935267,0.12305000424385071,0.0,30.929594039916992,-84.77589159978568
-52.26039505004883,-160.7734375,-52.548603665560904,-163.97143174531044,-51.483955911873814,-152.15798410244733,0.12700000405311584,0.0,30.913808822631836,-84.85031975770417
-53.86116409301758,-160.63111877441406,-54.145031923310725,-163.82400033765984,-53.094873799443064,-152.01205775604637,0.12700000405311584,0.0,30.899742126464844,-84.91939269026044
-55.46143341064453,-160.4906463623047,-55.74110134538667,-163.6766386035675,-54.7044290674345,-151.8668119341885,0.12700000405311584,0.0,30.887304306030273,-84.98340745807124
-57.06120681762695,-160.35198974609375,-57.336592209270414,-163.529293781499,-56.31319621920166,-151.72169502087598,0.11904999613761902,0.0,30.874963760375977,-85.04640170279517
-58.660396575927734,-160.21536254882812,-58.93102323789532,-163.38298506325535,-57.92233865867592,-151.576565252802,0.11509999632835388,0.0,30.857980728149414,-85.11677816038134
-60.25879669189453,-160.08070373535156,-60.52475625705932,-163.23764377385763,-59.53014580729001,-151.43161773509593,0.11509999632835388,0.0,30.838016510009766,-85.18443102750196
-61.85622024536133,-159.94813537597656,-62.11714881673576,-163.09227510623376,-61.13733626058835,-151.28571988784321,0.11110001802444458,0.0,30.815509796142578,-85.25595962854575
-63.45267868041992,-159.81753540039062,-63.70879407616457,-162.94829849625256,-62.742877412799174,-151.1409011527619,0.11110001802444458,0.0,30.79416275024414,-85.3232720146191
-65.04815673828125,-159.68838500976562,-65.3003528162624,-162.80392578939777,-64.34447942950841,-150.99540544904673,0.11110001802444458,0.0,30.774330139160156,-85.37212493910972
-66.64266204833984,-159.55979919433594,-66.89279974511919,-162.66158677819723,-65.94041519381886,-150.85171319928352,0.11110001802444458,0.0,30.75394630432129,-85.38946929740989
-68.23603820800781,-159.4314422607422,-68.48485208161445,-162.52012694102777,-67.53322972827803,-150.70703411962668,0.11110001802444458,0.0,30.73047637939453,-85.3943932735684
-69.82823944091797,-159.30361938476562,-70.075115174563,-162.37877979312077,-69.12646535398738,-150.56210455106594,0.11110001802444458,0.0,30.707048416137695,-85.410103937809
-71.41930389404297,-159.17669677734375,-71.66354992697644,-162.23849316422036,-70.72065749875112,-150.41867117865766,0.11110001802444458,0.0,30.684085845947266,-85.43905168567478
-73.00922393798828,-159.05084228515625,-73.25048829639402,-162.0987353929161,-72.31454249427782,-150.2749302591743,0.11110001802444458,0.0,30.66065216064453,-85.47403246859209
-74.59803771972656,-158.92581176757812,-74.8367937017001,-161.95978140938976,-73.90595424996097,-150.13122484451154,0.11110001802444458,0.0,30.638198852539062,-85.50042430531879
-76.18574523925781,-158.80126953125,-76.42257463008616,-161.82045254699014,-75.49441692388692,-149.98797697170917,0.11110001802444458,0.0,30.61740493774414,-85.51481451897155
-77.7723159790039,-158.67709350585938,-78.00747564031109,-161.68167862303395,-77.08117063446265,-149.84647602465535,0.11110001802444458,0.0,30.593952178955078,-85.52475821378475
-79.35771179199219,-158.55335998535156,-79.59103068960069,-161.54287165398787,-78.66711662717965,-149.70477410280066,0.11110001802444458,0.0,30.569807052612305,-85.53734997145865
-80.94197082519531,-158.429931640625,-81.1737829560582,-161.4053459438728,-80.25128997015194,-149.56472822169403,0.11110001802444458,0.0,30.548234939575195,-85.5451308935794
-82.52501678466797,-158.30645751953125,-82.75604835424527,-161.26848380884803,-81.83230740751449,-149.42531893860527,0.11110001802444458,0.0,30.52545928955078,-85.54008413863257
-84.10680389404297,-158.1826934814453,-84.33759053524251,-161.1323009741477,-83.41073293131451,-149.28644144343735,0.11110001802444458,0.0,30.501407623291016,-85.52611141835213
-85.68733978271484,-158.05880737304688,-85.91758773012111,-160.99630495750753,-84.98902376820266,-149.14970903394092,0.11110001802444458,0.0,30.478269577026367,-85.51818593133129
-87.26673126220703,-157.93482971191406,-87.49644449040656,-160.86122074099077,-86.56639387188903,-149.01300543380387,0.11110001802444458,0.0,30.456579208374023,-85.51165075958937
-88.84495544433594,-157.81085205078125,-89.07407513877047,-160.72752461142264,-88.14330895604427,-148.87895702219646,0.11110001802444458,0.0,30.43370246887207,-85.50834463434994
-90.42201232910156,-157.68701171875,-90.65022697731108,-160.593233595419,-89.71986483983461,-148.74544547852128,0.11110001802444458,0.0,30.411367416381836,-85.5099923137435
-91.99787139892578,-157.56333923339844,-92.22507895142866,-160.45846243987722,-91.29544289687009,-148.61285746115263,0.11904999613761902,0.0,30.389190673828125,-85.51265865449949
-93.57273864746094,-157.4398193359375,-93.79882154125143,-160.3223552852351,-92.87004290790564,-148.4805137612159,0.11904999613761902,0.0,30.370447158813477,-85.51536153509474
-95.14662170410156,-157.31605529785156,-95.37245414217998,-160.18792222647147,-94.4416152506859,-148.35062617147852,0.11904999613761902,0.0,30.353214263916016,-85.50373541571003
-96.71961975097656,-157.19223022460938,-96.94472372874768,-160.0518135715556,-96.01336884798367,-148.22045042328693,0.11904999613761902,0.0,30.335599899291992,-85.49900658701786
-98.29167938232422,-157.0685272216797,-98.51570702460756,-159.9155463271077,-97.58532346047457,-148.09191708445965,0.11904999613761902,0.0,30.317935943603516,-85.50075244990367
-99.86283111572266,-156.9446258544922,-100.08634774839494,-159.77896540084282,-99.15461144536665,-147.96392945085347,0.11904999613761902,0.0,30.300928115844727,-85.49097403494791
-101.43305969238281,-156.82064819335938,-101.65583276423776,-159.64216168490898,-100.723717694395,-147.83653713909072,0.11904999613761902,0.0,30.281959533691406,-85.48556742501579
-103.00230407714844,-156.69664001464844,-103.22432150019378,-159.5061288568817,-102.2921174056756,-147.70968078398394,0.11904999613761902,0.0,30.26443099975586,-85.48164046216063
-104.57064056396484,-156.57247924804688,-104.79210597629479,-159.36991918202784,-103.85910189199531,-147.58467986845875,0.11904999613761902,0.0,30.247346878051758,-85.47349586804422
-106.13813018798828,-156.44839477539062,-106.35862497156276,-159.23378184281023,-105.42655128090355,-147.4594171083847,0.11904999613761902,0.0,30.232053756713867,-85.47383188130111
-107.70484161376953,-156.3246307373047,-107.92379847614892,-159.09637464085114,-106.99470705979152,-147.33513801578493,0.11509999632835388,0.0,30.216068267822266,-85.48323870963259
-109.27066802978516,-156.20086669921875,-109.48868249585476,-158.95912196726601,-108.56010694364093,-147.21105563548446,0.11509999632835388,0.0,30.19758415222168,-85.48069639511934
-110.8354721069336,-156.0771484375,-111.052497117288,-158.82210796350577,-110.12476078284314,-147.08798255234947,0.11509999632835388,0.0,30.17732048034668,-85.47942172564716
-112.39924621582031,-155.9534912109375,-112.61525685035517,-158.6851701181873,-111.68854489365036,-146.96593457833572,0.11509999632835388,0.0,30.157772064208984,-85.47867902273043
-113.96202087402344,-155.8296661376953,-114.177375471092,-158.5476189562497,-113.25000327811365,-146.84341621312493,0.11509999632835388,0.0,30.139816284179688,-85.46968407794958
-115.52386474609375,-155.7056121826172,-115.73867189588957,-158.41004212500962,-114.81025380171079,-146.7212240603285,0.11509999632835388,0.0,30.121374130249023,-85.45865155027414
-117.08470153808594,-155.58119201660156,-117.29917230403844,-158.27170331412998,-116.36883074908164,-146.6006746167931,0.11904999613761902,0.0,30.10437774658203,-85.4423752844393
-118.6446762084961,-155.45655822753906,-118.85866955574156,-158.13499883221166,-117.92750572477442,-146.48011775030545,0.11904999613761902,0.0,30.0870304107666,-85.43207072113515
-120.20374298095703,-155.331787109375,-120.41711111009079,-157.99791021005274,-119.48564240110406,-146.3588230948859,0.11904999613761902,0.0,30.071273803710938,-85.42440715843408
-121.76188659667969,-155.20669555664062,-121.97495803932497,-157.86071895625054,-121.0418530598076,-146.23793920131908,0.11904999613761902,0.0,30.052701950073242,-85.41000007150876
-123.3191146850586,-155.0808868408203,-123.53274823725336,-157.72518827835347,-122.59501521074388,-146.11816885398574,0.11904999613761902,0.0,30.036788940429688,-85.38109630136232
-124.87542724609375,-154.95433044433594,-125.08977315916707,-157.5902243713863,-124.14717574084693,-145.99874229002003,0.11904999613761902,0.0,30.021787643432617,-85.35104475644924
-126.430908203125,-154.8265380859375,-126.64684597597407,-157.45491976524903,-125.69583113594409,-145.87922390940946,0.11904999613761902,0.0,30.00755500793457,-85.30334613046203
-127.98552703857422,-154.69749450683594,-128.2033739262667,-157.32194802252906,-127.24365638653832,-145.76000147423568,0.11509999632835388,0.0,29.992244720458984,-85.25495178295134
-129.53916931152344,-154.5674591064453,-129.75853834434105,-157.18844540508107,-128.7921126733504,-145.64174526339676,0.11509999632835388,0.0,29.973798751831055,-85.21565863138748
-131.09165954589844,-154.43609619140625,-131.31328047443506,-157.05528538330194,-130.33748560855392,-145.52301998265028,0.11509999632835388,0.0,29.953189849853516,-85.16347676863926
-132.64295959472656,-154.30308532714844,-132.8675524783427,-156.92250256997477,-131.87993115671233,-145.40391712947098,0.11509999632835388,0.0,29.935182571411133,-85.09935705072311
-134.193359375,-154.16873168945312,-134.42060863572783,-156.79111847364084,-133.42346569785673,-145.28439473845987,0.11509999632835388,0.0,29.919185638427734,-85.04726863312922
-135.7428741455078,-154.03370666503906,-135.9716381145405,-156.65894706410126,-134.97009391382315,-145.16546621444073,0.11509999632835388,0.0,29.905092239379883,-85.01981452280539
-137.2914581298828,-153.89918518066406,-137.51977825314935,-156.52756002981033,-136.52227708445318,-145.0445293346384,0.09920001029968262,0.0,29.880395889282227,-85.0353265558168
-138.8385467529297,-153.76515197753906,-139.06641709958146,-156.39536309400333,-138.07258336888367,-144.92396032129747,0.07940000295639038,0.0,29.847679138183594,-85.04849998203267
-140.38343811035156,-153.63197326660156,-140.61034455352907,-156.26411920449678,-139.62241560496076,-144.8040075721931,0.02385002374649048,0.0,29.790260314941406,-85.07294816256451
-141.92433166503906,-153.49977111816406,-142.1502681748337,-156.13319361413608,-141.16793705828795,-144.68354847641018,0.0,0.0,29.69951629638672,-85.09627294443814
-143.46005249023438,-153.3686065673828,-143.6849891118248,-156.00224387310257,-142.7080633687762,-144.56405269009605,0.0,0.0,29.5908260345459,-85.11826568039754
-144.9904327392578,-153.23789978027344,-145.2154315823736,-155.8722984459631,-144.23943028818618,-144.4447885462985,0.0,0.0,29.492477416992188,-85.11832625674637
-146.5155487060547,-153.10757446289062,-146.74064345219216,-155.7417179913346,-145.76512264557704,-144.32580596450154,0.0,0.0,29.390138626098633,-85.11578482387698
-148.03550720214844,-152.97732543945312,-148.26131868462542,-155.61246290342882,-147.28397634486961,-144.20723502763758,0.0,0.0,29.292743682861328,-85.10214742221616
-149.5502471923828,-152.84719848632812,-149.77671191888163,-155.483356248938,-148.79780464915532,-144.08840729657763,0.0,0.0,29.190757751464844,-85.08993960367086
-151.05979919433594,-152.71730041503906,-151.2866388688221,-155.353415650199,-150.30711950602955,-143.9703720038855,0.0,0.0,29.091266632080078,-85.0817711134404
-152.56410217285156,-152.58766174316406,-152.79142450592937,-155.22546771406897,-151.8112064218151,-143.85119981853117,0.0,0.0,28.991422653198242,-85.07450136523019
-154.06332397460938,-152.45834350585938,-154.2908640578643,-155.09627811353434,-153.31070428395063,-143.733016961164,0.0,0.0,28.891149520874023,-85.07004574686817
-155.6721954345703,-152.3196258544922,-155.89956561447116,-154.95670476754535,-154.92107127059006,-143.60795709132933,0.0,0.0,28.789165496826172,-85.07211816243601
-157.27528381347656,-152.18206787109375,-157.50148024382779,-154.81814074660133,-156.52886737706515,-143.4833977868584,0.0,0.0,28.682594299316406,-85.09557108020594
-158.8725128173828,-152.04519653320312,-159.0983437475467,-154.68054530085456,-158.1282440428185,-143.3599035291568,0.0,0.0,28.57799530029297,-85.10211848945443
-160.46397399902344,-151.90867614746094,-160.6900146078913,-154.54370279591308,-159.72019174276383,-143.2381718707912,0.0,0.0,28.47286033630371,-85.09699670019751
-162.0494842529297,-151.77259826660156,-162.2756626889327,-154.40791436081565,-161.30682538871392,-143.11951492247377,0.0,0.0,28.369478225708008,-85.09455791594074
-163.62924194335938,-151.6367950439453,-163.8558733906669,-154.2731299171132,-162.8870484638443,-143.00308345656612,0.0,0.0,28.26659393310547,-85.08667104934996
-165.2034454345703,-151.5011444091797,-165.43071358428517,-154.13855421813716,-164.46123730980096,-142.88794017879945,0.699999988079071,0.0,28.17963409423828,-85.07493356838813
-166.7743682861328,-151.3656463623047,-167.00200237559275,-154.00476626974609,-166.0332524180743,-142.7733759964985,0.699999988079071,0.0,28.137845993041992,-85.07022319026204
-168.34300231933594,-151.2304229736328,-168.5705978235289,-153.87060273238322,-167.604220419326,-142.6603195111161,0.699999988079071,0.0,28.096677780151367,-85.07302359058119
-169.9093475341797,-151.09527587890625,-170.13730692554478,-153.73730901003506,-169.171943163585,-142.54881167541927,0.0,0.0,28.0794620513916,-85.06862971768578
-171.47877502441406,-150.95994567871094,-171.70674680470057,-153.60373973549176,-170.74379680269266,-142.43638608721986,0.0,0.0,28.100360870361328,-85.07163161679657
-173.04269409179688,-150.82540893554688,-173.27024319475467,-153.47054789544868,-172.31150515752282,-142.32572112330323,0.0,0.0,27.970842361450195,-85.08321322135464
-174.599365234375,-150.69171142578125,-174.8266384055095,-153.33790571621722,-173.87142551146906,-142.2161402489474,0.0,0.0,27.837291717529297,-85.0910951959002
-176.1486358642578,-150.55882263183594,-176.37574525204127,-153.2065545723362,-175.42364185363144,-142.1065529245298,0.0,0.0,27.709028244018555,-85.09745038363647
-177.6907196044922,-150.42684936523438,-177.91732112017587,-153.07464707341168,-176.969203801134,-141.99606775822951,0.0,0.0,27.57815170288086,-85.10848133960535
-179.2254638671875,-150.2953338623047,-179.45242128990353,-152.94385509843428,-178.5049424589258,-141.88707724734127,0.0,0.0,27.44721221923828,-85.10216779123036
-180.75291442871094,-150.1646728515625,-180.97948907184724,-152.81337091320844,-180.03542414029704,-141.77708318192606,0.0,0.0,27.316553115844727,-85.11071309102887
-182.27313232421875,-150.03518676757812,-182.49869920512418,-152.68343126177186,-181.5604305763081,-141.66778605551247,0.0,0.0,27.182361602783203,-85.1315253382662
-183.78607177734375,-149.90643310546875,-184.01133207017614,-152.55338837388743,-183.07547255490024,-141.55642906378594,0.0,0.0,27.05887222290039,-85.13575410401144
-185.2920684814453,-149.7783660888672,-185.5170292120473,-152.42377884094927,-184.58349706412946,-141.4459613259906,0.0,0.0,26.92799949645996,-85.13937286433297
-186.79122924804688,-149.65138244628906,-187.01506117023263,-152.29392781072417,-186.08687359804145,-141.33580466962675,0.0,0.0,26.812538146972656,-85.15842362764397
-188.38958740234375,-149.51609802246094,-188.61294845743944,-152.15506379296343,-187.6872041546678,-141.2175817587504,0.0,0.0,26.670915603637695,-85.1620379489864
-189.97984313964844,-149.38150024414062,-190.20297614457334,-152.0177884926688,-189.27893534203784,-141.10036321215134,0.0,0.0,26.53628158569336,-85.16206871476652
-191.56222534179688,-149.24789428710938,-191.78454776099156,-151.88100322243903,-190.86452245039794,-140.98454538958273,0.0,0.0,26.40656852722168,-85.17376782756642
-193.13661193847656,-149.1151123046875,-193.35840548589974,-151.74490274706594,-192.4411392818892,-140.86894208703333,0.0,0.0,26.272541046142578,-85.17914756075832
-194.7032012939453,-148.9827880859375,-194.9250802781683,-151.60961829260336,-194.00825007699075,-140.75524524203865,0.0,0.0,26.143795013427734,-85.1718901477008
-196.26226806640625,-148.8514404296875,-196.48325239350794,-151.47447407532113,-195.57081301015106,-140.64402635291313,0.0,0.0,26.016311645507812,-85.1843390859543
-197.81362915039062,-148.72134399414062,-198.03323367715177,-151.34006229531414,-197.12711746673102,-140.53489749195057,0.0,0.0,25.88827133178711,-85.20641780375827
-199.35726928710938,-148.59237670898438,-199.57563727705738,-151.2060751632084,-198.6750799084409,-140.42708964040665,0.0,0.0,25.756383895874023,-85.22417190652456
-200.8934783935547,-148.46463012695312,-201.11028320385617,-151.07180378757442,-200.21643361866447,-140.32286748939654,0.0,0.0,25.633031845092773,-85.24639040219608
-202.42198181152344,-148.33860778808594,-202.63631609600407,-150.93823170684033,-201.75250685857537,-140.21866045950935,0.0,0.0,25.501537322998047,-85.28672725516466
-203.94313049316406,-148.214111328125,-204.15513957946544,-150.80452508145063,-203.28050020778184,-140.11782340684147,0.0,0.0,25.38156509399414,-85.32112889922703
-205.45672607421875,-148.0905303955078,-205.66757432406624,-150.6729593550857,-204.79764374966106,-140.01821638334582,0.0,0.0,25.25407600402832,-85.3323102283804
-206.9629669189453,-147.96803283691406,-207.17225909452083,-150.54150798982718,-206.30838277110593,-139.91920810028353,0.0,0.0,25.12455177307129,-85.35055729865753
-208.46173095703125,-147.8470001220703,-208.6688638422959,-150.4119539028758,-207.81366480235312,-139.82191163102777,0.0,0.0,25.008865356445312,-85.38309715921012
-210.05255126953125,-147.71859741210938,-210.25885845275553,-150.2745999901522,-209.4068891248413,-139.7192922954375,0.0,0.0,24.878210067749023,-85.38538767630111
-211.63507080078125,-147.59088134765625,-211.84069703084518,-150.13877950445314,-210.9915671759855,-139.61727944385476,0.0,0.0,24.74512481689453,-85.3859865873384
-213.209228515625,-147.46482849121094,-213.4126144597188,-150.00472772090407,-212.57266201226176,-139.51533729729172,0.0,0.0,24.610170364379883,-85.42173016062864
-214.77523803710938,-147.33888244628906,-214.97891033534293,-149.87133797908635,-214.13793221847402,-139.41464011935105,0.0,0.0,24.495311737060547,-85.40189355180267
-216.3333282470703,-147.2138671875,-216.53585496576784,-149.73799824729767,-215.69948701733688,-139.31417698741313,0.0,0.0,24.366010665893555,-85.41263102140344
-217.88339233398438,-147.08982849121094,-218.0846203525203,-149.60449797859815,-217.25310404640072,-139.21335713013522,0.0,0.0,24.235641479492188,-85.42484579325739
-219.42535400390625,-146.96624755859375,-219.62614265857007,-149.4715564496169,-218.7958718067809,-139.11198234704833,0.0,0.0,24.115615844726562,-85.41780847305394
-220.95960998535156,-146.843505859375,-221.15919959192976,-149.33835112936902,-220.33297227830968,-139.01061242260803,0.0,0.0,23.98991584777832,-85.42603344364481
-222.48594665527344,-146.72145080566406,-222.68445862910283,-149.2039052052332,-221.86137282016114,-138.91095940345332,0.0,0.0,23.866668701171875,-85.42801383302731
-224.00453186035156,-146.59970092773438,-224.20258993262516,-149.07007760010097,-223.37998620294775,-138.80974818727287,0.0,0.0,23.747909545898438,-85.41621675853747
-225.51547241210938,-146.47842407226562,-225.71273343581052,-148.9360214336032,-224.89188237909198,-138.7093615836628,0.0,0.0,23.628332138061523,-85.41094656370541
-227.01864624023438,-146.3578338623047,-227.21478611981644,-148.8027448856362,-226.39691385728244,-138.6078527779871,0.0,0.0,23.50625991821289,-85.41334175245703
-228.51388549804688,-146.23683166503906,-228.71072750039366,-148.6692328622604,-227.88835118432658,-138.5070260572105,0.0,0.0,23.382688522338867,-85.37342257508679
-230.09423828125,-146.10848999023438,-230.290839743627,-148.5293690127509,-229.46821113101993,-138.3998189702216,0.0,0.0,23.257179260253906,-85.35715425062646
-231.66615295410156,-145.98085021972656,-231.86178742410058,-148.39013607697572,-231.0417558431902,-138.2912486447408,0.0,0.0,23.135723114013672,-85.35775675683287
-233.23007202148438,-145.85308837890625,-233.4260259743305,-148.25173981674925,-232.60345803389592,-138.1827733866807,0.04765000939369202,0.0,23.03126335144043,-85.32968505696549
-234.78839111328125,-145.72520446777344,-234.98437011308573,-148.11329077418483,-234.16054999150577,-138.07469708172852,0.08335000276565552,0.0,22.967727661132812,-85.30851820829861
-236.3432159423828,-145.59713745117188,-236.5391859058874,-147.9763524364247,-235.71457873697165,-137.96503387440762,0.1032000184059143,0.0,22.925914764404297,-85.29131985751657
-237.89620971679688,-145.4690399169922,-238.09172623088145,-147.8393894409928,-237.2682149218839,-137.85552875060046,0.11509999632835388,0.0,22.905792236328125,-85.28467480212387
-239.4478759765625,-145.34115600585938,-239.64255200237375,-147.70323750744,-238.8217696552374,-137.74435946421184,0.11509999632835388,0.0,22.889671325683594,-85.28849365321038
-240.99859619140625,-145.2134552001953,-241.19239277972403,-147.5668020370406,-240.37428846907565,-137.63224535373635,0.11509999632835388,0.0,22.87657928466797,-85.29235198429528
-242.54818725585938,-145.0856475830078,-242.74167020558258,-147.43151284998382,-241.92414096094825,-137.51945877768267,0.699999988079071,0.0,22.847551345825195,-85.2850143974197
-244.09510803222656,-144.95767211914062,-244.28853180367037,-147.2957081898693,-243.47033592398827,-137.40565452511547,0.699999988079071,0.0,22.81111717224121,-85.27073759706305
-245.639404296875,-144.82972717285156,-245.83253201354833,-147.16077986472484,-245.01483458073568,-137.29116697472233,0.18666666746139526,0.0,22.767724990844727,-85.26386135333742
-247.19207763671875,-144.7010955810547,-247.38464808423126,-147.02555565900042,-246.56852063630708,-137.17432617015427,0.11904999613761902,0.0,22.998720169067383,-85.26413238521275
-248.75103759765625,-144.572509765625,-248.94217607926717,-146.88985121444708,-248.13111444738948,-137.05663123038627,0.11904999613761902,0.0,23.001508712768555,-85.28481480305305
-250.3097381591797,-144.44297790527344,-250.5018124595612,-146.75427274073945,-249.68599000461822,-136.93720599614292,0.11904999613761902,0.0,23.00039291381836,-85.24949506061574
-251.86851501464844,-144.314453125,-252.05862103688202,-146.6201008523292,-251.25028979556618,-136.81648144263426,0.11904999613761902,0.0,23.004005432128906,-85.28649172639228
-253.42752075195312,-144.18663024902344,-253.6158760951744,-146.48392686741454,-252.8132629044413,-136.69476698793582,0.11904999613761902,0.0,23.00391960144043,-85.31280344533512
-254.98658752441406,-144.057861328125,-255.1758203663128,-146.34899364486893,-254.36818341728042,-136.57054770727183,0.11509999632835388,0.0,23.009151458740234,-85.27845277746667
-256.5460510253906,-143.9295654296875,-256.733994314186,-146.21405544612145,-255.930343316064,-136.4455093401431,0.11509999632835388,0.0,23.00823402404785,-85.29691042571784
-258.1050720214844,-143.801513671875,-258.29214061175384,-146.0790603836257,-257.49050174315533,-136.31916447294324,0.09525001049041748,0.0,23.001432418823242,-85.30449371845536
-259.6627502441406,-143.67364501953125,-259.8490712750761,-145.94338202693137,-259.04854155612963,-136.19143980390922,0.05955001711845398,0.0,22.961824417114258,-85.30715413632885
-261.214599609375,-143.54641723632812,-261.40007788373276,-145.80877169288047,-260.6010022831255,-136.0621194102038,0.0,0.0,22.825767517089844,-85.3131093779663
-262.7556457519531,-143.41961669921875,-262.94116576297876,-145.67429876823442,-262.1395254605473,-135.93171625273953,0.0,0.0,22.661863327026367,-85.29617843991787
-264.2843933105469,-143.29257202148438,-264.47130084790876,-145.54165829979502,-263.6619989335638,-135.80320763988672,0.0,0.0,22.4761962890625,-85.24942114588598
-265.8017578125,-143.16612243652344,-265.9888053598832,-145.4106478627185,-265.1773059000216,-135.67285019316918,0.0,0.0,22.315378189086914,-85.2362629427481
-267.30767822265625,-143.04046630859375,-267.49459053273563,-145.28050877445338,-266.68200671718546,-135.54213331309586,0.0,0.0,22.145261764526367,-85.23020852318759
-268.88958740234375,-142.9083251953125,-269.07634105211207,-145.14402085106062,-268.2628454716001,-135.40537029415142,0.0,0.0,21.962133407592773,-85.22501554491902
-270.4588928222656,-142.77694702148438,-270.6457774654468,-145.0092743167936,-269.83022296558534,-135.26751844074775,0.0,0.0,21.790971755981445,-85.21450521256482
-272.0157470703125,-142.64698791503906,-272.20170420632576,-144.87467449334488,-271.38826705182186,-135.1300469397429,0.0,0.0,21.615604400634766,-85.2282719668657
-273.5601501464844,-142.51834106445312,-273.74529527392133,-144.7410049155273,-272.9333811019244,-134.99399020736678,0.0,0.0,21.442052841186523,-85.23832595008024
-275.09228515625,-142.39060974121094,-275.27728984438903,-144.609737770842,-274.46433190162355,-134.8583213291884,0.0,0.0,21.275480270385742,-85.23437492462944
-276.6124572753906,-142.26458740234375,-276.7958550201146,-144.47686294609818,-275.9872176768134,-134.72249753094792,0.0,0.0,21.104068756103516,-85.26101350694503
-278.12042236328125,-142.13938903808594,-278.30367118892934,-144.34654911651347,-277.4934845975654,-134.5881700698186,0.0,0.0,20.93929100036621,-85.25391961578325
-279.6167297363281,-142.01487731933594,-279.7999209673364,-144.21635997805348,-278.98770438822265,-134.4556268676299,0.0,0.0,20.776325225830078,-85.24322468887243
-281.1836242675781,-141.88438415527344,-281.3664718832081,-144.07992390665459,-280.55333265770327,-134.31616796785192,0.0,0.0,20.607669830322266,-85.2393135850986
-282.7374572753906,-141.755126953125,-282.91951914992217,-143.94373807427905,-282.107155093704,-134.1781075025866,0.0,0.0,20.435575485229492,-85.24473995690725
-284.278564453125,-141.62689208984375,-284.4601172724455,-143.8087663932382,-283.647418542465,-134.04187606356604,0.0,0.0,20.2681827545166,-85.24340067876832
-285.80694580078125,-141.49998474121094,-285.98750734525265,-143.67453885212015,-285.17646277623066,-133.90689809084617,0.0,0.0,20.10420799255371,-85.25340097279224
-287.3230285644531,-141.3743896484375,-287.50251476734763,-143.5410024715685,-286.6932918674944,-133.77271564328305,0.0,0.0,19.939390182495117,-85.26432546380522
-288.82666015625,-141.25001525878906,-289.0051702353018,-143.40812349212544,-288.1972149472812,-133.64029991316298,0.0,0.0,19.774864196777344,-85.27148680056958
-290.3962707519531,-141.1198272705078,-290.5745667517084,-143.26945177951248,-289.7645101534528,-133.5030099093578,0.0,0.0,19.60955238342285,-85.25857733822566
-291.9525146484375,-140.99095153808594,-292.1298402566178,-143.13225378510344,-291.32109509016635,-133.36622021579421,0.0,0.0,19.43857192993164,-85.26602148611451
-293.4954528808594,-140.86270141601562,-293.6726985216443,-142.99508984015495,-292.8611350717223,-133.23141667784492,0.0,0.0,19.277244567871094,-85.24845689891556
-295.02520751953125,-140.73440551757812,-295.2033926825989,-142.859021994527,-294.38478903737285,-133.09828343024364,0.0,0.0,19.11040496826172,-85.20599493907798
-296.5424499511719,-140.60682678222656,-296.72057636963046,-142.72521241708031,-295.8999126394552,-132.96538974679575,0.0,0.0,18.955711364746094,-85.19353796319011
-298.0472717285156,-140.48150634765625,-298.22308496806454,-142.59263525113997,-297.410355248046,-132.833545395031,0.04365000128746033,0.0,18.821897506713867,-85.23943548852425
-299.5434875488281,-140.3577423095703,-299.71748404424557,-142.4612314421866,-298.91034290690726,-132.70349116813364,0.04365000128746033,0.0,18.714000701904297,-85.27137074547862
-301.10595703125,-140.22784423828125,-301.28016132368276,-142.323247872315,-300.4690914710895,-132.56735326808058,0.05555000901222229,0.0,18.622821807861328,-85.24756472787558
-302.6616516113281,-140.09934997558594,-302.8340606547228,-142.18672577540335,-302.0283629527802,-132.43205251761233,0.08335000276565552,0.0,18.553939819335938,-85.27831145841925
-304.2133483886719,-139.97103881835938,-304.3853798534891,-142.05145548148116,-303.5787333706759,-132.29649126097485,0.10715001821517944,0.0,18.52692985534668,-85.27291679367352
-305.7637939453125,-139.84292602539062,-305.9350170630777,-141.9151009891975,-305.12911117760495,-132.1618736162954,0.11509999632835388,0.0,18.517183303833008,-85.27639995638029
-307.31414794921875,-139.71542358398438,-307.4839451692867,-141.7800569908517,-306.6818692527889,-132.0272899468306,0.11509999632835388,0.0,18.521142959594727,-85.2985265234222
-308.8650207519531,-139.58839416503906,-309.03345080964203,-141.64471779307337,-308.23467356793884,-131.89263115136404,0.11509999632835388,0.0,18.526628494262695,-85.31745076779079
-310.4164123535156,-139.46035766601562,-310.5854954711362,-141.50910259924402,-309.78079094868025,-131.75866543953254,0.11509999632835388,0.0,18.535879135131836,-85.2820660087919
-311.96881103515625,-139.332275390625,-312.137220595345,-141.37345383171228,-311.3328440253664,-131.6241491525978,0.11509999632835388,0.0,18.55030632019043,-85.28343475774729
-313.5223693847656,-139.2042236328125,-313.68999162449353,-141.23786170665184,-312.8864881620058,-131.48954169595967,0.11509999632835388,0.0,18.564777374267578,-85.28805751750632
-315.0772705078125,-139.07589721679688,-315.2444901268119,-141.10205816986235,-314.44004293544964,-131.35475998981445,0.11509999632835388,0.0,18.581941604614258,-85.28205591310174
-316.6335754394531,-138.94732666015625,-316.8004421121727,-140.96719366909977,-315.99529236743626,-131.22111687528925,0.11509999632835388,0.0,18.600019454956055,-85.2773650889021
-318.1914978027344,-138.81814575195312,-318.35846076622744,-140.83171988054318,-317.5503514692107,-131.08591794038088,0.11509999632835388,0.0,18.61934471130371,-85.25995161114608
-319.7509460449219,-138.68838500976562,-319.9179570434482,-140.6955021369286,-319.10719034896994,-130.95181020658038,0.11110001802444458,0.0,18.63827133178711,-85.24341064568378
-321.31195068359375,-138.55848693847656,-321.4784956911061,-140.5598833156088,-320.6677703083888,-130.81727458745848,0.11110001802444458,0.0,18.655344009399414,-85.24312550722195
-322.8744201660156,-138.42857360839844,-323.04040724594375,-140.4249025971791,-322.2303678837675,-130.6825475809561,0.11110001802444458,0.0,18.67328643798828,-85.24700902910202
-324.4380798339844,-138.29824829101562,-324.60401623419284,-140.28917424204772,-323.7921147601731,-130.5478775025965,0.09920001029968262,0.0,18.684642791748047,-85.2356179658447
-326.00189208984375,-138.1675567626953,-326.1678339253619,-140.15316271189687,-325.35384227344974,-130.4132037582635,0.07940000295639038,0.0,18.676599502563477,-85.2227560808605
-327.56280517578125,-138.036376953125,-327.729320984025,-140.01775430802795,-326.91085935628536,-130.2788511242134,0.03175002336502075,0.0,18.61148452758789,-85.19612632393577
-329.1147155761719,-137.9058837890625,-329.28093430084334,-139.88266601677944,-328.4621412648502,-130.14504154078298,0.0,0.0,18.463258743286133,-85.19356214271285
-330.6528625488281,-137.77639770507812,-330.8189206885408,-139.7489789819574,-329.9992629967022,-130.01238058835654,0.0,0.0,18.299184799194336,-85.18800562610697
-332.17791748046875,-137.64784240722656,-332.34386259918296,-139.61645378230176,-331.52317472626703,-129.88061162841996,0.0,0.0,18.144989013671875,-85.18161367558955
-333.6894226074219,-137.52081298828125,-333.85441436230565,-139.4840265925189,-333.0363963349749,-129.75054554130767,0.0,0.0,17.987504959106445,-85.19605572611673
-335.1882629394531,-137.39439392089844,-335.3535278005225,-139.35379485911463,-334.53262005212736,-129.62100954718292,0.0,0.0,17.82665252685547,-85.1788222200027
-336.7442932128906,-137.26226806640625,-336.9103138167718,-139.21747272068362,-336.08407878614094,-129.4870022871911,0.0,0.0,17.669876098632812,-85.14653523218624
-338.28656005859375,-137.13172912597656,-338.4516910252936,-139.0826873174694,-337.6281641491496,-129.3530373491021,0.0,0.0,17.512147903442383,-85.16196183294382
-339.8150329589844,-137.00247192382812,-339.97953868475156,-138.94776038447,-339.1569124163179,-129.22016348811792,0.0,0.0,17.358373641967773,-85.16621247597307
-341.3300476074219,-136.8750762939453,-341.4931324023175,-138.81451372544532,-340.6752185141016,-129.08771600917024,0.0,0.0,17.201709747314453,-85.19337949864212
-342.8312072753906,-136.7482452392578,-342.99454372574917,-138.68147911633602,-342.1728681211466,-128.95620890690395,0.0,0.0,17.048145294189453,-85.17062254548652
-344.3875427246094,-136.61679077148438,-344.55025568927266,-138.54320650494873,-343.72899421346284,-128.82000447515207,0.027800023555755615,0.0,16.917341232299805,-85.17202320577056
-345.93328857421875,-136.48568725585938,-346.0962294604707,-138.40680430184352,-345.27161903158753,-128.68442468513928,0.03970000147819519,0.0,16.811492919921875,-85.15202113338725
-347.47021484375,-136.35427856445312,-347.6340794269862,-138.27080158835943,-346.8029508320545,-128.55010992603926,0.05555000901222229,0.0,16.728960037231445,-85.11304054822335
-349.000732421875,-136.2230224609375,-349.1647174581218,-138.13517720119572,-348.33116535486965,-128.41550617531735,0.08335000276565552,0.0,16.68047332763672,-85.09834770699597
-350.52862548828125,-136.09165954589844,-350.6926437344728,-137.99936950380908,-349.8571342827595,-128.28148909737897,0.09920001029968262,0.0,16.66248321533203,-85.08599305516245
-352.0564880371094,-135.9602508544922,-352.22028060292826,-137.86463422832472,-351.384555469461,-128.14782540179493,0.11509999632835388,0.0,16.677522659301758,-85.08419134259483
-353.5863037109375,-135.82981872558594,-353.74832168202755,-137.73009922927662,-352.9198699528316,-128.01333349861127,0.11904999613761902,0.0,16.700796127319336,-85.12674570451276
-355.11883544921875,-135.69920349121094,-355.28051125618754,-137.5961744431637,-354.4523339292908,-127.8790228071587,0.11904999613761902,0.0,16.735898971557617,-85.1285446097656
-356.65478515625,-135.56918334960938,-356.8149912880389,-137.4617252139295,-355.99238300942125,-127.74411585755655,0.11904999613761902,0.0,16.772594451904297,-85.16137330884423
-358.19427490234375,-135.43890380859375,-358.35410584946203,-137.32759716964497,-357.5317411275794,-127.60986215908234,0.11904999613761902,0.0,16.813295364379883,-85.1628613742867
-359.7376403808594,-135.3091583251953,-359.8960232813267,-137.1931753604377,-359.0791251888102,-127.47590210797748,0.11904999613761902,0.0,16.85521697998047,-85.19463769061889
-361.2850646972656,-135.1787567138672,-361.4435508068655,-137.05944865708568,-360.62466928625724,-127.34210571677094,0.11904999613761902,0.0,16.900463104248047,-85.18305949018574
-362.83660888671875,-135.048095703125,-362.9947845265191,-136.92636446479497,-362.176251145813,-127.20662708105567,0.11904999613761902,0.0,16.945999145507812,-85.18627830783633
-364.3924560546875,-134.9171142578125,-364.5502902232319,-136.79192823282,-363.73207168514074,-127.07281884116928,0.11904999613761902,0.0,16.994104385375977,-85.1878117180276
-365.95269775390625,-134.7860565185547,-366.10999741399417,-136.65870814776747,-365.2934399314867,-126.93759559667292,0.11904999613761902,0.0,17.04128074645996,-85.1985201275083
-367.44903564453125,-134.66061401367188,-367.6057687880165,-136.53020153133872,-366.7907066302694,-126.80775226272011,0.11904999613761902,0.0,17.086469650268555,-85.20792773684774
-368.94964599609375,-134.53526306152344,-369.1055539177302,-136.40167920825692,-368.2933656579138,-126.67875258337723,0.11904999613761902,0.0,17.134431838989258,-85.22497960481954
-370.4541931152344,-134.40867614746094,-370.61105890903644,-136.27310249756567,-369.79289009899776,-126.54876775703609,0.11904999613761902,0.0,17.181535720825195,-85.1906763408606
-371.9629821777344,-134.28199768066406,-372.1194075275744,-136.14508351446133,-371.30281233494725,-126.41912198145988,0.11904999613761902,0.0,17.228261947631836,-85.20068217726144
-373.4759521484375,-134.15475463867188,-373.63247479113426,-136.01587061348334,-372.81436588797163,-126.28823298496837,0.11509999632835388,0.0,17.27716064453125,-85.19265199939284
-374.9927062988281,-134.0270538330078,-375.149279744581,-135.8867400147176,-374.33011358273086,-126.15717198744673,0.09920001029968262,0.0,17.31367301940918,-85.18741908345056
-376.51129150390625,-133.89988708496094,-376.6668201582385,-135.7571612314039,-375.85189364297963,-126.02556576085033,0.0675000250339508,0.0,17.31085205078125,-85.21320364967231
-378.0260009765625,-133.77325439453125,-378.181084999325,-135.62828280416957,-377.36731139942793,-125.89437778976054,0.0,0.0,17.218013763427734,-85.22107325739098
-379.5287780761719,-133.6476593017578,-379.6834684484124,-135.49856879033496,-378.86984913578993,-125.7634076163663,0.0,0.0,17.06272315979004,-85.22258879234467
-381.08544921875,-133.5179901123047,-381.2394102784681,-135.36628375672893,-380.4282453966579,-125.62829612287297,0.0,0.0,16.905895233154297,-85.23831044313344
-382.62786865234375,-133.3894805908203,-382.78158047104836,-135.23438743978,-381.9700635715188,-125.49425750959105,0.0,0.0,16.748186111450195,-85.23729648468311
-384.1562194824219,-133.26229858398438,-384.3094408815275,-135.1035657438189,-383.49865247409235,-125.36029178274839,0.0,0.0,16.597139358520508,-85.24308072671107
-385.6703186035156,-133.1361846923828,-385.8233634652252,-134.97361185968077,-385.01160849821343,-125.22783788912498,0.0,0.0,16.445981979370117,-85.23865204999227
-387.17095947265625,-133.01119995117188,-387.32367841000087,-134.84483401442344,-386.51181225835256,-125.09708788452421,0.0,0.0,16.295310974121094,-85.23896191117292
-388.7224426269531,-132.8827362060547,-388.8738995947101,-134.71191325411183,-388.0665731885842,-124.96166568052023,0.0,0.0,16.142377853393555,-85.26667217654759
-390.25927734375,-132.7566680908203,-390.40878172073036,-134.57920280889223,-389.60875922545836,-124.8265199622682,0.0,0.0,15.987841606140137,-85.31046886650226
-391.7817077636719,-132.6315460205078,-391.9309694916272,-134.4476971967288,-391.12934140729976,-124.69383860091365,0.02385002374649048,0.0,15.84225845336914,-85.30166328697607
-393.29248046875,-132.5066680908203,-393.4421675535554,-134.31758185750903,-392.6357826064863,-124.56193992088807,0.027800023555755615,0.0,15.746335983276367,-85.27476928866157
-394.79278564453125,-132.3828125,-394.9417959191858,-134.18782497322096,-394.13633682480366,-124.43102319965595,0.0,0.0,15.61446475982666,-85.28072858264369
-396.3414611816406,-132.25502014160156,-396.4898438408655,-134.05322308074994,-395.68467238776105,-124.2956026077494,0.0,0.0,15.464238166809082,-85.28280033246318
-397.8751220703125,-132.127685546875,-398.0239307693642,-133.91998780471644,-397.2137942546841,-124.16242985498629,0.0,0.0,15.322705268859863,-85.25381409249026
-399.39434814453125,-132.0025177001953,-399.54145202280097,-133.78799259182622,-398.73740787958013,-124.02889822688115,0.0,0.0,15.172338485717773,-85.29008331207864
-400.8992919921875,-131.8787841796875,-401.0454100470942,-133.65598624151264,-400.24312244588856,-123.89793697135485,0.0,0.0,15.02925968170166,-85.29982553149502
-402.4490966796875,-131.7509002685547,-402.59523834060997,-133.52196770878516,-401.7899736612585,-123.76309371375261,0.0,0.0,15.0,-85.28285987655686
-403.98419189453125,-131.62423706054688,-404.12967847507065,-133.3874622079489,-403.32447145007995,-123.62875271003779,0.0,0.0,15.0,-85.283116934931
-405.5040588378906,-131.49790954589844,-405.6501003216544,-133.25495846868773,-404.8390288058196,-123.49682470781865,0.0,0.0,15.0,-85.24864055646398
-407.0095520019531,-131.37403869628906,-407.1534348985022,-133.12275292456218,-406.3505290035832,-123.36444949806655,0.0,0.0,15.0,-85.29634148725673
-408.5574035644531,-131.24578857421875,-408.7016915381839,-132.9872010733565,-407.8932595391102,-123.23022998637978,0.0,0.0,15.0,-85.26347094395334
-410.090087890625,-131.1193084716797,-410.23311897510234,-132.8525573933124,-409.42805006868883,-123.0967422921406,0.0,0.0,15.0,-85.28252950836355
-411.60711669921875,-130.993408203125,-411.7503457344747,-132.71923909454995,-410.9408370627222,-122.96510600212095,0.0,0.0,15.0,-85.25581793824173
-413.1091003417969,-130.86737060546875,-413.25341542927464,-132.58716616488604,-412.43505951393337,-122.83486033308195,0.0,0.0,15.0,-85.20331420855975
-414.65087890625,-130.73779296875,-414.7949337203202,-132.45182812222157,-413.97540275160037,-122.7006448742957,0.0,0.0,15.0,-85.19590858320186
-416.1769714355469,-130.60867309570312,-416.32163965150113,-132.31853447013583,-415.4966722988407,-122.56808719892551,0.0,0.0,15.0,-85.1638278443434
-417.6875,-130.48106384277344,-417.83154163050676,-132.1861047575629,-417.00780213734265,-122.43538523271678,0.0,0.0,15.0,-85.17112600544553
-419.1852722167969,-130.3553009033203,-419.32797048520433,-132.0547642168776,-418.5092688095865,-122.30444644506278,0.11904999613761902,0.0,15.0,-85.20032317181
-420.6852722167969,-130.22940063476562,-420.82753963171916,-131.92440196266764,-420.00899002079717,-122.17204455725295,0.1746000051498413,0.0,15.0,-85.20220944047948
-422.19775390625,-130.10279846191406,-422.33922045089787,-131.79286075413827,-421.52277570942914,-122.03901771884128,0.18255001306533813,0.0,15.0,-85.21521491472747
-423.7259521484375,-129.97491455078125,-423.8669875644668,-131.66027178573748,-423.05060231517086,-121.90456059524818,0.1746000051498413,0.0,15.0,-85.21647388768461
-425.2705383300781,-129.84596252441406,-425.41080552685895,-131.52608171283373,-424.59612061136875,-121.76779331437064,0.18255001306533813,0.0,15.0,-85.22764563981988
-426.77734375,-129.7206268310547,-426.9166163576825,-131.39498402714054,-426.1047634465127,-121.6347606307419,0.18255001306533813,0.0,15.0,-85.24509758973024
-428.3022766113281,-129.5930633544922,-428.44200346890597,-131.26340099714938,-427.6253437029945,-121.50080007781166,0.18255001306533813,0.0,15.0,-85.21823418120333
-429.84600830078125,-129.4637451171875,-429.9855356967344,-131.12934826156314,-429.1674921160372,-121.36398318083882,0.18255001306533813,0.0,15.0,-85.21151872755954
-431.3511047363281,-129.33790588378906,-431.49002670068586,-130.99947793669543,-430.67319689575874,-121.22980917249028,0.18255001306533813,0.0,15.0,-85.22068721552249
-432.8746032714844,-129.209716796875,-433.0142425266738,-130.86929801281775,-432.1916202786778,-121.09261717376138,0.16269999742507935,0.0,15.0,-85.19038983054804
-434.4142761230469,-129.08006286621094,-434.5537692704047,-130.7365788766847,-433.73007365600245,-120.95498745904936,0.14285001158714294,0.0,15.0,-85.18655000154732
-435.9671936035156,-128.94981384277344,-436.1059046644189,-130.60362149158448,-435.28512060892524,-120.8176755103633,0.11904999613761902,0.0,15.034543991088867,-85.20560923556415
-437.4686584472656,-128.8234405517578,-437.60774674252895,-130.47597475290598,-436.7837080547799,-120.68541608658089,0.07540002465248108,0.0,15.079544067382812,-85.18894439318449
-438.9709777832031,-128.6966094970703,-439.1103975687127,-130.3480428948241,-438.28363724221435,-120.55503101973777,0.0675000250339508,0.0,15.07487678527832,-85.17433281961773
-440.4718017578125,-128.5698699951172,-440.6111293717477,-130.2197598881389,-439.78396708689087,-120.42466862712894,0.05555000901222229,0.0,15.051823616027832,-85.17301782725363
-441.9681396484375,-128.44287109375,-442.10811322456436,-130.09208036556362,-441.27690107173146,-120.29849769640512,0.0,0.0,15.0,-85.14875333077568
-443.5105285644531,-128.312255859375,-443.65004484683584,-129.95975409019385,-442.8207323088503,-120.16669685133296,0.0,0.0,15.0,-85.15952896003041
-445.0379638671875,-128.18377685546875,-445.1763767217826,-129.82931172134522,-444.35278355014765,-120.03794311481289,0.0,0.0,15.0,-85.19192917937171
-446.55035400390625,-128.05616760253906,-446.68910108959454,-129.70056030193905,-445.8630527258164,-119.9104599044453,0.0,0.0,15.0,-85.17704172014335
-448.0484924316406,-127.930908203125,-448.1857341010311,-129.57235802455213,-447.3673128769098,-119.78380489668336,0.03970000147819519,0.0,15.0,-85.22061443380326
-449.5953063964844,-127.80070495605469,-449.7333803117319,-129.44102242194813,-448.9095848992907,-119.65433678383846,0.07145002484321594,0.0,15.0,-85.18846360866988
-451.1388854980469,-127.67115783691406,-451.2763414279813,-129.30897195613275,-450.45514409722045,-119.52424616346268,0.04765000939369202,0.0,15.0,-85.20261107513888
-452.6750183105469,-127.54264068603516,-452.81179213236226,-129.17746338592212,-451.9932063250513,-119.39311546148043,0.0,0.0,15.0,-85.21761275029512
-454.1961364746094,-127.4150619506836,-454.33298275003307,-129.04667677001603,-453.51248660558514,-119.26392116091121,0.0,0.0,15.0,-85.20572742950779
-455.70220947265625,-127.28926086425781,-455.8381280542016,-128.91645909770884,-455.0211604387204,-119.13583715784297,0.0,0.0,15.0,-85.22521303237636
-457.2481384277344,-127.15951538085938,-457.38449147571026,-128.7841740545782,-456.5636164743668,-119.003375526281,0.0,0.0,15.0,-85.20256877410336
-458.7783508300781,-127.03170013427734,-458.91361235251355,-128.65105983294774,-458.0967481599726,-118.87150886478992,0.0,0.0,15.0,-85.22529428572886
-460.2924499511719,-126.90479278564453,-460.42774301916654,-128.51893977987038,-459.6081823963007,-118.74097158391845,0.0,0.0,15.0,-85.2088346164421
-461.7914123535156,-126.78018188476562,-461.92507969596915,-128.38808552197426,-461.112342117898,-118.61154860660044,0.0,0.0,15.0,-85.2478464411808
-463.3279113769531,-126.65267181396484,-463.4608535299768,-128.2546275419458,-462.64950421229224,-118.4778512727466,0.0,0.0,15.0,-85.25604226388928
-464.84820556640625,-126.52840423583984,-464.97846604816016,-128.12201583199277,-464.17929459274745,-118.34492241492592,0.0,0.0,15.0,-85.32707937514853
-466.3527526855469,-126.40608978271484,-466.4816218236266,-127.99126377883954,-465.6868940942944,-118.2155971661139,0.0,0.0,15.0,-85.35227335598034
-467.892822265625,-126.28219604492188,-468.01954669457626,-127.8574527250194,-467.23325688330027,-118.08342345571907,0.0,0.0,15.0,-85.40064016282781
-469.4169006347656,-126.16036987304688,-469.5420807350087,-127.72640679344752,-468.7609562757442,-117.95432848179247,0.0,0.0,15.0,-85.42981787281798
-470.9247131347656,-126.0411376953125,-471.0478132925666,-127.59786474845592,-470.27508494055957,-117.82592658209676,0.0,0.0,15.0,-85.47867224754397
-472.4665222167969,-125.91993713378906,-472.5879722540281,-127.46491983075421,-471.8200855982736,-117.696527630822,0.0,0.0,15.0,-85.50526090132591
-473.99169921875,-125.79966735839844,-474.11287694985896,-127.33635841844253,-473.3426572985918,-117.56897259977207,0.0,0.0,15.0,-85.49119858248422
-475.5007629394531,-125.68031311035156,-475.62169818046215,-127.20936622532379,-474.8492711610603,-117.44313158395255,0.0,0.0,15.0,-85.47779956971104
-477.04144287109375,-125.5577392578125,-477.1625531513488,-127.08002296220104,-476.38566353104716,-117.31498562100099,0.0,0.006549314130097628,15.0,-85.45122710355257
-478.5621032714844,-125.43506622314453,-478.6845734453474,-126.95321195196324,-477.89683410482957,-117.18836000876763,0.0,0.04465193301439285,15.0,-85.38788580942071
-480.1008605957031,-125.30973815917969,-480.22427564572786,-126.82500781337001,-479.429033924607,-117.06116096066276,0.0,0.008173629641532898,15.0,-85.34367535950007
-481.6170959472656,-125.18310546875,-481.7437715063501,-126.69985410775541,-480.92840902191335,-116.93711891634534,0.0,0.003905062796548009,15.0,-85.22586033818841
-483.1146240234375,-125.05105590820312,-483.2490490091308,-126.57552285365108,-482.38849913969716,-116.81632649520978,0.0,0.003905062796548009,15.0,-84.9607861826634
-484.6383972167969,-124.90705108642578,-484.7840563642397,-126.44832936795505,-483.86239632624466,-116.69587217968932,0.0,0.0,15.0,-84.60127283981718
-486.14373779296875,-124.751953125,-486.30540548773484,-126.3210578285719,-485.3015258258139,-116.57766226881459,0.0,0.0,15.0,-84.11746907942977
-487.6734313964844,-124.57323455810547,-487.8623197247012,-126.18997350399565,-486.72552730549387,-116.4599039180373,0.0,0.0,15.0,-83.33617756241284
-489.1818542480469,-124.36811065673828,-489.41180545073775,-126.05910642354691,-488.0915659826142,-116.3504407342798,0.0,0.0,15.0,-82.25609524818147
-490.66815185546875,-124.131591796875,-490.95372757382887,-125.92616541853774,-489.41370249153977,-116.24856255634305,0.0,0.0,15.0,-80.9581702740658
-492.1725769042969,-123.85167694091797,-492.5327319793439,-125.78735954165325,-490.7398825493949,-116.15154517242044,0.0,0.0,15.0,-79.46001293096037
-493.6509704589844,-123.53165435791016,-494.1086513959631,-125.64598185621722,-492.03437514836077,-116.06354362240728,0.0,0.0,15.0,-77.78583576405873
-495.1421813964844,-123.16044616699219,-495.7240821069358,-125.49804734389055,-493.3543382380805,-115.9783544524924,0.0,0.0,15.0,-76.02143319276395
-496.6040954589844,-122.74803161621094,-497.3367798377669,-125.34522804074844,-494.67120281978265,-115.89637489071735,0.0,0.0,15.0,-74.2459287508811
-498.0353698730469,-122.294189453125,-498.95215687290033,-125.18544523049295,-495.9823316460115,-115.81955724736505,0.0,0.0,15.0,-72.40672259220099
-499.4720458984375,-121.7848129272461,-500.61546429235335,-125.00977856675041,-497.32981819289773,-115.74274575470392,0.0,0.0,15.0,-70.47793063349684
-500.873046875,-121.23052978515625,-502.2935303274813,-124.82093070663076,-498.6707108007312,-115.66392536140246,0.0,0.0,15.0,-68.41458101635095
-502.27191162109375,-120.61491394042969,-504.0295953517169,-124.60890114302254,-500.05230066723516,-115.57128886158625,0.0,0.0,15.0,-66.24654713373607
-503.629150390625,-119.95179748535156,-505.78397248735547,-124.3621963960235,-501.448366876957,-115.48826184234589,0.0,0.0,15.0,-63.960901612388355
-504.973388671875,-119.21845245361328,-507.6123106224132,-124.0556569802955,-502.88395640591835,-115.38847513540567,0.0,0.0,15.0,-61.38546216100116
-506.2637939453125,-118.42792510986328,-509.49329944181,-123.69955923640362,-504.31068256904786,-115.23979349181299,0.0,0.0,15.0,-58.50755483715052
-507.5257568359375,-117.55792999267578,-511.45665437633085,-123.25985489411909,-505.7592204211616,-114.99549790961795,0.0,0.0,15.0,-55.41768498665608
-508.7217102050781,-116.62787628173828,-513.4309134038509,-122.68342701532237,-507.2113842395704,-114.68575250360857,0.0,0.0,15.0,-52.128964061133196
-509.8759460449219,-115.6175537109375,-515.4124610800084,-121.94270596034787,-508.7092918791599,-114.28471795160351,0.0,0.0,15.0,-48.80378063353496
-510.9499816894531,-114.54804229736328,-517.3985357028367,-121.02387488610864,-510.1523718592556,-113.74705843016196,0.0,0.0,15.0,-45.12092991076725
-511.9580078125,-113.39649963378906,-519.2465646435752,-119.77668502981372,-511.4917989423409,-112.98839428538807,0.0,0.0,15.0,-41.19793596932482
-512.8694458007812,-112.1935806274414,-520.8690441914136,-118.25478493607855,-512.5419962420574,-111.94547583776563,0.0,0.0,15.0,-37.1507934072994
-513.69775390625,-110.91912078857422,-522.2137763331484,-116.45392870282248,-513.36934359292,-110.70567748015854,0.0,0.0,15.0,-33.02099812751245
-514.4200439453125,-109.57124328613281,-523.2536298200163,-114.30491609760483,-514.0236409277048,-109.3588219417942,0.06350001692771912,0.0,15.0,-28.185618431759043
-515.0335693359375,-108.17867279052734,-523.8304419455588,-112.0543147929451,-514.3604150519403,-107.88210091402732,0.08335000276565552,0.0,15.0,-23.776871093361667
-515.5529174804688,-106.74332427978516,-524.0749799585452,-109.82683835489979,-514.4662179623151,-106.35012682690714,0.08335000276565552,0.0,15.0,-19.891502329962673
-515.9973754882812,-105.2754898071289,-524.1775846441841,-107.7524444860463,-514.4581677412181,-104.80942008222917,0.09920001029968262,0.0,15.0,-16.84623120879063
-516.3677368164062,-103.81123352050781,-524.180424995986,-105.78733401388025,-514.367669570651,-103.30534697028745,0.12700000405311584,0.0,15.0,-14.194392659350129
-516.6878662109375,-102.31573486328125,-524.084848217949,-103.89914743260756,-514.2482883592144,-101.7935140128578,0.18255001306533813,0.0,15.0,-12.082499937589814
-516.9708862304688,-100.81808471679688,-523.9530700846722,-102.13755029120101,-514.1247262307405,-100.28022862229906,0.20239999890327454,0.0,15.0,-10.70133297180526
-517.2319946289062,-99.31646728515625,-523.8022050769238,-100.45892680336046,-513.9829547806058,-98.75150874553512,0.18255001306533813,0.0,15.0,-9.86423442089928
-517.48828125,-97.81880187988281,-523.6251095271042,-98.86896099942558,-513.830782660083,-97.19291578278501,0.15080001950263977,0.0,15.0,-9.71062992307686
-517.763427734375,-96.33696746826172,-523.4416021857253,-97.39128887266737,-513.701061205328,-95.58266870185152,0.07145002484321594,0.0,15.0,-10.518865590408616
-518.0942993164062,-94.8620376586914,-523.2651515496882,-96.02201696602825,-513.6090980042483,-93.85587069111571,0.035750001668930054,0.0,15.0,-12.64386121016791
-518.5034790039062,-93.4128646850586,-523.0941898409238,-94.70906994134685,-513.5570089992112,-92.01620942887102,0.09920001029968262,0.0,15.0,-15.767235129790775
-518.9978637695312,-91.97765350341797,-522.9444810128487,-93.33713806276947,-513.5665169377921,-90.10672665670269,0.15080001950263977,0.0,15.0,-19.007206393702567
-519.5672607421875,-90.58604431152344,-522.8332619301979,-91.9223758045722,-513.66724994957,-88.1719697972684,0.19840002059936523,0.0,15.0,-22.252631773095143
-520.2263793945312,-89.1996841430664,-522.7997465878655,-90.42314277600146,-513.8389221406986,-86.1628887180109,0.1587499976158142,0.0,15.0,-25.427864945594376
-520.955322265625,-87.86557006835938,-522.9122398747315,-88.93480482685577,-514.108596011932,-84.1246063924789,0.10715001821517944,0.0,15.0,-28.651628151745204
-521.7669067382812,-86.56327056884766,-523.1443650982727,-87.42169354844546,-514.5870481752966,-82.0888299906464,0.09130001068115234,0.0,15.0,-31.93088883228703
-522.6354370117188,-85.33638000488281,-523.6162668860871,-86.0307210194782,-515.2924075030365,-80.13816297204062,0.09130001068115234,0.0,15.0,-35.29512640786472
-523.5803833007812,-84.15715026855469,-524.265250672594,-84.7059516272361,-516.2723043166638,-78.30100374894565,0.08335000276565552,0.0,15.0,-38.70606975067263
-524.5994262695312,-83.03472900390625,-525.0719936605113,-83.46377154987911,-517.5477312761749,-76.63251583575126,0.07940000295639038,0.0,15.0,-42.236215663287666
-525.6890258789062,-81.97743225097656,-526.0450132288937,-82.34429583626044,-519.0141662284867,-75.09864023012022,0.07940000295639038,0.0,15.0,-45.862024698705135
-526.8483276367188,-80.99556732177734,-527.1595193509194,-81.36299576387854,-520.6790694982234,-73.71143730382292,0.0675000250339508,0.0,15.0,-49.73723274279071
-528.07177734375,-80.09806823730469,-528.3913221824406,-80.53366426859101,-522.4809101432417,-72.47672916648918,0.07940000295639038,0.0,15.0,-53.736947004943296
-529.357177734375,-79.2900619506836,-529.7215684433503,-79.86974550935446,-524.4114650481188,-71.422275370189,0.11904999613761902,0.0,15.0,-57.84641641382092
-530.7012329101562,-78.55899047851562,-531.1735582771825,-79.4273479214914,-526.4036246982587,-70.6579537391778,0.16269999742507935,0.0,15.0,-61.45691931115939
-532.0643920898438,-77.91239166259766,-532.6986417791522,-79.24951642204736,-528.3906610129869,-70.16743432918365,0.178600013256073,0.0,15.0,-64.62321597921384
-533.4798583984375,-77.32423400878906,-534.2659551024028,-79.21606248803148,-530.4428631009705,-70.01536963359004,0.18255001306533813,0.0,15.0,-67.43603140809383
-534.9072875976562,-76.81643676757812,-535.8434249394181,-79.44793939828051,-532.4803547730885,-69.99427528818663,0.18255001306533813,0.0,15.0,-70.4173653971362
-536.38232421875,-76.37329864501953,-537.4070303268171,-79.7841517364449,-534.4677812860602,-70.0005205096871,0.1746000051498413,0.0,15.0,-73.27840952988207
-537.8570556640625,-76.00421142578125,-538.8965872379767,-80.15778223652451,-536.3510852620811,-69.98692935328009,0.1746000051498413,0.0,15.0,-75.94897162263021
-539.3703002929688,-75.6966552734375,-540.3546379735275,-80.53981544690302,-538.208579410269,-69.980730319126,0.1746000051498413,0.0,15.0,-78.51152400166806
-540.8731079101562,-75.45540618896484,-541.7491264976173,-80.91236951345617,-540.002138675584,-70.02989668739617,0.18255001306533813,0.0,15.0,-80.87999120954368
-542.4088134765625,-75.27349853515625,-543.1225661060784,-81.29915970573005,-541.8086668590176,-70.20692501872101,0.18255001306533813,0.0,15.0,-83.24466784456618
-543.9279174804688,-75.15164184570312,-544.4518334681012,-81.68294413279759,-543.5536512290655,-70.4859204677046,0.18255001306533813,0.0,15.0,-85.41377267060575
-545.4745483398438,-75.08561706542969,-545.7728916134129,-82.07430997251778,-545.2923088948709,-70.81665701402102,0.18255001306533813,0.0,15.0,-87.55556036835755
-546.9972534179688,-75.07656860351562,-547.0411202280261,-82.45862038975196,-546.9739643872379,-71.15741353657083,0.18255001306533813,0.0,15.0,-89.65953185286477
-548.5421752929688,-75.12157440185547,-548.3171671760274,-82.84546720541005,-548.6466101793201,-71.53661987624,0.18255001306533813,0.0,15.0,-91.66863662454672
-550.0574340820312,-75.21529388427734,-549.5622264345583,-83.22182273882842,-550.2610790051592,-71.92275799266312,0.18255001306533813,0.0,15.0,-93.53926289300523
-551.5913696289062,-75.35692596435547,-550.8296840475512,-83.6063041288095,-551.8730720707987,-72.3059689423173,0.18255001306533813,0.0,15.0,-95.27530443980662
-553.0914916992188,-75.53663635253906,-552.0794501961744,-83.98459425933498,-553.43522530822,-72.66733993410314,0.18255001306533813,0.0,15.0,-96.8313171640334
-554.6079711914062,-75.75699615478516,-553.357314561962,-84.36380697503834,-555.0038905712111,-73.03234486215497,0.18255001306533813,0.0,15.0,-98.26778859241065
-556.0878295898438,-76.00493621826172,-554.6272533758141,-84.72255105864855,-556.5242279119092,-73.40024332225592,0.18255001306533813,0.0,15.0,-99.51117399088184
-557.5829467773438,-76.2878189086914,-555.9214076497839,-85.06953582302458,-558.0549090799672,-73.79336104903072,0.18255001306533813,0.0,15.0,-100.71396220148124
-559.0926513671875,-76.60621643066406,-557.2354455302153,-85.41229054515502,-559.5988658417032,-74.20596434676973,0.18255001306533813,0.0,15.0,-101.90918829245527
-560.5629272460938,-76.943359375,-558.5428069120052,-85.75307718045114,-561.097242581985,-74.61321732905557,0.18255001306533813,0.0,15.0,-102.91498826734326
-562.04833984375,-77.30643463134766,-559.8969108308642,-86.10835572850947,-562.6072293235667,-75.01990736323141,0.18255001306533813,0.0,15.0,-103.73533649625269
-563.5510864257812,-77.68817138671875,-561.3174111821194,-86.48126712757202,-564.1252109429549,-75.4280702995065,0.18255001306533813,0.0,15.0,-104.25314265177859
-565.0156860351562,-78.06897735595703,-562.73093926978,-86.85623252105901,-565.5993698248885,-75.82409907279772,0.18255001306533813,0.0,15.0,-104.57458522528374
-566.4990234375,-78.45999145507812,-564.1822017537111,-87.24900511430378,-567.0880732212072,-76.22539281022279,0.18650001287460327,0.0,15.0,-104.76748012676238
-568.0018310546875,-78.85960388183594,-565.6622587553447,-87.65794656837097,-568.594277359489,-76.63161305869326,0.18650001287460327,0.0,15.054916381835938,-104.89096439642424
-569.4664306640625,-79.24971771240234,-567.1190137479273,-88.06259649042514,-570.0584312342806,-77.02717717178004,0.18650001287460327,0.0,15.253442764282227,-104.91512419822719
-570.949951171875,-79.64555358886719,-568.5955939723921,-88.46925400567156,-571.5417276145541,-77.42768365601682,0.18650001287460327,0.0,15.451011657714844,-104.93972476278103
-572.4532470703125,-80.04647827148438,-570.0975343846511,-88.87939221216399,-573.043312399745,-77.83398593064008,0.18255001306533813,0.0,15.65757942199707,-104.93304603029334
-573.9144287109375,-80.43814849853516,-571.5460558614783,-89.2737011823387,-574.5062951309553,-78.23010640877891,0.18255001306533813,0.0,15.848333358764648,-105.00540666693556
-575.3924560546875,-80.83676147460938,-573.009906875847,-89.67107707777153,-575.9870215723605,-78.63215664356157,0.18255001306533813,0.0,16.039159774780273,-105.09315564715862
-576.8878173828125,-81.24263763427734,-574.4912559800368,-90.07224035132138,-577.4861018178275,-79.03839038784518,0.18255001306533813,0.0,16.23580551147461,-105.18556499526817
-578.3370361328125,-81.63957214355469,-575.9216439444338,-90.45823508715955,-578.941760323602,-79.43170758306003,0.178600013256073,0.0,16.42121696472168,-105.31740133130273
-579.8009643554688,-82.04625701904297,-577.3568766314721,-90.84414750737363,-580.4167588278677,-79.82960485950994,0.178600013256073,0.0,16.60207748413086,-105.52549704897096
-581.2796020507812,-82.46266174316406,-578.8098459538588,-91.23267382899081,-581.9079888222659,-80.23128367819577,0.1746000051498413,0.0,16.783592224121094,-105.72795024194787
-582.7724609375,-82.88894653320312,-580.2784161341066,-91.6231473201452,-583.4154580478578,-80.63715624473403,0.1746000051498413,0.0,16.961103439331055,-105.9366552558871
-584.2135620117188,-83.30567169189453,-581.6994929774164,-91.99971742066747,-584.8719733848761,-81.02878171454249,0.17065000534057617,0.0,17.12645149230957,-106.12835489656212
-585.6674194335938,-83.72975158691406,-583.1435537802339,-92.3822268752877,-586.3400576116788,-81.42377099474177,0.17065000534057617,0.0,17.28689956665039,-106.26159018842247
-587.1343994140625,-84.15999603271484,-584.6090807875092,-92.77043111355228,-587.819823630626,-81.8229441227113,0.17065000534057617,0.0,17.44913673400879,-106.3456655777398
-588.614013671875,-84.59632873535156,-586.0881484399032,-93.16159599117297,-589.3127624951752,-82.2268553602478,0.16664999723434448,0.0,17.603139877319336,-106.43059076678708
-590.1060791015625,-85.0372543334961,-587.5879164780007,-93.55856362639886,-590.8162438126511,-82.63410010689107,0.16664999723434448,0.0,17.752395629882812,-106.46312568416397
-591.61083984375,-85.48223876953125,-589.1037378647761,-93.96026255893516,-592.3314614435718,-83.0453825436236,0.16269999742507935,0.0,17.902957916259766,-106.47388271719576
-593.058349609375,-85.91022491455078,-590.5636692637357,-94.3475872087456,-593.7885498517969,-83.44058426363843,0.16269999742507935,0.0,18.032934188842773,-106.47140164122808
-594.5171508789062,-86.34033203125,-592.0407840888382,-94.73946535622272,-595.2543884207255,-83.83983152754833,0.16269999742507935,0.0,18.169321060180664,-106.4274140768346
-595.98681640625,-86.77245330810547,-593.528054123248,-95.13482369069064,-596.7310677189116,-84.24121831347911,0.16269999742507935,0.0,18.299510955810547,-106.38475755207145
-597.4674682617188,-87.20580291748047,-595.029835542922,-95.53461025907052,-598.2170284664178,-84.64473517018565,0.16269999742507935,0.0,18.42702865600586,-106.31342794193856
-598.9589233398438,-87.64019012451172,-596.5422566409998,-95.93774070101173,-599.7133541677157,-85.04987514490233,0.1587499976158142,0.0,18.55364227294922,-106.23823308638286
-600.4609985351562,-88.07524108886719,-598.0659852119537,-96.34436447894005,-601.219297275737,-85.45710707197004,0.1587499976158142,0.0,18.673330307006836,-106.15277554811328
-601.9732666015625,-88.5107421875,-599.5995726363374,-96.75334270974975,-602.7349734566154,-85.86573174671013,0.1587499976158142,0.0,18.792940139770508,-106.06527733774834
-603.4236450195312,-88.92472076416016,-601.0764520764887,-97.14813661060882,-604.1852691991912,-86.25636221842616,0.1587499976158142,0.0,18.907278060913086,-105.93022849325598
-604.8831787109375,-89.33805847167969,-602.5591555284697,-97.54439937093285,-605.6448888004339,-86.64838966460243,0.15080001950263977,0.0,19.007808685302734,-105.812040783125
-606.35107421875,-89.75029754638672,-604.0508118300386,-97.9410417876483,-607.111860267657,-87.04130052956913,0.14285001158714294,0.0,19.101375579833984,-105.68669618704426
-607.8262329101562,-90.16144561767578,-605.547215855627,-98.33833382564285,-608.5861074082798,-87.43509093292569,0.11904999613761902,0.0,19.175912857055664,-105.57392295779786
-609.306884765625,-90.56987762451172,-607.0539800538533,-98.73713064545102,-610.0630138081536,-87.82875094722985,0.09130001068115234,0.0,19.21230125427246,-105.4213098798949
-610.789794921875,-90.97389221191406,-608.5662480522134,-99.13528127739191,-611.539709982675,-88.22137610318813,0.0675000250339508,0.0,19.198055267333984,-105.24017683492856
-612.270751953125,-91.37249755859375,-610.0750733959795,-99.53020448514533,-613.0137997394345,-88.61181747024024,0.05955001711845398,0.0,19.149276733398438,-105.06438096096133
-613.7486572265625,-91.76488494873047,-611.582608487857,-99.92318700920237,-614.4823818533977,-89.00135196447032,0.05555000901222229,0.0,19.072416305541992,-104.86912004613214
-615.2219848632812,-92.1513900756836,-613.0816086601225,-100.31033854280544,-615.9464128029234,-89.3899268249894,0.05555000901222229,0.0,19.012245178222656,-104.69944903248543
-616.6904907226562,-92.53285217285156,-614.5713698562519,-100.69078301877867,-617.4077204367459,-89.77174944343737,0.05555000901222229,0.0,18.928926467895508,-104.56144536886481
-618.1543579101562,-92.90940856933594,-616.0561544035809,-101.06619808253852,-618.8674431862279,-90.13728161232108,0.05160000920295715,0.0,18.858097076416016,-104.4256706650385
-619.6129760742188,-93.27997589111328,-617.5403658200265,-101.4381344391665,-620.3227562855271,-90.48615612378728,0.05160000920295715,0.0,18.768951416015625,-104.2546309358096
-621.1387939453125,-93.66241455078125,-619.0937545114314,-101.82152094974295,-621.8459888633587,-90.84091463955775,0.05160000920295715,0.0,18.689617156982422,-104.07102148520435
-622.6592407226562,-94.03758239746094,-620.645949125,-102.19687096283539,-623.3619368898758,-91.18975806401573,0.05160000920295715,0.0,18.601858139038086,-103.8607671193729
-624.1739501953125,-94.40450286865234,-622.1969603925866,-102.56584958177058,-624.8682702028332,-91.53823299542476,0.05160000920295715,0.0,18.509000778198242,-103.61692577040758
-625.6836547851562,-94.76332092285156,-623.7434180353963,-102.926746068872,-626.3682421155386,-91.88296241599318,0.05160000920295715,0.0,18.45339012145996,-103.36967410453683
-627.19189453125,-95.11551666259766,-625.2860269310552,-103.277186271317,-627.867428611833,-92.22261582594703,0.05160000920295715,0.0,18.477741241455078,-103.14386206039347
-628.7049560546875,-95.46229553222656,-626.834629289935,-103.62288347990253,-629.3715129948025,-92.55398205756902,0.05555000901222229,0.0,18.460912704467773,-102.90868961898954
-630.2156372070312,-95.80168914794922,-628.3830118629829,-103.95892145376762,-630.8721101032295,-92.87965059044828,0.06350001692771912,0.0,18.413671493530273,-102.66198424733497
-631.7249145507812,-96.13204193115234,-629.9398340231216,-104.28751006749746,-632.3676449329339,-93.19561017320854,0.0675000250339508,0.0,18.374547958374023,-102.34627357790659
-633.2332153320312,-96.45222473144531,-631.5017261307813,-104.6088356192933,-633.8597941536694,-93.50056922300836,0.0675000250339508,0.0,18.341949462890625,-101.9848641266448
-634.7404174804688,-96.76360321044922,-633.0553204826008,-104.92017788329376,-635.3559249020352,-93.78428970383875,0.07145002484321594,0.0,18.304431915283203,-101.67272872152692
-636.2464599609375,-97.06716918945312,-634.6027394141378,-105.22194653842573,-636.8555337440104,-94.04545050392227,0.07145002484321594,0.0,18.2777042388916,-101.39614484339741
-637.751220703125,-97.36460876464844,-636.1405905974667,-105.51286190678157,-638.352902365321,-94.32067305443844,0.07540002465248108,0.0,18.24531364440918,-101.18127308038272
-639.2546997070312,-97.65721893310547,-637.6714145137541,-105.79239775426565,-639.841289874213,-94.64322251286457,0.07540002465248108,0.0,18.232067108154297,-101.01334594310185
-640.7576293945312,-97.94464111328125,-639.2049242623427,-106.06373142730128,-641.3217884576941,-94.99465512409591,0.07540002465248108,0.0,18.19786834716797,-100.82659293325086
-642.2586059570312,-98.2270736694336,-640.7350213371681,-106.32410340479679,-642.7944472474497,-95.37936648901875,0.07940000295639038,0.0,18.183263778686523,-100.6565064855604
-643.7595825195312,-98.50452423095703,-642.267576069535,-106.57611255374323,-644.2568836801697,-95.81418047196871,0.07940000295639038,0.0,18.16207504272461,-100.47272502908127
-645.2594604492188,-98.7791748046875,-643.7875098629125,-106.81755669482664,-645.7028538783723,-96.35778529319701,0.07940000295639038,0.0,18.14246368408203,-100.3767703255025
-646.7579345703125,-99.04989624023438,-645.3122005478695,-107.05219947211322,-647.1356963821364,-96.95894138912627,0.07940000295639038,0.0,18.118221282958984,-100.24086088124378
-648.2555541992188,-99.31614685058594,-646.8400817011295,-107.27796671089115,-648.5762244194996,-97.51242510262753,0.07940000295639038,0.0,18.10051155090332,-100.08086206673939
-649.7526245117188,-99.57849884033203,-648.3655179531049,-107.49380396603158,-650.0423801837342,-97.92505373068127,0.07940000295639038,0.0,18.085092544555664,-99.93978741156637
-651.2491455078125,-99.83618927001953,-649.8945908524964,-107.70268041016493,-651.5338258945559,-98.18292579238779,0.07940000295639038,0.0,18.071191787719727,-99.77012088539183
-652.7449340820312,-100.08824920654297,-651.4279720348919,-107.90344114049597,-653.0381705779619,-98.3481083249471,0.07940000295639038,0.0,18.04973602294922,-99.56522362586792
-654.2399291992188,-100.33621215820312,-652.9529112609198,-108.09578075749394,-654.5441500063536,-98.50203242220456,0.07540002465248108,0.0,18.031118392944336,-99.4174610814335
-655.7339477539062,-100.57923889160156,-654.4810107827947,-108.28172929880154,-656.0411767167841,-98.69053403737321,0.07540002465248108,0.0,18.009475708007812,-99.23917897925134
-657.226318359375,-100.81731414794922,-656.0071355521043,-108.45974037979101,-657.5366933283553,-98.87173405077539,0.07540002465248108,0.0,17.981372833251953,-99.06391982673043
-658.7176513671875,-101.0506362915039,-657.5314352404968,-108.63261388343678,-659.0312008326,-99.04651160694748,0.07540002465248108,0.0,17.958820343017578,-98.89196091489923
-660.2083129882812,-101.27896881103516,-659.0565845321323,-108.7979915548269,-660.5247534634892,-99.21309719221533,0.07540002465248108,0.0,17.944488525390625,-98.70860930010892
-661.6978149414062,-101.50103759765625,-660.5859474886796,-108.95876620351473,-662.0152214154281,-99.37206859582744,0.07540002465248108,0.0,17.914020538330078,-98.4797271007899
-663.1859130859375,-101.71647644042969,-662.1149430976506,-109.11397464410565,-663.5032693508741,-99.52440530354473,0.07540002465248108,0.0,17.89215087890625,-98.2377393897953
-664.673095703125,-101.92488098144531,-663.6449020186798,-109.26210965773554,-664.9889844402256,-99.6706871117148,0.07540002465248108,0.0,17.864519119262695,-97.97712866893866
-666.15966796875,-102.12769317626953,-665.1671719188831,-109.40248798214036,-666.4761005213863,-99.80830672567767,0.07540002465248108,0.0,17.85248565673828,-97.76886641034963
-667.7156982421875,-102.33306121826172,-666.7640036365395,-109.54385021488567,-668.0308425176643,-99.94527961219742,0.07540002465248108,0.0,17.821563720703125,-97.51855863121557
-669.2706298828125,-102.5307846069336,-668.3614343248095,-109.68085901214599,-669.5832011243024,-100.07266917300961,0.07940000295639038,0.0,17.80716323852539,-97.2467763558335
-670.8250732421875,-102.7206039428711,-669.9593218541801,-109.81030051836059,-671.1338138091284,-100.19230659275868,0.07940000295639038,0.0,17.785114288330078,-96.96214868565757
-672.378662109375,-102.90314483642578,-671.5527123074688,-109.93272813751055,-672.6840465296681,-100.30404593677177,0.07940000295639038,0.0,17.77104377746582,-96.7013149161531
-673.931640625,-103.0781021118164,-673.1464289851648,-110.04789976190122,-674.2324505827961,-100.40801365336091,0.07940000295639038,0.0,17.750808715820312,-96.42779253521718
-675.48388671875,-103.2468490600586,-674.7328544884869,-110.15534048968239,-675.7821591805143,-100.50314158285832,0.07940000295639038,0.0,17.732559204101562,-96.20434337835542
-677.0348510742188,-103.40926361083984,-676.3179453116423,-110.25529605459379,-677.3299794093228,-100.59095991924593,0.07940000295639038,0.0,17.713897705078125,-95.97813557935052
-678.5847778320312,-103.56529998779297,-677.9018917757255,-110.34848344714233,-678.8761684938185,-100.67088400288189,0.07940000295639038,0.0,17.6993350982666,-95.74879083939891
-680.1337890625,-103.71505737304688,-679.4843556911468,-110.43245287218478,-680.4214715375219,-100.73942192199758,0.07940000295639038,0.0,17.67746925354004,-95.52215588725123
-681.6820068359375,-103.85899353027344,-681.0637084460617,-110.50958484060486,-681.9664633513653,-100.79929927803482,0.08335000276565552,0.0,17.661279678344727,-95.31145999059775
-683.2293090820312,-103.99752044677734,-682.6402385285567,-110.57725392747774,-683.5110402223492,-100.85067189769991,0.08335000276565552,0.0,17.650619506835938,-95.11593862130138
-684.7761840820312,-104.13005065917969,-684.2186505460381,-110.63750788614814,-685.0533589813174,-100.89490212541236,0.08335000276565552,0.0,17.63360595703125,-94.89692034750368
-686.32177734375,-104.25605010986328,-685.797337601429,-110.6891776156678,-686.5931363587003,-100.92737952647246,0.08335000276565552,0.0,17.6240177154541,-94.66054548258035
-687.8673095703125,-104.37531280517578,-687.376755627498,-110.73242996993902,-688.1316394885039,-100.94984597383448,0.08335000276565552,0.0,17.608158111572266,-94.41254742261609
-689.412353515625,-104.48754119873047,-688.9561986545837,-110.76740749507263,-689.6682954823635,-100.96399806017428,0.08335000276565552,0.0,17.598413467407227,-94.1545354626148
-690.95654296875,-104.59276580810547,-690.5340033370891,-110.7936084305081,-691.2034861660519,-100.96883141614632,0.08335000276565552,0.0,17.58153533935547,-93.89823956014443
-692.500244140625,-104.69031524658203,-692.1134804699739,-110.81077622459541,-692.7355903279579,-100.9660069280947,0.08335000276565552,0.0,17.571887969970703,-93.61582241460546
-694.0431518554688,-104.7801513671875,-693.6915338106961,-110.81908303856508,-694.2660424969843,-100.95207321729741,0.08335000276565552,0.0,17.56083869934082,-93.33229631424938
-695.5857543945312,-104.86141967773438,-695.2719978565693,-110.81702068445671,-695.7928414522007,-100.93057604608634,0.08335000276565552,0.0,17.546621322631836,-93.01570263871983
-697.127685546875,-104.93451690673828,-696.8493734660967,-110.80530124799789,-697.318903942452,-100.9009084504485,0.08730000257492065,0.0,17.54157066345215,-92.71414810100477
-698.669189453125,-104.99884033203125,-698.4278147570471,-110.78335872761143,-698.8417177848926,-100.86421758538356,0.08730000257492065,0.0,17.535276412963867,-92.38943538621636
-700.210693359375,-105.05473327636719,-700.0040543974117,-110.75374897207556,-700.3642804978532,-100.8188645683073,0.08730000257492065,0.0,17.531343460083008,-92.07656140397498
-701.752197265625,-105.10271453857422,-701.5775045929707,-110.7151020603497,-701.8872657172195,-100.76334253861033,0.08730000257492065,0.0,17.519201278686523,-91.78282812017247
-703.293701171875,-105.1429443359375,-703.14961398296,-110.66400034691992,-703.4096323555904,-100.70075510640457,0.08730000257492065,0.0,17.51728630065918,-91.4949521036308
-704.8341674804688,-105.17619323730469,-704.7171269263221,-110.59883948991472,-704.932278389344,-100.63058290393448,0.08730000257492065,0.0,17.510574340820312,-91.23646065669175
-706.3743286132812,-105.202392578125,-706.2838720848911,-110.51999313118014,-706.4534100776931,-100.55348943783837,0.08730000257492065,0.0,17.504974365234375,-90.97455185542367
-707.9144897460938,-105.22209930419922,-707.8478321901299,-110.43165955875932,-707.9752874511983,-100.47051032825867,0.08730000257492065,0.0,17.499473571777344,-90.73307305019976
-709.4544677734375,-105.23616790771484,-709.4078773831266,-110.33604703107301,-709.498830145263,-100.38017223079251,0.08730000257492065,0.0,17.49440574645996,-90.52341602754598
-710.993408203125,-105.2446060180664,-710.9660684386841,-110.23082533533925,-711.0206111983747,-100.28333063125912,0.08730000257492065,0.0,17.492321014404297,-90.31415333301786
-712.5322265625,-105.2478256225586,-712.5220325274131,-110.12009126444863,-712.5428258317478,-100.18187725716481,0.08730000257492065,0.0,17.483999252319336,-90.11987735836777
-714.0708618164062,-105.24568176269531,-714.0774931273457,-110.0049335057388,-714.0636585929318,-100.07597185333094,0.08730000257492065,0.0,17.47883415222168,-89.92016688670655
-715.6085205078125,-105.23831939697266,-715.6307577045343,-109.88264434629677,-715.5832682840281,-99.964294329211,0.08730000257492065,0.0,17.477497100830078,-89.72566782082555
-717.14599609375,-105.22625732421875,-717.1815335485946,-109.75599034148114,-717.1038238351691,-99.85082813433173,0.08730000257492065,0.0,17.469003677368164,-89.55050233730206
-718.6834106445312,-105.21019744873047,-718.7295662815882,-109.6286842585232,-718.6262421336004,-99.7374463918636,0.08730000257492065,0.0,17.46450424194336,-89.40150844971389
-720.2196044921875,-105.19105529785156,-720.2733036836805,-109.50051707764159,-720.1502104202868,-99.62204965203718,0.08730000257492065,0.0,17.460081100463867,-89.28608769133683
-721.7557373046875,-105.16893005371094,-721.8162644176715,-109.3712648939344,-721.6741696275103,-99.50577060765666,0.08730000257492065,0.0,17.455909729003906,-89.17481389029761
-723.29150390625,-105.1439208984375,-723.3582513689228,-109.24276081490316,-723.1978072165676,-99.39017811433396,0.08730000257492065,0.0,17.4506893157959,-89.06705068168517
-724.8262939453125,-105.11597442626953,-724.8991066014372,-109.11476678425392,-724.7199442408254,-99.27536362848802,0.08730000257492065,0.0,17.446056365966797,-88.95683582890074
-726.3609008789062,-105.08589935302734,-726.4373673072913,-108.98766578404664,-726.2447805517613,-99.16075803307913,0.08730000257492065,0.0,17.436960220336914,-88.8772667662051
-727.8945922851562,-105.05381774902344,-727.9742313322322,-108.86103767753727,-727.7689309172818,-99.04645726968911,0.08730000257492065,0.0,17.436534881591797,-88.8016673535026
-729.4280395507812,-105.02001953125,-729.5099261307212,-108.73526726833487,-729.2938634581,-98.93236237093556,0.08730000257492065,0.0,17.428417205810547,-88.73736659185235
-730.9610595703125,-104.98406219482422,-731.0461150072764,-108.61035103033605,-730.8164487216409,-98.81866319446864,0.08730000257492065,0.0,17.423072814941406,-88.65636070458588
-732.4934692382812,-104.94609832763672,-732.5811599548518,-108.48572987255133,-732.3388627431455,-98.705414608384,0.08730000257492065,0.0,17.42144775390625,-88.58084651246472
-734.0255737304688,-104.90631866455078,-734.1153092096374,-108.3624598200412,-733.8616245866176,-98.59185543639501,0.08730000257492065,0.0,17.414020538330078,-88.51270271623012
-735.5572509765625,-104.8648910522461,-735.6485332322652,-108.23981290397093,-735.3845245819964,-98.47878590066404,0.08730000257492065,0.0,17.409038543701172,-88.45068614186177
-737.0880126953125,-104.82130432128906,-737.1818725908603,-108.11765465258587,-736.9042026443356,-98.36591334841725,0.08730000257492065,0.0,17.404464721679688,-88.36900733200423
-738.6187744140625,-104.77536010742188,-738.7154275850373,-107.9956344721489,-738.4230078705457,-98.25284278905333,0.08730000257492065,0.0,17.40034294128418,-88.2808431354057
-740.1492309570312,-104.72733306884766,-740.2479769640726,-107.87402870228323,-739.9425117473866,-98.13990281392617,0.08730000257492065,0.0,17.39678955078125,-88.20259915878094
-741.6787109375,-104.67719268798828,-741.7795222881186,-107.75233770947744,-741.4606942216008,-98.02682034018491,0.08730000257492065,0.0,17.392200469970703,-88.12236592766243
-743.2081298828125,-104.6249771118164,-743.3108105986578,-107.63254388873281,-742.9790006863861,-97.91367447703924,0.08730000257492065,0.0,17.385639190673828,-88.04463611527002
-744.7374877929688,-104.570556640625,-744.8421581947409,-107.51206933621471,-744.4965785213178,-97.80037453519138,0.08730000257492065,0.0,17.383209228515625,-87.96205436684038
-746.2657470703125,-104.51361846923828,-746.3729648781075,-107.39141741269823,-746.0114119129059,-97.68708972068941,0.08730000257492065,0.0,17.38412857055664,-87.86632492864564
-747.7938232421875,-104.45494079589844,-747.9019933226889,-107.27189165839455,-747.5295771307718,-97.57347867611924,0.08730000257492065,0.0,17.383338928222656,-87.80093944278809
-749.321533203125,-104.3936996459961,-749.4321268658088,-107.15254791007905,-749.0435695259861,-97.45967115337092,0.08730000257492065,0.0,17.36956214904785,-87.70441916960432
-750.848876953125,-104.3300552368164,-750.9615269721486,-107.0334396300523,-750.5578164931011,-97.3451624517387,0.08730000257492065,0.0,17.37190818786621,-87.61386549755721
-752.3756103515625,-104.26457214355469,-752.4892666843359,-106.91446100105759,-752.0739059449878,-97.23035657691456,0.08730000257492065,0.0,17.369787216186523,-87.54403309710912
-753.90234375,-104.19718170166016,-754.0170476197048,-106.79580286937038,-753.5897253920971,-97.11479917741323,0.08730000257492065,0.0,17.365468978881836,-87.47258875427171
-755.428955078125,-104.1283950805664,-755.5438005788387,-106.67721110882847,-755.1077090396575,-96.9988423617124,0.08730000257492065,0.0,17.35900115966797,-87.42009046916702
-756.954345703125,-104.05646514892578,-757.0723601977721,-106.5591535241658,-756.6160510287225,-96.88237902023027,0.08730000257492065,0.0,17.35671615600586,-87.30021228141783
-758.479736328125,-103.98209381103516,-758.599602449758,-106.44060354583227,-758.1278950905335,-96.76566688457925,0.08730000257492065,0.0,17.350860595703125,-87.208720114644
-760.0045776367188,-103.90604400634766,-760.1250698707884,-106.32198099170873,-759.6426172325648,-96.6485345545194,0.08730000257492065,0.0,17.34889030456543,-87.14480098441535
-761.5286254882812,-103.82774353027344,-761.6507113973026,-106.20403517853643,-761.1537622639427,-96.53137037487242,0.08730000257492065,0.0,17.339696884155273,-87.05892057585721
-763.0523071289062,-103.74813842773438,-763.1744575404225,-106.0861586486218,-762.6691265454864,-96.41386962613038,0.08730000257492065,0.0,17.335529327392578,-87.0092877776749
-764.5752563476562,-103.66686248779297,-764.698052950691,-105.96782622677586,-764.1819526014483,-96.29713371626892,0.08730000257492065,0.0,17.336139678955078,-86.94516740462046
-766.0979614257812,-103.58442687988281,-766.2205833332814,-105.84943111741188,-765.6971430636858,-96.18073118525474,0.08730000257492065,0.0,17.331480026245117,-86.90116872270372
-767.620361328125,-103.49989318847656,-767.7442517666179,-105.73108395189217,-767.2075529551216,-96.06546773878381,0.08730000257492065,0.0,17.321535110473633,-86.8218237721052
-769.1417236328125,-103.41337585449219,-769.2667561969823,-105.61200844320284,-768.7173244007988,-95.95053616689222,0.08730000257492065,0.0,17.321008682250977,-86.74519035986962
-770.6630859375,-103.32567596435547,-770.7880132707807,-105.49283644063499,-770.2313517815079,-95.8362245004074,0.08730000257492065,0.0,17.314594268798828,-86.70079983443192
-772.1838989257812,-103.23543548583984,-772.3108070766823,-105.37420477633827,-771.73813304077,-95.72299141629178,0.08730000257492065,0.0,17.311866760253906,-86.60422203765529
-773.7041015625,-103.14334869384766,-773.8320310662615,-105.25525600134515,-773.2478041763874,-95.61062359299781,0.08730000257492065,0.0,17.307836532592773,-86.53352444865642
-775.22412109375,-103.04855346679688,-775.3542790635389,-105.1356063953266,-774.7532803005079,-95.49873029422463,0.08730000257492065,0.0,17.30336570739746,-86.43140022405241
-776.7431640625,-102.95148468017578,-776.8750836001632,-105.0159119085732,-776.2598202931574,-95.38757067788242,0.08730000257492065,0.0,17.301084518432617,-86.34369775567706
-778.2618408203125,-102.85262298583984,-778.3949093873313,-104.89677306119773,-777.7686715414328,-95.27673905493356,0.08730000257492065,0.0,17.293346405029297,-86.27545697287613
-779.780517578125,-102.75067901611328,-779.9165115285914,-104.77660416235221,-779.271380338764,-95.16597445704615,0.08730000257492065,0.0,17.291292190551758,-86.1596767184415
-781.298095703125,-102.6464614868164,-781.4362072106669,-104.65759151523358,-780.7767556255383,-95.05489505102281,0.08730000257492065,0.0,17.291627883911133,-86.07146145078413
-782.8154296875,-102.54100036621094,-782.9541509282642,-104.53686814912166,-782.2873626557958,-94.94337530180212,0.08730000257492065,0.0,17.283212661743164,-86.02409541537254
-784.332763671875,-102.43341827392578,-784.4734213038421,-104.41724848778343,-783.7937731787904,-94.83151562413767,0.08730000257492065,0.0,17.278972625732422,-85.94439857692903
-785.8489990234375,-102.32463073730469,-785.9905673053746,-104.29775045671404,-785.3032094292184,-94.71764281411772,0.08730000257492065,0.0,17.279409408569336,-85.89614896531852
-787.364990234375,-102.21399688720703,-787.5083705575468,-104.17870578559445,-786.8095512936433,-94.6029397684455,0.08730000257492065,0.0,17.275144577026367,-85.82607381812969
-788.8807373046875,-102.10183715820312,-789.0256028470295,-104.05957656560155,-788.3172487977184,-94.48675052079419,0.08730000257492065,0.0,17.268104553222656,-85.76803500278383
-790.3960571289062,-101.98805236816406,-790.5426707671373,-103.94056774773382,-789.8239440613688,-94.36898243239801,0.08730000257492065,0.0,17.268709182739258,-85.70574056974469
-791.9107055664062,-101.87174224853516,-792.0603691338297,-103.82073593259136,-791.3254098761224,-94.2497296017226,0.08730000257492065,0.0,17.26188850402832,-85.60886460923118
-793.4253540039062,-101.75303649902344,-793.5780732138206,-103.70168611055931,-792.8278291331329,-94.12880502239395,0.08730000257492065,0.0,17.261642456054688,-85.51878545004178
-794.9390258789062,-101.63240051269531,-795.0944905769619,-103.58308329123352,-794.3312836768641,-94.00679635856206,0.08730000257492065,0.0,17.255826950073242,-85.44329631631935
-796.4523315429688,-101.50892639160156,-796.6118143795959,-103.46355686680289,-795.8301884875286,-93.8839066602208,0.08730000257492065,0.0,17.25373649597168,-85.33543721137852
-797.965576171875,-101.38388061523438,-798.1276351858091,-103.34504187574373,-797.3355711644498,-93.75985906595204,0.08730000257492065,0.0,17.248233795166016,-85.27614109487708
-799.4775390625,-101.2566146850586,-799.6432731172125,-103.22559208609576,-798.8360355598453,-93.63533309869692,0.08730000257492065,0.0,17.246782302856445,-85.18860372279126
-800.9892578125,-101.12651062011719,-801.1597022937385,-103.1069569515858,-800.3338255208935,-93.5108432309143,0.08730000257492065,0.0,17.23877716064453,-85.08103584370366
-802.5010986328125,-100.9944076538086,-802.6752624775863,-102.9876105114687,-801.8362465136202,-93.38556584386602,0.08730000257492065,0.0,17.242252349853516,-85.00624208465653
-804.0119018554688,-100.85952758789062,-804.191164869589,-102.86746803181582,-803.3334757919317,-93.2604188823164,0.08730000257492065,0.0,17.234241485595703,-84.8983268323857
-805.5224609375,-100.72095489501953,-805.7083685761277,-102.74750475942308,-804.8266629690263,-93.13617091803074,0.08730000257492065,0.0,17.231056213378906,-84.75858286291546
-807.03173828125,-100.57891845703125,-807.2244620584762,-102.62679880864565,-806.3196832462497,-93.01263091103023,0.08730000257492065,0.0,17.2278995513916,-84.62379106402095
-808.541015625,-100.4340591430664,-808.7398632031584,-102.5058357955976,-807.8168838451588,-92.88938935767136,0.08730000257492065,0.0,17.231163024902344,-84.51758734519021
-810.0494384765625,-100.28539276123047,-810.2563269357386,-102.38455785620263,-809.3084308137804,-92.76686114756099,0.08335000276565552,0.0,17.2232608795166,-84.37124947543089
-811.5572509765625,-100.13338470458984,-811.7718380185445,-102.26193651552003,-810.8022224964006,-92.6440357489916,0.08335000276565552,0.0,17.21503257751465,-84.24325439139439
-813.0638427734375,-99.97772979736328,-813.2871288148142,-102.13892679583135,-812.2934847021455,-92.52139468050373,0.08335000276565552,0.0,17.207927703857422,-84.10136251373592
-814.5695190429688,-99.81861114501953,-814.8016289435047,-102.01497445009181,-813.7853778399128,-92.39859605557353,0.08335000276565552,0.0,17.204498291015625,-83.9674192651155
-816.073974609375,-99.65556335449219,-816.3161186086471,-101.88984623804771,-815.2740768327872,-92.27483983379075,0.08335000276565552,0.0,17.19687843322754,-83.81461917560281
-817.57763671875,-99.48924255371094,-817.8292991958521,-101.76445605311872,-816.765745939452,-92.14915402571643,0.08335000276565552,0.0,17.186241149902344,-83.6881435596939
-819.080078125,-99.31893920898438,-819.3428517902103,-101.63716751928455,-818.2530041080487,-92.02236936711591,0.08335000276565552,0.0,17.178312301635742,-83.53306441446004
-820.581298828125,-99.14483642578125,-820.855370166745,-101.50804716888364,-819.740334285929,-91.8935256878829,0.08335000276565552,0.0,17.173124313354492,-83.3847239818408
-822.0814819335938,-98.96685028076172,-822.3675546710716,-101.37805755564466,-821.2264631353153,-91.7601952015425,0.08335000276565552,0.0,17.1689510345459,-83.23388848990156
-823.5806274414062,-98.78460693359375,-823.8798907787714,-101.24636641527385,-822.7100786860501,-91.6234168204585,0.08335000276565552,0.0,17.158952713012695,-83.06885842576499
-825.0786743164062,-98.59793853759766,-825.3921120682588,-101.11333190220083,-824.1920468044635,-91.48259602625646,0.08335000276565552,0.0,17.152122497558594,-82.89710774972265
-826.5751342773438,-98.40631103515625,-826.9044937623408,-100.97834936876568,-825.6699971774277,-91.33790273297326,0.08335000276565552,0.0,17.143949508666992,-82.70276644774192
-828.0704345703125,-98.20942687988281,-828.4168352930742,-100.84027902494671,-827.1459627172774,-91.18822687135497,0.08335000276565552,0.0,17.138080596923828,-82.499090893368
-829.5643310546875,-98.00672912597656,-829.9297431799847,-100.69984179648945,-828.6182819663279,-91.03428182495614,0.08335000276565552,0.0,17.130306243896484,-82.27307051313936
-831.056884765625,-97.79829406738281,-831.4422455381573,-100.55777059198134,-830.0901484197076,-90.87572580879889,0.08335000276565552,0.0,17.123796463012695,-82.05006110761234
-832.5478515625,-97.58356475830078,-832.9553797045985,-100.41322472069035,-831.5582907501961,-90.71257764926997,0.08335000276565552,0.0,17.115360260009766,-81.80460382955258
-834.0374145507812,-97.36235046386719,-834.4681726499166,-100.26289232540137,-833.0250793393284,-90.54571564117163,0.08335000276565552,0.0,17.11258888244629,-81.5527712540066
-835.5255737304688,-97.13429260253906,-835.981623504582,-100.11018062406438,-834.4898357718243,-90.37573167448683,0.08335000276565552,0.0,17.109359741210938,-81.28730334726059
-837.0123901367188,-96.89920043945312,-837.4950651082852,-99.9518290647166,-835.9534434479436,-90.20200011789464,0.08335000276565552,0.0,17.09976577758789,-81.01490321567988
-838.4974975585938,-96.65692138671875,-839.0082168293018,-99.78749735217242,-837.4155972201074,-90.0251544044669,0.08730000257492065,0.0,17.099287033081055,-80.73444303137639
-839.9812622070312,-96.40703582763672,-840.5217143474667,-99.61611995037002,-838.8760725798578,-89.84466661893238,0.08730000257492065,0.0,17.09798812866211,-80.44034078447932
-841.4636840820312,-96.14942169189453,-842.0352684022056,-99.43856223999462,-840.3360049911494,-89.66027408558303,0.08730000257492065,0.0,17.105121612548828,-80.14163494640528
-842.9451904296875,-95.8841323852539,-843.548619066298,-99.25397554560067,-841.7970607445982,-89.47240988527157,0.08730000257492065,0.0,17.103229522705078,-79.84779865661005
-844.4252319335938,-95.61100006103516,-845.0620962052969,-99.06202167545516,-843.2571519948125,-89.28144242181575,0.08730000257492065,0.0,17.109582901000977,-79.54406322602259
-845.904296875,-95.33007049560547,-846.5754341716314,-98.86353855475883,-844.7185457367588,-89.08721408737102,0.08730000257492065,0.0,17.10835075378418,-79.2455015766188
-847.3819580078125,-95.0412368774414,-848.0887879333433,-98.65735024784671,-846.1792784035748,-88.88837656393426,0.08730000257492065,0.0,17.113523483276367,-78.9400301362535
-848.8582763671875,-94.74443054199219,-849.6017493936879,-98.44247451083609,-847.640042879909,-88.68492220786997,0.08730000257492065,0.0,17.112382888793945,-78.63251119667984
-850.3330688476562,-94.43956756591797,-851.114367202854,-98.21914406315643,-849.1005110222312,-88.47699698392229,0.08730000257492065,0.0,17.116960525512695,-78.3205598176386
-851.806396484375,-94.12681579589844,-852.6259792426065,-97.98774975066118,-850.5617615071565,-88.26352328935766,0.08730000257492065,0.0,17.11486053466797,-78.01539318134274
-853.2781372070312,-93.80651092529297,-854.1357616511327,-97.74713417196293,-852.0240994301068,-88.04444286632085,0.08730000257492065,0.0,17.11672592163086,-77.72179846124124
-854.7481079101562,-93.47828674316406,-855.6453343223226,-97.49656635742025,-853.4846949594059,-87.82001984915965,0.08730000257492065,0.0,17.117897033691406,-77.41311237337537
-856.2166137695312,-93.14276123046875,-857.152070853733,-97.23700788941547,-854.9479131703552,-87.58999640875312,0.08730000257492065,0.0,17.120426177978516,-77.12992893541966
-857.6834106445312,-92.79931640625,-858.6590917557922,-96.96629143127645,-856.4082431371575,-87.3532837890106,0.08730000257492065,0.0,17.117944717407227,-76.82181991849382
-859.1482543945312,-92.44808197021484,-860.1638474374259,-96.68367213108088,-857.868250544195,-87.10975107844168,0.08730000257492065,0.0,17.119701385498047,-76.51640034181877
-860.6112670898438,-92.08927154541016,-861.6658122594799,-96.38907128450066,-859.3285581817379,-86.85915757096019,0.08730000257492065,0.0,17.1212100982666,-76.21994487895915
-862.0726318359375,-91.7231216430664,-863.1650943836655,-96.08332013952457,-860.7892898006477,-86.60109157956501,0.08730000257492065,0.0,17.121063232421875,-75.93391820838929
-863.5320434570312,-91.34950256347656,-864.6630220780053,-95.76727304904718,-862.2476240079452,-86.33236941167732,0.08730000257492065,0.0,17.12063217163086,-75.64030589224183
-864.9896850585938,-90.9684066772461,-866.1588121869479,-95.44016405217022,-863.7050210555617,-86.0547359646818,0.08730000257492065,0.0,17.122194290161133,-75.34815891203445
-866.4453735351562,-90.57986450195312,-867.6525629149268,-95.1026467915091,-865.1606746567469,-85.76668984017263,0.08730000257492065,0.0,17.121259689331055,-75.05540690170153
-867.8991088867188,-90.18408203125,-869.1437233548854,-94.75563379357443,-866.6151921368049,-85.4681703727647,0.08730000257492065,0.0,17.123271942138672,-74.77022606889801
-869.350830078125,-89.78084564208984,-870.6338879632992,-94.40007736764835,-868.0668787476578,-85.15839735795672,0.08730000257492065,0.0,17.12134552001953,-74.47660339412899
-870.8005981445312,-89.37033081054688,-872.1215923106467,-94.03553413765918,-869.517912848207,-84.84041851756045,0.08730000257492065,0.0,17.124937057495117,-74.1900543910998
-872.2484741210938,-88.95256805419922,-873.6076479733368,-93.66317267065541,-870.967528967491,-84.51308730342564,0.08730000257492065,0.0,17.123519897460938,-73.90530308226937
-873.694091796875,-88.52734375,-875.0928884737273,-93.28277560305406,-872.4134888199804,-84.17373018470035,0.08730000257492065,0.0,17.127649307250977,-73.60890442148872
-875.1378173828125,-88.09491729736328,-876.5759698220269,-92.89642160014576,-873.8578641390541,-83.82158657129379,0.08730000257492065,0.0,17.125944137573242,-73.32592598285028
-876.579345703125,-87.6549301147461,-878.0591401813335,-92.5031750929087,-875.2985019361265,-83.45850658931235,0.08730000257492065,0.0,17.129148483276367,-73.02662042314759
-878.0187377929688,-87.2075424194336,-879.540417886196,-92.10328343424634,-876.736842452427,-83.08326713757879,0.08730000257492065,0.0,17.129907608032227,-72.73386117278287
-879.455810546875,-86.75237274169922,-881.0213836872643,-91.69523825835593,-878.1711108665045,-82.69628773005662,0.08730000257492065,0.0,17.13042449951172,-72.42523946839006
-880.8905029296875,-86.28977966308594,-882.4994928294556,-91.27992253366124,-879.602087750424,-82.29387153335199,0.08730000257492065,0.0,17.129549026489258,-72.1289329677592
-882.3228149414062,-85.81968688964844,-883.9760786733941,-90.85696811511713,-881.0294459297131,-81.87895842984528,0.08730000257492065,0.0,17.133710861206055,-71.82987620442988
-883.7527465820312,-85.3416519165039,-885.4527767928239,-90.42690116603065,-882.4532873554245,-81.45461860677744,0.08730000257492065,0.0,17.134031295776367,-71.5149002265064
-885.1800537109375,-84.85574340820312,-886.9277654925165,-89.98947011293697,-883.8750248177669,-81.02235294306224,0.08730000257492065,0.0,17.135303497314453,-71.19951337424517
-886.6046752929688,-84.36163330078125,-888.4024091925493,-89.54487176043294,-885.2932639885707,-80.5805634155419,0.08730000257492065,0.0,17.13563346862793,-70.87161089798552
-888.0264892578125,-83.85942077636719,-889.8753687240287,-89.09378375336807,-886.7090310065579,-80.12956449307771,0.08730000257492065,0.0,17.139162063598633,-70.54578223648976
-889.445556640625,-83.34883117675781,-891.3480522725355,-88.6363840357524,-888.122211856133,-79.67089605758541,0.08730000257492065,0.0,17.137619018554688,-70.21094144795632
-890.8617553710938,-82.83024597167969,-892.8181747379678,-88.17301047112986,-889.5338589899495,-79.20390809941586,0.08730000257492065,0.0,17.140933990478516,-69.88822438569738
-892.2753295898438,-82.30396270751953,-894.2854020574218,-87.70293092765074,-890.9438586152395,-78.72768891945225,0.08730000257492065,0.0,17.14327049255371,-69.57936007753592
-893.6860961914062,-81.76936340332031,-895.7534593993465,-87.22497650298577,-892.3505628254122,-78.2449931820777,0.08730000257492065,0.0,17.143653869628906,-69.24617681123118
-895.0939331054688,-81.22693634033203,-897.2182703310091,-86.74052621830867,-893.7563452207784,-77.7553071972439,0.08730000257492065,0.0,17.14500617980957,-68.92876904734028
-896.4988403320312,-80.6769027709961,-898.6803139940529,-86.24886834398842,-895.1601554024212,-77.25760577432358,0.08730000257492065,0.0,17.14638328552246,-68.61921873405221
-897.9012451171875,-80.11957550048828,-900.1387959466921,-85.74993338243507,-896.5630545041025,-76.7522812399157,0.08730000257492065,0.0,17.150257110595703,-68.32671751500123
-899.3012084960938,-79.55607604980469,-901.5911735826232,-85.24528702636569,-897.9673441934879,-76.242210927464,0.08730000257492065,0.0,17.150442123413086,-68.07471497631195
-900.6989135742188,-78.98650360107422,-903.040742034979,-84.7332449313436,-899.3716457955732,-75.72944838644852,0.08730000257492065,0.0,17.153676986694336,-67.8288361550123
-902.0943603515625,-78.41085815429688,-904.4884033497862,-84.21436030201008,-900.7754949011569,-75.21373994060869,0.08730000257492065,0.0,17.15393829345703,-67.58302264185406
-903.4874267578125,-77.82910919189453,-905.9340415832019,-83.68781654258488,-902.1783813348545,-74.69444575313646,0.08730000257492065,0.0,17.155168533325195,-67.33442956737429
-904.8779907226562,-77.24163818359375,-907.3761527960372,-83.15487323434259,-903.5811200347651,-74.171900919691,0.08730000257492065,0.0,17.156400680541992,-67.09741995784468
-906.2662353515625,-76.64837646484375,-908.8155393908065,-82.6138003714905,-904.9839540916458,-73.64781193225073,0.08730000257492065,0.0,17.15772247314453,-66.86072029200153
-907.6522827148438,-76.04949188232422,-910.2517009671302,-82.06553724366776,-906.386321512549,-73.1195747702907,0.08730000257492065,0.0,17.157852172851562,-66.63174974319453
-909.035888671875,-75.44483184814453,-911.686204813424,-81.50938547196392,-907.7866964429314,-72.58638294836176,0.08730000257492065,0.0,17.15996551513672,-66.3938296107557
-910.4171752929688,-74.83486938476562,-913.1159565066304,-80.94637723565828,-909.1857380030424,-72.04622589370764,0.08730000257492065,0.0,17.159648895263672,-66.174222669617
-911.7964477539062,-74.22002410888672,-914.540801381632,-80.37638820615531,-910.5847665477125,-71.50187926057583,0.08335000276565552,0.0,17.160436630249023,-65.97387885754446
-913.1735229492188,-73.6005630493164,-915.9622976127924,-79.80006882161985,-911.9817423224305,-70.951209205279,0.08335000276565552,0.0,17.15802764892578,-65.77996334588538
-914.5480346679688,-72.9763412475586,-917.3819577761712,-79.21652784676363,-913.374550897799,-70.39237639833495,0.08335000276565552,0.0,17.155738830566406,-65.57526483329657
-915.9197387695312,-72.34686279296875,-918.801273703123,-78.62605036226996,-914.7627141884656,-69.82557655690447,0.08335000276565552,0.0,17.14704704284668,-65.34949100438631
-917.2886352539062,-71.71200561523438,-920.2183178580871,-78.02906771652442,-916.1473710786967,-69.25118045332502,0.08335000276565552,0.0,17.147974014282227,-65.11940461342152
-918.6544799804688,-71.0715103149414,-921.6337602571425,-77.42477200630007,-917.5268001610438,-68.66675334965512,0.08335000276565552,0.0,17.142101287841797,-64.87637564832828
-920.0172729492188,-70.4253158569336,-923.0464341880175,-76.81367091985364,-918.901016987076,-68.07118583046554,0.08335000276565552,0.0,17.136465072631836,-64.63113259589593
-921.3763427734375,-69.77278900146484,-924.4595413003647,-76.19441294675408,-920.2682594180862,-67.4648952521797,0.08335000276565552,0.0,17.12973976135254,-64.35305520296923
-922.7322387695312,-69.11444091796875,-925.8666738451076,-75.56994382825408,-921.6319571966534,-66.84836402545565,0.08335000276565552,0.0,17.126705169677734,-64.10135539206728
-924.0847778320312,-68.45034790039062,-927.2702609260406,-74.93812928573577,-922.9913685493218,-66.22343280413206,0.08335000276565552,0.0,17.12026023864746,-63.849086700293114
-925.4340209960938,-67.7805404663086,-928.669900030366,-74.2988133975557,-924.347097675658,-65.5910696044812,0.08335000276565552,0.0,17.114402770996094,-63.598728841912006
-926.779541015625,-67.10455322265625,-930.0685329722643,-73.65113315192384,-925.6976841708255,-64.95116932878315,0.08335000276565552,0.0,17.108980178833008,-63.325115050166495
-928.1216430664062,-66.42279052734375,-931.4612483455818,-72.99705914719965,-927.045093480782,-64.30352026429175,0.08335000276565552,0.0,17.10426139831543,-63.07028379323242
-929.460205078125,-65.7350845336914,-932.8507942411558,-72.33458183758223,-928.389360338831,-63.6507751024835,0.08335000276565552,0.0,17.098289489746094,-62.80749850210991
-930.7951049804688,-65.04143524169922,-934.2362446217213,-71.6637687812698,-929.7309412435291,-62.993495331836804,0.08335000276565552,0.0,17.09368324279785,-62.54241845347712
-932.12646484375,-64.34185791015625,-935.6174617321491,-70.98554536326925,-931.0695316960421,-62.33041713358582,0.08335000276565552,0.0,17.08890724182129,-62.27983683847082
-933.4542236328125,-63.63633728027344,-936.9951772369895,-70.30025619415346,-932.4047480098925,-61.661270325150696,0.08335000276565552,0.0,17.082609176635742,-62.015519007993234
-934.7782592773438,-62.92487716674805,-938.3688169487388,-69.60694725092355,-933.7364970273462,-60.986145358876215,0.08335000276565552,0.0,17.077836990356445,-61.748989314394926
-936.0986328125,-62.20736312866211,-939.7380760709367,-68.90468792799531,-935.0652404586336,-60.30570846679952,0.08335000276565552,0.0,17.074487686157227,-61.47957058147698
-937.4156494140625,-61.484825134277344,-941.0975412251067,-68.1960467973419,-936.3915238389875,-59.618085398871415,0.08335000276565552,0.0,17.06907844543457,-61.250068736015564
-938.72900390625,-60.75601577758789,-942.4587610925001,-67.47724309220571,-937.7129699036141,-58.9250666969687,0.08335000276565552,0.0,17.065778732299805,-60.97314024572669
-940.0384521484375,-60.02120590209961,-943.8156080872005,-66.75218539689027,-939.030370974423,-58.2247818673541,0.08335000276565552,0.0,17.06363868713379,-60.700605864684405
-941.3446044921875,-59.2806396484375,-945.1663196891569,-66.02107946321765,-940.3455449767704,-57.51857727906151,0.08335000276565552,0.0,17.0592098236084,-60.44749778520527
-942.6467895507812,-58.53421401977539,-946.513899308165,-65.28062297552528,-941.6552693726811,-56.804446563196414,0.08335000276565552,0.0,17.056442260742188,-60.17822957897534
-943.9452514648438,-57.78176498413086,-947.8569243003897,-64.53193404093426,-942.9603395941118,-56.08215412376478,0.08335000276565552,0.0,17.04984474182129,-59.90802666854204
-945.23974609375,-57.02308654785156,-949.1970271301406,-63.77519495336094,-944.2592997865345,-55.35020062157466,0.08335000276565552,0.0,17.049602508544922,-59.62625170244782
-946.52978515625,-56.25758743286133,-950.5370092105627,-63.010665863682185,-945.5530650714549,-54.611593286244776,0.08335000276565552,0.0,17.044755935668945,-59.315436905065404
-947.873779296875,-55.450138092041016,-951.9325379515288,-62.20591529600025,-946.9013499619723,-53.8315358315533,0.08335000276565552,0.0,17.039119720458984,-59.003251715017214
-949.21240234375,-54.634727478027344,-953.3285519899474,-61.39202580857605,-948.2430927858659,-53.0434554349114,0.08335000276565552,0.0,17.036548614501953,-58.65267902583221
-950.5457763671875,-53.811363220214844,-954.7200080640329,-60.57120500296375,-949.5791201820251,-52.24593912673389,0.08335000276565552,0.0,17.03104019165039,-58.304489465946006
-951.8735961914062,-52.97976303100586,-956.1092803359119,-59.74289927025248,-950.9103584522055,-51.44175692886316,0.08335000276565552,0.0,17.028013229370117,-57.94150046455865
-953.1959228515625,-52.140380859375,-957.4924268633866,-58.90890894148189,-952.2377284376497,-50.630882490273436,0.08335000276565552,0.0,17.023250579833984,-57.5935707099666
-954.5131225585938,-51.29341125488281,-958.8696774868679,-58.06868730345927,-953.5616968355702,-49.8137623076457,0.08335000276565552,0.0,17.019710540771484,-57.25866879379203
-955.8252563476562,-50.439266204833984,-960.2408216845986,-57.2224378407101,-954.8819092424957,-48.99010061940472,0.08335000276565552,0.0,17.01650619506836,-56.93753018966946
-957.1326904296875,-49.578739166259766,-961.6042715035564,-56.37259599408084,-956.2000633293251,-48.16176049832615,0.08335000276565552,0.0,17.0125789642334,-56.64788477673058
-958.4365234375,-48.71318817138672,-962.9566160997902,-55.5220833680578,-957.5171468410507,-47.328274330190446,0.08335000276565552,0.0,17.008264541625977,-56.4217602274922
-959.73681640625,-47.843055725097656,-964.3022260421353,-54.66543095581406,-958.8311285169061,-46.48963004902004,0.08335000276565552,0.0,17.006649017333984,-56.21028046324769
-961.033447265625,-46.96828842163086,-965.6436807469959,-53.80184401656303,-960.1411918159589,-45.64573561713354,0.08335000276565552,0.0,17.00016975402832,-55.99457171859531
-962.32666015625,-46.089263916015625,-966.9784029823294,-52.93286582714529,-961.4490145776408,-44.79807969031191,0.08335000276565552,0.0,16.994455337524414,-55.795213747253136
-963.616943359375,-45.20636749267578,-968.306687338073,-52.06005692068404,-962.7544551990442,-43.945909349738386,0.08335000276565552,0.0,16.99036979675293,-55.617505627361936
-964.904052734375,-44.319820404052734,-969.6297334458696,-51.180671931373766,-964.056795770341,-43.089753332109616,0.08335000276565552,0.0,16.982574462890625,-55.44134747383899
-966.1873779296875,-43.428592681884766,-970.9536231199945,-50.29175726666547,-965.3543431927601,-42.22906259560233,0.08335000276565552,0.0,16.98089027404785,-55.22127496924629
-967.4676513671875,-42.53401565551758,-972.2651342470824,-49.399930738238936,-966.6473970480275,-41.360109121074395,0.07940000295639038,0.0,16.977169036865234,-55.05649710033223
-968.7440185546875,-41.63502883911133,-973.5774654240914,-48.49747984956514,-967.9359407027201,-40.48773275381424,0.07940000295639038,0.0,16.962787628173828,-54.84172097188452
-970.0164794921875,-40.73200988769531,-974.8831495683127,-47.58972594986516,-969.2193327179218,-39.60873542029161,0.07940000295639038,0.0,16.95671844482422,-54.63807243483073
-971.284912109375,-39.82517623901367,-976.1825409277262,-46.67572942382948,-970.495917052759,-38.72157022917228,0.07940000295639038,0.0,16.943378448486328,-54.438091764480966
-972.549072265625,-38.9134407043457,-977.4805427667085,-45.75113462121416,-971.7666383737668,-37.8285627837468,0.07940000295639038,0.0,16.93484878540039,-54.20016472763664
-973.8082885742188,-37.996768951416016,-978.773794818431,-44.81779995095624,-973.0307340124657,-36.928655548934,0.07940000295639038,0.0,16.926563262939453,-53.94650361983263
-975.0625610351562,-37.07493209838867,-980.0617116725095,-43.876891633764714,-974.2871823854011,-36.01993404315483,0.07940000295639038,0.0,16.91916847229004,-53.68569753352063
-976.3114624023438,-36.147216796875,-981.3459119491877,-42.92465262425765,-975.5355861767805,-35.10272299873117,0.07940000295639038,0.0,16.90123748779297,-53.39410772025777
-977.5552978515625,-35.213897705078125,-982.6221933635298,-41.96655530167643,-976.776701941867,-34.17626202226851,0.07940000295639038,0.0,16.90108299255371,-53.117059171366236
-978.7932739257812,-34.27495574951172,-983.8933814479223,-40.9993448887157,-978.0099804957176,-33.24219912407528,0.07940000295639038,0.0,16.883134841918945,-52.821530779817714
-980.0255126953125,-33.32969284057617,-985.1594779093841,-40.02229753118853,-979.2351972189538,-32.29944256742571,0.07940000295639038,0.0,16.87628746032715,-52.50781932272313
-981.2517700195312,-32.37846374511719,-986.4175106491848,-39.03777148955765,-980.4522697231245,-31.347804465597488,0.07940000295639038,0.0,16.863954544067383,-52.1986460436292
-982.4722900390625,-31.420955657958984,-987.6697118778544,-38.04602492815344,-981.6623388591032,-30.38852403336856,0.07940000295639038,0.0,16.857872009277344,-51.88552139205403
-983.6856079101562,-30.456724166870117,-988.9207560239091,-37.044248867049916,-982.8647230644358,-29.423783153609957,0.07940000295639038,0.0,16.841623306274414,-51.525609094337334
-984.8928833007812,-29.485998153686523,-990.1615247520854,-36.03851769040497,-984.0620892309469,-28.45275373500769,0.07940000295639038,0.0,16.829505920410156,-51.19851042260965
-986.09326171875,-28.508657455444336,-991.3980889201612,-35.02409275357576,-985.2504205000259,-27.473472477932937,0.07940000295639038,0.0,16.82447052001953,-50.8477317125722
-987.286865234375,-27.524560928344727,-992.6274487010871,-34.00211574722396,-986.4321895625452,-26.48793102617263,0.07940000295639038,0.0,16.810226440429688,-50.49526394016451
-988.4737548828125,-26.5341796875,-993.8480321099596,-32.97480451526199,-987.6073904456395,-25.495913876469444,0.07940000295639038,0.0,16.793306350708008,-50.15722654744364
-989.6551513671875,-25.53875160217285,-995.0552713968864,-31.94773574912166,-988.7775720867953,-24.497220735304776,0.07940000295639038,0.0,16.786128997802734,-49.88298196197062
-990.8304443359375,-24.537771224975586,-996.2593288745537,-30.912051851991144,-989.9415698652313,-23.49410649455644,0.07940000295639038,0.0,16.777910232543945,-49.57943376450423
-992.0003662109375,-23.531858444213867,-997.4539906369333,-29.874669308169135,-991.1014294495299,-22.48635449841839,0.07940000295639038,0.0,16.766077041625977,-49.31066397150334
-993.1640014648438,-22.52011489868164,-998.647715188324,-28.827091245750363,-992.2547449199743,-21.474352882084336,0.07940000295639038,0.0,16.75414276123047,-48.994087059072015
-994.3209838867188,-21.50237464904785,-999.8365409381848,-27.772542855219466,-993.4018551575641,-20.457495286700826,0.07940000295639038,0.0,16.7445068359375,-48.66350783318682
-995.4716796875,-20.479034423828125,-1001.0157845291751,-26.71310790514447,-994.5437991855398,-19.435678391377447,0.07940000295639038,0.0,16.730987548828125,-48.35256969049844
-996.6165161132812,-19.45076560974121,-1002.1863471973767,-25.652009314854833,-995.680517205572,-18.408659081412257,0.07940000295639038,0.0,16.725080490112305,-48.07046216139917
-997.755615234375,-18.41741943359375,-1003.3462069345052,-24.580153896650856,-996.8115296342278,-17.376715841527087,0.07940000295639038,0.0,16.712711334228516,-47.78691395592172
-998.8887329101562,-17.378704071044922,-1004.5093769045678,-23.510173084570837,-997.9358847214012,-16.339257496994893,0.07940000295639038,0.0,16.703542709350586,-47.488889099377495
-1000.0158081054688,-16.334701538085938,-1005.6623028490947,-22.430495336560583,-999.0533936676419,-15.295706510544322,0.07940000295639038,0.0,16.693965911865234,-47.191258309914794
-1001.1365356445312,-15.285317420959473,-1006.8092723692407,-21.343720788681587,-1000.1650329708766,-14.24776617269102,0.08730000257492065,0.0,16.688026428222656,-46.882947021316355
-1002.2527465820312,-14.231115341186523,-1007.94413696315,-20.25727703720144,-1001.2713504273463,-13.191992821037719,0.12305000424385071,0.0,16.699817657470703,-46.63649942017944
-1003.3663940429688,-13.169380187988281,-1009.0775869700389,-19.159815263060466,-1002.3767141331449,-12.131311027900487,0.1587499976158142,0.0,16.7520751953125,-46.36702008717406
-1004.4801025390625,-12.098679542541504,-1010.205186775129,-18.05372867945425,-1003.4792512737786,-11.057626133063284,0.19840002059936523,0.0,16.83515167236328,-46.127925145783024
-1005.5950317382812,-11.015807151794434,-1011.341885748889,-16.932788132031202,-1004.578494923111,-9.969177293097653,0.20239999890327454,0.0,16.94822883605957,-45.83564849658774
-1006.7115478515625,-9.919602394104004,-1012.4764321965744,-15.791303111741533,-1005.6762708354465,-8.865142940161668,0.20239999890327454,0.0,17.06443214416504,-45.52592366359076
-1007.7819213867188,-8.857989311218262,-1013.5655191912607,-14.689313479852117,-1006.7325040083136,-7.7999121197385355,0.20239999890327454,0.0,17.189523696899414,-45.235430237952144
-1008.8543701171875,-7.783055305480957,-1014.6562534946238,-13.57152457824473,-1007.7830171931244,-6.714179377132813,0.20239999890327454,0.0,17.315141677856445,-44.93368870959157
-1009.9302978515625,-6.695175647735596,-1015.7501520531101,-12.45109037679808,-1008.8438799929663,-5.620693652542737,0.1944500207901001,0.0,17.451522827148438,-44.68352645225959
-1011.0098876953125,-5.594613552093506,-1016.8395241497948,-11.313160768951828,-1009.9022125710958,-4.5080462252574485,0.19050002098083496,0.0,17.58060073852539,-44.44885288234715
-1012.0916137695312,-4.480401515960693,-1017.9411555150015,-10.159394044409723,-1010.9588327150897,-3.380647821660838,0.18255001306533813,0.0,17.707420349121094,-44.15244754111194
-1013.1748046875,-3.352283000946045,-1019.0407463033431,-8.984612050641402,-1012.0237255027524,-2.2470458275580576,0.1746000051498413,0.0,17.827199935913086,-43.836070814368746
-1014.208740234375,-2.262819528579712,-1020.0975763338815,-7.851512612319154,-1013.0367221984797,-1.1505370706293057,0.1547500193119049,0.0,17.92624282836914,-43.502028672041604
-1015.2413330078125,-1.1616300344467163,-1021.1552796742166,-6.707177483599997,-1014.0464683017719,-0.041197386599478136,0.14285001158714294,0.0,18.010543823242188,-43.15869242793434
-1016.27197265625,-0.049921873956918716,-1022.2080073188329,-5.553086189186689,-1015.0595048824057,1.0741297473122375,0.13095000386238098,0.0,18.081554412841797,-42.83290630373854
-1017.3010864257812,1.070501446723938,-1023.2578621335209,-4.400823354975942,-1016.073679814578,2.1978798412002707,0.12700000405311584,0.0,18.13869285583496,-42.56761183522255
-1018.3277587890625,2.199535846710205,-1024.3040936306518,-3.2349644799840958,-1017.0804628219928,3.33374778767336,0.12305000424385071,0.0,18.19123077392578,-42.28139709547039
-1019.3511352539062,3.337251663208008,-1025.3524552397878,-2.060941402660603,-1018.0846430864763,4.476462578853524,0.11904999613761902,0.0,18.240381240844727,-41.97141128104175
-1020.3717041015625,4.48268461227417,-1026.389897409374,-0.8794630491259454,-1019.0897046301267,5.624932811372926,0.11904999613761902,0.0,18.28451919555664,-41.70070595118806
-1021.38818359375,5.636514186859131,-1027.4341285249143,0.31026916004563443,-1020.0902713836933,6.779924941135332,0.11509999632835388,0.0,18.326204299926758,-41.378811133836074
-1022.4010009765625,6.7979841232299805,-1028.4675757303394,1.5078494651126775,-1021.0919919615721,7.939457564017516,0.11509999632835388,0.0,18.361474990844727,-41.088865288215956
-1023.4096069335938,7.967104911804199,-1029.4987526569503,2.7139704967548983,-1022.0841608113857,9.110573463255912,0.11904999613761902,0.0,18.40168571472168,-40.78449331698627
-1024.41357421875,9.143914222717285,-1030.5300336456487,3.9258002014854076,-1023.0675683536829,10.292227582939846,0.11904999613761902,0.0,18.435388565063477,-40.468375659181056
-1025.4141845703125,10.328158378601074,-1031.5486015700674,5.144969489503369,-1024.0558290326844,11.475881679830858,0.11904999613761902,0.0,18.473257064819336,-40.19566571716175
-1026.411376953125,11.51896858215332,-1032.5638148111734,6.366876208850078,-1025.0359319239592,12.670775395674081,0.11904999613761902,0.0,18.508085250854492,-39.9430301785427
-1027.405517578125,12.716374397277832,-1033.5723064177535,7.596426561853475,-1026.0125372007453,13.872889895607043,0.11904999613761902,0.0,18.54776954650879,-39.700996046539004
-1028.3951416015625,13.921316146850586,-1034.5851568553965,8.837429060349772,-1026.991234970056,15.074350913630534,0.11904999613761902,0.0,18.579246520996094,-39.39641407821777
-1029.380859375,15.133589744567871,-1035.5892532714997,10.085451915117353,-1027.9594512072488,16.28935796133005,0.11904999613761902,0.0,18.61593246459961,-39.11507547554642
-1030.362548828125,16.35247039794922,-1036.5885195405422,11.33805839059674,-1028.9237169657627,17.511309091616912,0.11904999613761902,0.0,18.64836311340332,-38.84805358859202
-1031.3402099609375,17.578567504882812,-1037.5889814938237,12.595943354658054,-1029.8847024056972,18.73915515917733,0.11904999613761902,0.0,18.684062957763672,-38.56803833504003
-1032.3134765625,18.811656951904297,-1038.5772682958643,13.867701500860152,-1030.8437656379544,19.97168679423795,0.11904999613761902,0.0,18.72157859802246,-38.283720190051774
-1033.282470703125,20.0518856048584,-1039.5688961500566,15.140283692547122,-1031.799601384542,21.210455581126098,0.11904999613761902,0.0,18.753576278686523,-38.00061161583819
-1034.200927734375,21.23994255065918,-1040.5127004419162,16.360469354207584,-1032.708411641762,22.3937693132225,0.11509999632835388,0.0,18.782499313354492,-37.706710205198796
-1035.11474609375,22.4340763092041,-1041.445235177615,17.58962977441403,-1033.615221558237,23.581596878888654,0.11110001802444458,0.0,18.811050415039062,-37.4252504065537
-1036.024658203125,23.63361167907715,-1042.3708597197417,18.819676422533096,-1034.5161281874225,24.777912850278668,0.10715001821517944,0.0,18.831106185913086,-37.182273713797784
-1036.9312744140625,24.838022232055664,-1043.2964345435555,20.046668200541895,-1035.4173216987529,25.977645320626397,0.09920001029968262,0.0,18.851083755493164,-36.970488794277784
-1037.8333740234375,26.047073364257812,-1044.21884823214,21.282730785252987,-1036.309677563603,27.18393676450074,0.09920001029968262,0.0,18.864925384521484,-36.727427999338566
-1038.7301025390625,27.261131286621094,-1045.1386241744733,22.527663477864344,-1037.2046964481776,28.387828056526335,0.09525001049041748,0.0,18.86850357055664,-36.45034871791438
-1039.6219482421875,28.479122161865234,-1046.0471363434197,23.77442648940785,-1038.0926558165927,29.59891123936137,0.09525001049041748,0.0,18.8732967376709,-36.212592207672344
-1040.5091552734375,29.701385498046875,-1046.9507933604525,25.025579201327442,-1038.9793038619205,30.811862175933452,0.09525001049041748,0.0,18.880252838134766,-35.974855972083915
-1041.3919677734375,30.927181243896484,-1047.849717589735,26.276339307951666,-1039.8550681906534,32.03404930696544,0.09525001049041748,0.0,18.888893127441406,-35.7612611639147
-1042.2708740234375,32.156471252441406,-1048.7432874072274,27.528885787616783,-1040.7337611132914,33.2554618358614,0.09525001049041748,0.0,18.891874313354492,-35.563654401598384
-1043.146240234375,33.38846969604492,-1049.6265982198715,28.784010620033147,-1041.6107131003512,34.4795007570669,0.09525001049041748,0.0,18.894390106201172,-35.39476171868028
-1044.01806640625,34.6236572265625,-1050.5114265982572,30.040481620481827,-1042.4797445200195,35.70944318865184,0.09525001049041748,0.0,18.90083885192871,-35.215397588385144
-1044.8856201171875,35.861873626708984,-1051.3898581013304,31.304692992292953,-1043.3384340163918,36.945906307181886,0.09525001049041748,0.0,18.898542404174805,-35.01692636955483
-1045.749267578125,37.10319137573242,-1052.2545933991707,32.577107597153244,-1044.1956770393251,38.184102790417846,0.09525001049041748,0.0,18.90690040588379,-34.828285939442516
-1046.6094970703125,38.346805572509766,-1053.1190940534048,33.844004525672545,-1045.047548758091,39.42723228919359,0.09525001049041748,0.0,18.908092498779297,-34.67228134530693
-1047.4661865234375,39.59355163574219,-1053.978307066378,35.11881122858064,-1045.8941304639955,40.673774694440624,0.09525001049041748,0.0,18.90970802307129,-34.49452566221844
-1048.317138671875,40.844329833984375,-1054.8409908677834,36.40590418026026,-1046.734618855928,41.92097846698555,0.09525001049041748,0.0,18.91126823425293,-34.22894924278159
-1049.163330078125,42.09849548339844,-1055.6890241635438,37.69557928371011,-1047.564312696047,43.17735996018506,0.09525001049041748,0.0,18.91415786743164,-34.00772327528336
-1050.0048828125,43.35602951049805,-1056.534250278373,38.98651987796907,-1048.389310521375,44.43718457260997,0.09525001049041748,0.0,18.915149688720703,-33.79078305872475
-1050.841552734375,44.61701965332031,-1057.376463746832,40.28109084580759,-1049.213816546561,45.69702643754733,0.09525001049041748,0.0,18.919910430908203,-33.5643673474521
-1051.6737060546875,45.88146209716797,-1058.207858241091,41.581213822682,-1050.0262037136858,46.965714330203774,0.09525001049041748,0.0,18.920207977294922,-33.349665511990516
-1052.5003662109375,47.14936065673828,-1059.0379741773788,42.88689030195594,-1050.8331168141028,48.23639450222367,0.09525001049041748,0.0,18.922521591186523,-33.10404267677248
-1053.32177734375,48.420936584472656,-1059.8614105995055,44.196471931103886,-1051.6390064480338,49.50797096249595,0.09525001049041748,0.0,18.923574447631836,-32.86160432454788
-1054.138916015625,49.69544982910156,-1060.669983300378,45.508135441055984,-1052.4394413192572,50.785047369282026,0.09525001049041748,0.0,18.92809295654297,-32.66546887656724
-1054.951171875,50.973228454589844,-1061.485286394541,46.81963510245791,-1053.230694243824,52.06689836655308,0.09525001049041748,0.0,18.92723274230957,-32.44322573120318
-1055.7591552734375,52.253849029541016,-1062.286063041415,48.13581967501525,-1054.0174035908558,53.35277440310862,0.09525001049041748,0.0,18.931272506713867,-32.249103650870325
-1056.5633544921875,53.53697967529297,-1063.0849315966705,49.449596032944044,-1054.8045020469053,54.63933645172517,0.09525001049041748,0.0,18.927379608154297,-32.0773356538507
-1057.3631591796875,54.8229866027832,-1063.8761271550813,50.77238453765798,-1055.576634381843,55.93407774631195,0.09525001049041748,0.0,18.933815002441406,-31.87866873501865
-1058.158203125,56.11182403564453,-1064.6719882570842,52.09367147560214,-1056.3534377398971,57.22512797573121,0.09130001068115234,0.0,18.929275512695312,-31.66915205953577
-1058.9488525390625,57.403202056884766,-1065.4509616288217,53.4222695511176,-1057.1226016868873,58.52132869560271,0.09130001068115234,0.0,18.926315307617188,-31.477155904419252
-1059.734619140625,58.697200775146484,-1066.2304696616695,54.75266642890247,-1057.8894854359075,59.817638083254415,0.09130001068115234,0.0,18.922914505004883,-31.267760115173317
-1060.515380859375,59.993919372558594,-1067.0055499885461,56.08615124585577,-1058.652523959703,61.115556216262206,0.09130001068115234,0.0,18.920297622680664,-31.052387631280965
-1061.2916259765625,61.292999267578125,-1067.7786554677075,57.4167750362141,-1059.4055934933572,62.419968833928905,0.09130001068115234,0.0,18.912776947021484,-30.85977588093261
-1062.0625,62.59477615356445,-1068.5398745525124,58.75906525997022,-1060.16336253631,63.719389559637044,0.09130001068115234,0.0,18.91084861755371,-30.632770954005192
-1062.8284912109375,63.898990631103516,-1069.302958339579,60.096406775876716,-1060.9075716618133,65.0271850476565,0.08730000257492065,0.0,18.90450668334961,-30.426567028460763
-1063.58935546875,65.20553588867188,-1070.0558162266148,61.43980421064078,-1061.6582462528306,66.33011383330417,0.08730000257492065,0.0,18.894052505493164,-30.214304769187244
-1064.3443603515625,66.5145263671875,-1070.8049896560503,62.78813816880945,-1062.3885091096324,67.64263024719942,0.08730000257492065,0.0,18.884565353393555,-29.975664304433558
-1065.0936279296875,67.82592010498047,-1071.5519769695584,64.13592875887726,-1063.1260040729478,68.95012614570888,0.08730000257492065,0.0,18.876731872558594,-29.741578617556566
-1065.837646484375,69.1394271850586,-1072.2883381710074,65.48551897381594,-1063.8566717510616,70.26152388351305,0.08335000276565552,0.0,18.86455726623535,-29.528805741935663
-1066.5765380859375,70.45457458496094,-1073.0229624972433,66.83276849845312,-1064.5831836309574,71.57450446189438,0.08335000276565552,0.0,18.848703384399414,-29.328661268240506
-1067.3099365234375,71.77137756347656,-1073.753432651939,68.18264783717586,-1065.301100920238,72.89020620877753,0.08335000276565552,0.0,18.836627960205078,-29.115787059287992
-1068.03759765625,73.09011840820312,-1074.4784782568204,69.53613849405795,-1066.0106025117382,74.20858348719041,0.08335000276565552,0.0,18.82056999206543,-28.889245600322514
-1068.7598876953125,74.41055297851562,-1075.1928443790212,70.89166560701668,-1066.7180859631737,75.52743759061376,0.08335000276565552,0.0,18.805477142333984,-28.679071114956848
-1069.47607421875,75.73273468017578,-1075.911013949643,72.24711911870547,-1067.417486004012,76.84781072067106,0.08335000276565552,0.0,18.79077911376953,-28.44308838402635
-1070.1865234375,77.05659484863281,-1076.6275015109554,73.60004562288974,-1068.1159864626757,78.1677479833868,0.08335000276565552,0.0,18.776077270507812,-28.220219705447544
-1070.8914794921875,78.38232421875,-1077.327186222482,74.96013977599817,-1068.8040574436145,79.4923100461739,0.08335000276565552,0.0,18.759368896484375,-28.001793937454607
-1071.5902099609375,79.709716796875,-1078.037919408774,76.31568618445853,-1069.4870681788223,80.81679639599466,0.08335000276565552,0.0,18.74555206298828,-27.762015099332068
-1072.31689453125,81.10558319091797,-1078.7682707523782,77.74701278820476,-1070.202418147104,82.20637433339871,0.08335000276565552,0.0,18.728605270385742,-27.501373125332545
-1073.036865234375,82.50350952148438,-1079.490236447814,79.17984495599642,-1070.900575923455,83.60375757006237,0.08335000276565552,0.0,18.711416244506836,-27.24971922742918
-1073.7501220703125,83.90323638916016,-1080.2089735145328,80.6120086137411,-1071.59883009138,84.99946719354487,0.08335000276565552,0.0,18.6955509185791,-27.001961946602375
-1074.4564208984375,85.30500793457031,-1080.9280008216565,82.04422743802407,-1072.2918145608855,86.39566990767918,0.08335000276565552,0.0,18.679901123046875,-26.741779504684107
-1075.155517578125,86.7088394165039,-1081.6355975783733,83.48181219095461,-1072.9759868852095,87.7942280050227,0.08335000276565552,0.0,18.66138458251953,-26.472931847135314
-1075.8475341796875,88.1143798828125,-1082.3371395546374,84.91922843416788,-1073.6504864208523,89.19609439760882,0.08335000276565552,0.0,18.639616012573242,-26.213288225940627
-1076.5323486328125,89.52159118652344,-1083.0346499070642,86.35726904141416,-1074.3200181639818,90.59821406195718,0.08730000257492065,0.0,18.62961769104004,-25.94970848059618
-1077.2109375,90.93096923828125,-1083.7128059447239,87.80044259427369,-1074.9878781725836,92.00133024525213,0.09130001068115234,0.0,18.61638832092285,-25.709935129786732
-1077.8834228515625,92.34249877929688,-1084.393553076645,89.24092202449356,-1075.6472087906034,93.40788292837472,0.09130001068115234,0.0,18.6121883392334,-25.47421116860955
-1078.5499267578125,93.75625610351562,-1085.0671614055364,90.68376107467024,-1076.2952538175564,94.81920254860462,0.09130001068115234,0.0,18.60209083557129,-25.241136404550605
-1079.2095947265625,95.172607421875,-1085.7325156738382,92.13454620370877,-1076.9390879849473,96.2300996915256,0.09130001068115234,0.0,18.60161590576172,-24.97382752506937
-1079.863037109375,96.59142303466797,-1086.3861134258302,93.5871887331427,-1077.5708473158254,97.64710211449363,0.09130001068115234,0.0,18.593353271484375,-24.728662233710732
-1080.5106201171875,98.01244354248047,-1087.0285002089597,95.0421356748702,-1078.2055284057105,99.06291270572977,0.09130001068115234,0.0,18.588232040405273,-24.49955438339035
-1081.1522216796875,99.43563079833984,-1087.6684182673648,96.49799775321647,-1078.8215965857398,100.48632366796905,0.09130001068115234,0.0,18.58493995666504,-24.266813541006925
-1081.787841796875,100.86119079589844,-1088.3002553951437,97.9574749918676,-1079.4367047524408,101.90950163954338,0.09130001068115234,0.0,18.578691482543945,-24.030848947813727
-1082.41748046875,102.28898620605469,-1088.9273333133092,99.41822820389706,-1080.0425325021233,103.33630648236478,0.09130001068115234,0.0,18.574785232543945,-23.79683748285982
-1083.040771484375,103.71896362304688,-1089.5359915023118,100.88786137375186,-1080.6459107190024,104.76282290431396,0.09130001068115234,0.0,18.568077087402344,-23.55117026737983
-1083.65869140625,105.15087127685547,-1090.141262898917,102.35340730657538,-1081.2493270031293,106.19059912507585,0.09130001068115234,0.0,18.566757202148438,-23.34194403351743
-1084.2708740234375,106.58480072021484,-1090.7444486507736,103.82105953596472,-1081.838963996794,107.6230477914147,0.09130001068115234,0.0,18.560335159301758,-23.118924944225228
-1084.8778076171875,108.02073669433594,-1091.3373712916407,105.29044351577514,-1082.4276616954376,109.05635102276014,0.09130001068115234,0.0,18.556652069091797,-22.91254349017243
-1085.4791259765625,109.45846557617188,-1091.921196290894,106.76412229536808,-1083.0065786581647,110.49258829274231,0.09525001049041748,0.0,18.55255889892578,-22.696721536428644
-1086.0753173828125,110.8983383178711,-1092.494749187139,108.2403186443888,-1083.5853676052668,111.92932294337002,0.09525001049041748,0.0,18.5530948638916,-22.49241145576705
-1086.6666259765625,112.34004211425781,-1093.0666232849871,109.71511082259237,-1084.1542242099495,113.37049286237561,0.09525001049041748,0.0,18.552797317504883,-22.300774791621762
-1087.2535400390625,113.78370666503906,-1093.6289289766003,111.19182656427536,-1084.7232099366654,114.81239876602632,0.09525001049041748,0.0,18.555362701416016,-22.123936268241305
-1087.8353271484375,115.22956848144531,-1094.1959692126563,112.67016790919097,-1085.2823351457168,116.2568435783229,0.09525001049041748,0.0,18.55510711669922,-21.918910065745123
-1088.4124755859375,116.6773681640625,-1094.7575704925364,114.14797017130094,-1085.8415534136589,117.70223626735037,0.09525001049041748,0.0,18.555055618286133,-21.73412072752089
-1088.9853515625,118.12702178955078,-1095.3095936581228,115.62779969756501,-1086.3921986195746,119.15178729107117,0.09525001049041748,0.0,18.557104110717773,-21.563004143402274
-1089.5538330078125,119.57835388183594,-1095.8630851907433,117.10704299519647,-1086.943243950656,120.60091201874904,0.09525001049041748,0.0,18.55965805053711,-21.39009604903079
-1090.1182861328125,121.0315170288086,-1096.4049541925351,118.5895823846906,-1087.4889080560963,122.05284809910233,0.09525001049041748,0.0,18.556678771972656,-21.22769655175948
-1090.677490234375,122.48667907714844,-1096.9501080780212,120.07617529188077,-1088.0241365412323,123.50633614544144,0.09525001049041748,0.0,18.562055587768555,-21.02126437432523
-1091.2318115234375,123.94403839111328,-1097.4951997695011,121.56169560633268,-1088.559152163181,124.96061128950976,0.09920001029968262,0.0,18.56302833557129,-20.824816144615028
-1091.78076171875,125.40372467041016,-1098.0311048550388,123.05313253694933,-1089.085513370943,126.41733775147367,0.09920001029968262,0.0,18.570594787597656,-20.60997996811137
-1092.3250732421875,126.86579895019531,-1098.5660922662219,124.54234752249242,-1089.6116961843745,127.87595446720202,0.09920001029968262,0.0,18.57440948486328,-20.419654126952352
-1092.864501953125,128.33018493652344,-1099.0922291673055,126.03610749069962,-1090.1381789481302,129.33446722132675,0.09920001029968262,0.0,18.58238410949707,-20.222037379674568
-1093.3985595703125,129.79702758789062,-1099.6183873184466,127.53247222921657,-1090.648973748899,130.79811468517946,0.09920001029968262,0.0,18.58678436279297,-20.005882416170927
-1093.927734375,131.2661895751953,-1100.1436290661916,129.0272976847211,-1091.1602045310815,132.26302115488326,0.09920001029968262,0.0,18.59366798400879,-19.808421454409018
-1094.4522705078125,132.73756408691406,-1100.6591903006206,130.52483464320923,-1091.6612268446584,133.73255430722958,0.09920001029968262,0.0,18.600582122802734,-19.620844216574984
-1094.971923828125,134.21124267578125,-1101.1651657423058,132.0273616392273,-1092.1530152503476,135.20525535477756,0.09920001029968262,0.0,18.606904983520508,-19.42383466767777
-1095.4864501953125,135.687255859375,-1101.6746259223594,133.53010739231118,-1092.6435999959858,136.67825065655998,0.09920001029968262,0.0,18.61104393005371,-19.218145422449485
-1095.99560546875,137.16555786132812,-1102.1704432930267,135.03882649202873,-1093.1238722705843,138.15463729152557,0.09920001029968262,0.0,18.617368698120117,-19.00468012186071
-1096.4990234375,138.64645385742188,-1102.6656746981992,136.55015333406342,-1093.60778962166,139.62930414440405,0.09920001029968262,0.0,18.623706817626953,-18.77502738341774
-1096.9970703125,140.12962341308594,-1103.1500295304677,138.06346577196632,-1094.0722557905979,141.11177324688273,0.09920001029968262,0.0,18.62923812866211,-18.562000441454614
-1097.489501953125,141.61517333984375,-1103.6336518859225,139.57850410567218,-1094.5360211370048,142.59419624418376,0.09920001029968262,0.0,18.635835647583008,-18.33938027983589
-1097.9761962890625,143.1031036376953,-1104.1067189983694,141.09784123846592,-1094.9900698956744,144.07985019911285,0.09920001029968262,0.0,18.64209747314453,-18.112654080566053
-1098.4573974609375,144.59344482421875,-1104.56890578036,142.62016179894712,-1095.432954816283,145.56997647887394,0.09920001029968262,0.0,18.64711570739746,-17.894223809447883
-1098.93212890625,146.08621215820312,-1105.0219958194787,144.1495062458616,-1095.8747114018652,147.05853530444068,0.09920001029968262,0.0,18.651958465576172,-17.641759674980456
-1099.4007568359375,147.58131408691406,-1105.4728842816785,145.6780535405581,-1096.3115655435768,148.54959677851343,0.09920001029968262,0.0,18.657917022705078,-17.403188893242643
-1099.8636474609375,149.07887268066406,-1105.912027546586,147.20933752540006,-1096.7358084739274,150.0456778191335,0.09920001029968262,0.0,18.663957595825195,-17.176213656165967
-1100.3209228515625,150.5785369873047,-1106.3452327709788,148.74161344418317,-1097.159524833104,151.54250572844924,0.09920001029968262,0.0,18.66767692565918,-16.95743359437954
-1100.773193359375,152.080322265625,-1106.770301755915,150.27426163960573,-1097.5751492413772,153.04343001353908,0.09920001029968262,0.0,18.676342010498047,-16.759950091559354
-1101.2208251953125,153.5840606689453,-1107.1841468458056,151.8089030931316,-1097.988204114313,154.5463451368973,0.1032000184059143,0.0,18.682106018066406,-16.577180429958428
-1101.6630859375,155.09007263183594,-1107.5969355880586,153.34751758237402,-1098.3907339834182,156.05104295582538,0.1032000184059143,0.0,18.68916893005371,-16.36558832790478
-1102.0999755859375,156.5984649658203,-1108.0112370788029,154.88633152596233,-1098.7872636592651,157.55795641669212,0.1032000184059143,0.0,18.700885772705078,-16.153092019848966
-1102.5318603515625,158.1090545654297,-1108.4105331016992,156.42831400986427,-1099.177482724836,159.06808711504556,0.1032000184059143,0.0,18.71160316467285,-15.955485419805811
-1102.9593505859375,159.62185668945312,-1108.8078835741046,157.96916814667665,-1099.5701247272218,160.57958998033376,0.1032000184059143,0.0,18.718536376953125,-15.779322307055862
-1103.3819580078125,161.1366729736328,-1109.194297993723,159.51513111264285,-1099.9509990029019,162.09385091974212,0.1032000184059143,0.0,18.729677200317383,-15.588178639762887
-1103.800048828125,162.65357971191406,-1109.5784801065881,161.0609247303234,-1100.3202158464146,163.61269353820126,0.1032000184059143,0.0,18.736783981323242,-15.40930639954333
-1104.2132568359375,164.17269897460938,-1109.9593736056308,162.60972658569352,-1100.696871331966,165.12917335057043,0.1032000184059143,0.0,18.747896194458008,-15.216592499275738
-1104.6025390625,165.621337890625,-1110.3141910476065,164.0864870885854,-1101.0449499826143,166.57734299507257,0.1032000184059143,0.0,18.753625869750977,-15.041344350591247
-1104.9866943359375,167.0719757080078,-1110.6663611936685,165.56789664111707,-1101.3910522662825,168.02416711367778,0.1032000184059143,0.0,18.763713836669922,-14.832492918835948
-1105.365966796875,168.52462768554688,-1111.0062224015473,167.0520150731821,-1101.724951697091,169.47525920538627,0.1032000184059143,0.0,18.772937774658203,-14.632682202019318
-1105.7398681640625,169.9794464111328,-1111.3531061672609,168.53679426015816,-1102.0682610857316,170.92308212479213,0.1032000184059143,0.0,18.781536102294922,-14.413573993809484
-1106.1087646484375,171.43626403808594,-1111.6876198929347,170.02358200537583,-1102.393815473114,172.37696633674966,0.1032000184059143,0.0,18.788854598999023,-14.20979296966716
-1106.47216796875,172.8949737548828,-1112.0236191971983,171.51195985860127,-1102.724784855803,173.82854638420505,0.1032000184059143,0.0,18.796974182128906,-13.989132662514658
-1106.8309326171875,174.35569763183594,-1112.3454944707692,173.00128022557442,-1103.0331424245655,175.2884631495308,0.1032000184059143,0.0,18.807987213134766,-13.799128892872783
-1107.1854248046875,175.8181915283203,-1112.676745977288,174.48715660269113,-1103.351159190601,176.74757469242164,0.1032000184059143,0.0,18.815736770629883,-13.62507859820799
-1107.5355224609375,177.282470703125,-1112.9850744964854,175.97952558986663,-1103.654987186446,178.21027622544017,0.1032000184059143,0.0,18.82326889038086,-13.446540132775507
-1107.8807373046875,178.74850463867188,-1113.29295002904,177.4740619912838,-1103.9582616414166,179.67215094069567,0.1032000184059143,0.0,18.831838607788086,-13.250358257295142
-1108.22119140625,180.21636962890625,-1113.6011419450092,178.96855307948945,-1104.2532881677814,181.1366783365375,0.1032000184059143,0.0,18.840524673461914,-13.058196115994344
-1108.5565185546875,181.6861572265625,-1113.8960400445465,180.46796317044834,-1104.5474908362264,182.60080355708138,0.1032000184059143,0.0,18.850292205810547,-12.851870990545317
-1108.88671875,183.15782165527344,-1114.179916562938,181.970176620467,-1104.838661165876,184.06609216778753,0.1032000184059143,0.0,18.858366012573242,-12.646127387843574
-1109.21142578125,184.63140869140625,-1114.4620111424683,183.4744346252933,-1105.1159016593026,185.53386334555432,0.1032000184059143,0.0,18.868125915527344,-12.426623765324202
-1109.5311279296875,186.1068115234375,-1114.7414702428437,184.97779265791348,-1105.3926062238613,187.00357968192498,0.1032000184059143,0.0,18.875032424926758,-12.226292382404855
-1109.845458984375,187.58412170410156,-1115.0100889599034,186.48523021298033,-1105.6593286631582,188.47481532833146,0.1032000184059143,0.0,18.885520935058594,-12.011839767608976
-1110.1544189453125,189.063232421875,-1115.2757843430259,187.99347014227632,-1105.9234660877942,189.94700333495106,0.1032000184059143,0.0,18.891294479370117,-11.798427460858859
-1110.4581298828125,190.54408264160156,-1115.5331877108172,189.50322749617393,-1106.1830697066937,191.42086445022883,0.1032000184059143,0.0,18.900787353515625,-11.590199765389075
-1110.7567138671875,192.0267333984375,-1115.7792445536163,191.01526983084727,-1106.439817947375,192.896092536405,0.1032000184059143,0.0,18.911794662475586,-11.386228097158446
-1111.0501708984375,193.5111846923828,-1116.0242063788562,192.52788150731405,-1106.6859108352546,194.37394307790098,0.1032000184059143,0.0,18.919832229614258,-11.182459413031774
-1111.3387451171875,194.9971466064453,-1116.265518787671,194.0403657835567,-1106.9260255030588,195.8540979880111,0.1032000184059143,0.0,18.926029205322266,-10.990060262855685
-1111.6226806640625,196.4847412109375,-1116.5014178575152,195.5535420059261,-1107.1542275620184,197.33762994243926,0.1032000184059143,0.0,18.937557220458984,-10.806009170262147
-1111.9012451171875,197.97413635253906,-1116.7353071470327,197.07001238428967,-1107.3814908869954,198.81947472529555,0.1032000184059143,0.0,18.946535110473633,-10.593745655954894
-1112.1756591796875,199.46507263183594,-1116.9557072800367,198.58528156606295,-1107.6076687061313,200.3058334616019,0.1032000184059143,0.0,18.95351791381836,-10.428848599610102
-1112.4456787109375,200.9572296142578,-1117.1762951293351,200.1011810598048,-1107.8217485188195,201.79397231473556,0.1032000184059143,0.0,18.961856842041016,-10.257198061118846
-1112.711669921875,202.45095825195312,-1117.3903804542385,201.6178110197694,-1108.0328349846868,203.28412763714985,0.1032000184059143,0.0,18.968799591064453,-10.096937084125765
-1112.97314453125,203.94607543945312,-1117.6032747415798,203.13633189679098,-1108.2316732700363,204.77529093925062,0.1032000184059143,0.0,18.97974967956543,-9.919890833104178
-1113.23095703125,205.44259643554688,-1117.7963076631042,204.65610265240105,-1108.4352493909707,206.2687748715573,0.1032000184059143,0.0,18.985244750976562,-9.774659822293078
-1113.48486328125,206.94032287597656,-1117.9976267363527,206.17528407109745,-1108.627611618672,207.76376200455172,0.1032000184059143,0.0,18.995092391967773,-9.62174744263781
-1113.735107421875,208.4394073486328,-1118.1894497038325,207.69583813907192,-1108.8211120642136,209.2597070500461,0.1032000184059143,0.0,19.002052307128906,-9.477074927128443
-1113.9818115234375,209.9397735595703,-1118.3807489512697,209.21645954593035,-1109.013206541814,210.75675758591973,0.1032000184059143,0.0,19.012468338012695,-9.337547719464625
-1114.2249755859375,211.4413604736328,-1118.561887865182,210.73904933955797,-1109.1996950383916,212.25514462538564,0.1032000184059143,0.0,19.019433975219727,-9.19851464390315
-1114.4649658203125,212.9442138671875,-1118.7521280965518,212.25959813295094,-1109.381418686663,213.75600407459774,0.1032000184059143,0.0,19.027374267578125,-9.072941977227119
-1114.70166015625,214.44821166992188,-1118.9316749960644,213.78250554209686,-1109.5608666769356,215.2572532101196,0.1032000184059143,0.0,19.037015914916992,-8.943669604024773
-1114.9354248046875,215.95335388183594,-1119.1104044632948,215.30493498533383,-1109.7288724351777,216.76198702931916,0.1032000184059143,0.0,19.045419692993164,-8.828114747903998
-1115.1666259765625,217.45948791503906,-1119.288326957475,216.8267805490959,-1109.9067241841947,218.26691635867934,0.1032000184059143,0.0,19.052104949951172,-8.727143380720369
-1115.3953857421875,218.96670532226562,-1119.4655838282367,218.34894602904907,-1110.0617327497137,219.77622702937524,0.1032000184059143,0.0,19.06161880493164,-8.630270235590087
-1115.621337890625,220.4749755859375,-1119.6318921574477,219.87415929005186,-1110.2319544973948,221.2823526096608,0.1032000184059143,0.0,19.06937599182129,-8.520051053492882
-1115.84521484375,221.9842071533203,-1119.7969989909077,221.39800592787978,-1110.381413055511,222.79469861352155,0.1032000184059143,0.0,19.076536178588867,-8.43763365765713
-1116.066650390625,223.49436950683594,-1119.9620666388703,222.92318348486427,-1110.533873207699,224.30564224078182,0.1032000184059143,0.0,19.085664749145508,-8.341851346484791
-1116.2855224609375,225.0055389404297,-1120.131054703954,224.4485665819557,-1110.6903937745076,225.81591623634378,0.1032000184059143,0.0,19.09221839904785,-8.241196412035476
-1116.5015869140625,226.5177001953125,-1120.2813851769527,225.97762548968365,-1110.836288133416,227.32718375989768,0.1032000184059143,0.0,19.099140167236328,-8.131640241655308
-1116.715576171875,228.03082275390625,-1120.4453660714448,227.50334732379486,-1110.981079727793,228.8418083750168,0.1032000184059143,0.0,19.106374740600586,-8.049519446659106
-1116.9267578125,229.54501342773438,-1120.606986057322,229.03173815002373,-1111.124776807063,230.3542060140984,0.1032000184059143,0.0,19.115554809570312,-7.939731208333592
-1117.1357421875,231.0599822998047,-1120.7614756536357,230.55982572477126,-1111.2684788736422,231.8693496598953,0.09920001029968262,0.0,19.119775772094727,-7.854172529038977
-1117.341796875,232.57568359375,-1120.9158468606418,232.08980306053238,-1111.410772693575,233.3819871438891,0.09920001029968262,0.0,19.12431526184082,-7.741715770823359
-1117.545166015625,234.09213256835938,-1121.069590673422,233.61947623382073,-1111.5428609501132,234.89709445193128,0.09920001029968262,0.0,19.12887191772461,-7.638293374788408
-1117.744873046875,235.609375,-1121.223076708407,235.15155645179584,-1111.6835491942438,236.407196736863,0.09920001029968262,0.0,19.131162643432617,-7.498451199040603
-1117.9415283203125,237.12738037109375,-1121.3708920487434,236.6831115466394,-1111.8142861580016,237.92115521918856,0.09920001029968262,0.0,19.13633155822754,-7.3814698539377215
-1118.1348876953125,238.6461181640625,-1121.5185298488327,238.21532692738074,-1111.9601650571883,239.4322581519087,0.09920001029968262,0.0,19.141094207763672,-7.255625296072733
-1118.3245849609375,240.1656951904297,-1121.6617815223938,239.7490943524486,-1112.083174765088,240.94484519549866,0.09920001029968262,0.0,19.146278381347656,-7.115740008136638
-1118.5111083984375,241.68606567382812,-1121.810210384776,241.2813223235235,-1112.2125690623832,242.4587886522194,0.09920001029968262,0.0,19.149925231933594,-6.994260864101478
-1118.694580078125,243.20712280273438,-1121.9457966531875,242.81495727869287,-1112.3413142220102,243.97346111835097,0.09920001029968262,0.0,19.152408599853516,-6.877855620487898
-1118.8751220703125,244.72891235351562,-1122.1006095110351,244.3462471367484,-1112.4761606021004,245.48807202234696,0.09920001029968262,0.0,19.159151077270508,-6.765829147353741
-1119.0528564453125,246.2515411376953,-1122.2372183902876,245.8798349241097,-1112.6084677487418,247.00378581423288,0.1032000184059143,0.0,19.16657066345215,-6.657927696990235
-1119.227783203125,247.77520751953125,-1122.379981408448,247.41331477279024,-1112.736310262042,248.5204706089767,0.1032000184059143,0.0,19.175199508666992,-6.549252403795629
-1119.39990234375,249.29983520507812,-1122.5157031188633,248.94808444201965,-1112.8644339139835,250.0376410447443,0.1032000184059143,0.0,19.1842041015625,-6.440997358469941
-1119.569091796875,250.8254852294922,-1122.6633984765597,250.48233703261923,-1113.0014168503214,251.55381827752325,0.1032000184059143,0.0,19.191930770874023,-6.328052716475274
-1119.735107421875,252.35215759277344,-1122.7926524727577,252.01966958500145,-1113.1280241636916,253.0706346431976,0.1032000184059143,0.0,19.20052719116211,-6.2061547160574975
-1119.8983154296875,253.8798370361328,-1122.9349190263003,253.5554247219698,-1113.2625593291768,254.58876097839158,0.1032000184059143,0.0,19.210050582885742,-6.098003995321159
-1120.058349609375,255.4085235595703,-1123.0791720725183,255.0922815848693,-1113.3963564677358,256.10595013536596,0.1032000184059143,0.0,19.218379974365234,-5.976375621715529
-1120.216064453125,256.93817138671875,-1123.2058255293339,256.6299110848275,-1113.520811744594,257.62848762556257,0.1032000184059143,0.0,19.225048065185547,-5.886699124185116
-1120.371337890625,258.4686584472656,-1123.3438654789672,258.16708479231386,-1113.6576296529945,259.1497883851146,0.1032000184059143,0.0,19.235271453857422,-5.793042326865276
-1120.52490234375,260.00006103515625,-1123.486142153943,259.70311679879404,-1113.788014224649,260.67561594668285,0.1032000184059143,0.0,19.244550704956055,-5.726306344283323
-1120.67626953125,261.5323181152344,-1123.6120668039034,261.24229930441635,-1113.9192320992347,262.19982604534243,0.1032000184059143,0.0,19.249921798706055,-5.641777216101285
-1120.82568359375,263.0652770996094,-1123.756811991095,262.77958661080936,-1114.0502925217922,263.72565922033533,0.1032000184059143,0.0,19.259380340576172,-5.566906663181822
-1120.974609375,264.5991516113281,-1123.8879956386777,264.3162873208751,-1114.1873042919315,265.2581394909464,0.1032000184059143,0.0,19.268447875976562,-5.545536589864028
-1121.1224365234375,266.1337890625,-1124.015957636798,265.8550646153642,-1114.3223787960435,266.7888187845255,0.1032000184059143,0.0,19.277835845947266,-5.502159180726804
-1121.26904296875,267.6692199707031,-1124.1492818238496,267.3942081952197,-1114.4506364883298,268.3202569737031,0.1032000184059143,0.0,19.284957885742188,-5.454196760189237
-1121.4151611328125,269.20538330078125,-1124.2830305085554,268.9325947243652,-1114.5789412844908,269.8556370035002,0.1032000184059143,0.0,19.29461669921875,-5.433563880365074
-1121.5594482421875,270.74249267578125,-1124.4163753979294,270.4743154284745,-1114.7154293936162,271.38493472462267,0.1032000184059143,0.0,19.303956985473633,-5.362590762562551
-1121.7027587890625,272.2804260253906,-1124.5483025313642,272.01526731095765,-1114.8520156728077,272.91880462790937,0.1032000184059143,0.0,19.313926696777344,-5.32366782837141
-1121.8443603515625,273.8191833496094,-1124.6908134383852,273.557243277362,-1114.9778327024483,274.4510640424,0.1032000184059143,0.0,19.320663452148438,-5.257740041166118
-1121.984619140625,275.3587341308594,-1124.8215233172623,275.10028163332083,-1115.1128054776532,275.9847818551501,0.1032000184059143,0.0,19.3287353515625,-5.205488208337755
-1122.1243896484375,276.8990173339844,-1124.9516427725198,276.6424628224077,-1115.2471351190038,277.5230826720888,0.1032000184059143,0.0,19.33967399597168,-5.185012195809698
-1122.26220703125,278.4404296875,-1125.080293699064,278.1884650991722,-1115.3831308513916,279.05548656901107,0.1032000184059143,0.0,19.34859275817871,-5.109218997006713
-1122.39892578125,279.9825134277344,-1125.221068869851,279.73230660346945,-1115.5150892774452,280.59282368355844,0.1032000184059143,0.0,19.356454849243164,-5.066507767755075
-1122.5340576171875,281.52545166015625,-1125.3468752949384,281.27910270790085,-1115.6467318328368,282.1286494799926,0.1032000184059143,0.0,19.364667892456055,-5.005241512520265
-1122.6663818359375,283.06939697265625,-1125.4861299865972,282.82772975291283,-1115.7882912152895,283.65888544773395,0.11110001802444458,0.0,19.37738037109375,-4.898578511935541
-1122.7972412109375,284.61468505859375,-1125.622131633123,284.3754653309231,-1115.9187082933588,285.19717872220417,0.11110001802444458,0.0,19.39400291442871,-4.840420536127989
-1122.9259033203125,286.16143798828125,-1125.7434731665364,285.92706669809735,-1116.0475786863658,286.73359126459565,0.11110001802444458,0.0,19.40780258178711,-4.755034562861248
-1123.052001953125,287.7095947265625,-1125.8804597180892,287.47921452776825,-1116.1788839386666,288.26941581143814,0.11509999632835388,0.0,19.425783157348633,-4.656508807934472
-1123.1763916015625,289.25933837890625,-1126.0172620773794,289.0313168740536,-1116.3141762398761,289.81013176660724,0.11509999632835388,0.0,19.44405746459961,-4.588988451994654
-1123.2979736328125,290.8109436035156,-1126.1517434021061,290.5873254306921,-1116.4532363614246,291.3472894778584,0.11509999632835388,0.0,19.465524673461914,-4.480477263024572
-1123.417236328125,292.3642883300781,-1126.2811912569573,292.1443996098055,-1116.5814392122566,292.88912713418057,0.11509999632835388,0.0,19.482925415039062,-4.390441640023482
-1123.533203125,293.9196472167969,-1126.4173220674002,293.7046087209149,-1116.7195348353903,294.42767098755616,0.11509999632835388,0.0,19.505903244018555,-4.264055473795743
-1123.6468505859375,295.4770202636719,-1126.5530587214666,295.2649431532958,-1116.8578146236982,295.9724421543165,0.11904999613761902,0.0,19.533008575439453,-4.173693857272536
-1123.7576904296875,297.0365295410156,-1126.6888740467764,296.82819994731545,-1116.9854722416362,297.51785505584877,0.11904999613761902,0.0,19.55284309387207,-4.065377679773196
-1123.8668212890625,298.5981140136719,-1126.822581369487,298.391551612898,-1117.1202506296297,299.0695960671824,0.11904999613761902,0.0,19.579174041748047,-3.9975987868020666
-1123.9727783203125,300.1618957519531,-1126.9568505713314,299.95970421267793,-1117.2531920094495,300.6171942116408,0.11904999613761902,0.0,19.605045318603516,-3.876260716957178
-1124.0765380859375,301.7279357910156,-1127.0912549959157,301.5281922900817,-1117.3862716509661,302.1712070101072,0.11904999613761902,0.0,19.631776809692383,-3.790656740131554
-1124.1781005859375,303.2962341308594,-1127.2249849975226,303.09891886871196,-1117.524638281602,303.72711022638043,0.11904999613761902,0.0,19.656984329223633,-3.7052824187693862
-1124.277099609375,304.8668518066406,-1127.3673799559456,304.67206555077706,-1117.6617276266718,305.2838313020724,0.11904999613761902,0.0,19.683887481689453,-3.6066906699998547
-1124.3734130859375,306.4398193359375,-1127.5004830827331,306.2483474986388,-1117.7943349045127,306.8426591151622,0.11904999613761902,0.0,19.712961196899414,-3.503870663035471
-1124.4677734375,308.01483154296875,-1127.6373769540305,307.82493783878135,-1117.9353750937626,308.40619321084,0.11904999613761902,0.0,19.73367691040039,-3.428541880182804
-1124.555908203125,309.5130310058594,-1127.7734594087678,309.32375172201245,-1118.0627282495072,309.8950061083393,0.11904999613761902,0.0,19.75958251953125,-3.3666659096401546
-1124.641845703125,311.01324462890625,-1127.903980896791,310.8263780794369,-1118.1978556187728,311.3823789904176,0.11904999613761902,0.0,19.784360885620117,-3.278520365918275
-1124.72607421875,312.5155029296875,-1128.03499927158,312.3299783462192,-1118.3216526218464,312.87458560159774,0.11904999613761902,0.0,19.811355590820312,-3.2090959414143283
-1124.8095703125,314.0196838378906,-1128.1641063460768,313.833475747082,-1118.456186658745,314.37235598941885,0.11904999613761902,0.0,19.833932876586914,-3.177190467485783
-1124.891357421875,315.52581787109375,-1128.2924228079867,315.34113091721497,-1118.5904651393212,315.86797318722944,0.11904999613761902,0.0,19.858522415161133,-3.108261392484928
-1124.9715576171875,317.0338134765625,-1128.4317873432308,316.84978701199697,-1118.715106798764,317.3665522297664,0.11904999613761902,0.0,19.88236427307129,-3.0443110304013103
-1125.0504150390625,318.5437927246094,-1128.5605542027042,318.3604785994482,-1118.8493652299899,318.8676374406837,0.11904999613761902,0.0,19.907089233398438,-2.9895090152436907
-1125.12744140625,320.0556640625,-1128.6877955757623,319.87427220678757,-1118.9835192753403,320.36868276334206,0.11904999613761902,0.0,19.931577682495117,-2.916566444116552
-1125.203125,321.56939697265625,-1128.8278887729416,321.38816609170595,-1119.1177855061476,321.8736516790139,0.11904999613761902,0.0,19.955080032348633,-2.862290003130786
-1125.27685546875,323.0852355957031,-1128.954239661342,322.9063674390463,-1119.251679561525,323.37830046236286,0.11904999613761902,0.0,19.980493545532227,-2.7846750068453594
-1125.3487548828125,324.6029968261719,-1129.0950269793768,324.4255283527029,-1119.3855006109734,324.8854882216851,0.11904999613761902,0.0,20.005966186523438,-2.7121891612065894
-1125.4200439453125,326.1227111816406,-1129.233007585845,325.94384690869225,-1119.519723836307,326.3994923329848,0.11509999632835388,0.0,20.030479431152344,-2.6857483522956977
-1125.4896240234375,327.64422607421875,-1129.3574493908832,327.46734736435303,-1119.6531520226235,327.9111325499765,0.11509999632835388,0.0,20.05019760131836,-2.61835701983117
-1125.55908203125,329.1674499511719,-1129.4948893542692,328.9879797236321,-1119.7866559548306,329.43066878694475,0.11509999632835388,0.0,20.074705123901367,-2.6108413223523415
-1125.62646484375,330.6923522949219,-1129.6326615797507,330.5153253498152,-1119.9197580912144,330.94452185363144,0.11509999632835388,0.0,20.09434700012207,-2.530156035454127
-1125.6943359375,332.2188720703125,-1129.7700542827995,332.03766022728763,-1120.0535214925,332.46967016162773,0.11110001802444458,0.0,20.114391326904297,-2.5457697280345766
-1125.76220703125,333.7466735839844,-1129.897442309125,333.56296978561045,-1120.186983799519,333.9943474442678,0.10715001821517944,0.0,20.129972457885742,-2.5436367788267606
-1125.8294677734375,335.2756652832031,-1130.0411582003444,335.09039192683207,-1120.3306377066538,335.5175602468212,0.1032000184059143,0.0,20.14603614807129,-2.5188323009520937
-1125.8968505859375,336.8056640625,-1130.172103427624,336.6173772713472,-1120.4641155917395,337.0449276282163,0.1032000184059143,0.0,20.1579532623291,-2.521738967679033
-1125.96435546875,338.33642578125,-1130.3091442614696,338.1448254461325,-1120.5973972638064,338.57310264626864,0.09920001029968262,0.0,20.162878036499023,-2.5250439305747236
-1126.033203125,339.8675537109375,-1130.4459982777614,339.669130967881,-1120.7307543837048,340.1059800116702,0.09920001029968262,0.0,20.16741180419922,-2.5745887851923577
-1126.102783203125,341.3988952636719,-1130.5827186877586,341.19533893722127,-1120.8737093288137,341.6364904416035,0.09920001029968262,0.0,20.172199249267578,-2.601578110927764
-1126.1728515625,342.9306945800781,-1130.7193965976667,342.7227241573036,-1121.0065169834515,343.1670157378558,0.09920001029968262,0.0,20.179269790649414,-2.6190276372903765
-1126.244140625,344.4626159667969,-1130.8560538667386,344.24799727018143,-1121.1400241833105,344.70013969299686,0.09525001049041748,0.0,20.177005767822266,-2.664378077372832
-1126.31591796875,345.9945373535156,-1130.9927215526661,345.77540826412223,-1121.273007545141,346.2308201798499,0.09525001049041748,0.0,20.177738189697266,-2.6826006747151996
-1126.3878173828125,347.5262756347656,-1131.1292403161558,347.30371442120656,-1121.4159314985957,347.7596547219352,0.09525001049041748,0.0,20.17409324645996,-2.6874769936625746
-1126.459716796875,349.05767822265625,-1131.2777032468423,348.8314735620053,-1121.5489151448437,349.28824056083573,0.09130001068115234,0.0,20.170900344848633,-2.688065242036733
-1126.531982421875,350.5884704589844,-1131.414852053515,350.35795999691777,-1121.68181219824,350.817437247716,0.09130001068115234,0.0,20.16057014465332,-2.7028119698597246
-1126.6058349609375,352.1184387207031,-1131.5517816075353,351.8796947368844,-1121.8180951052245,352.3495459623121,0.09130001068115234,0.0,20.151002883911133,-2.7635585609946602
-1126.6800537109375,353.6478271484375,-1131.684488921583,353.4049699912532,-1121.9571070622483,353.87702412039425,0.09130001068115234,0.0,20.144575119018555,-2.7782920356594327
-1126.75537109375,355.1763916015625,-1131.8206489923828,354.9268087503042,-1122.0894190503245,355.4062983585337,0.08730000257492065,0.0,20.131317138671875,-2.8208695189031605
-1126.831787109375,356.7040100097656,-1131.9565952663115,356.44765186555065,-1122.2217281072597,356.93461887049034,0.08730000257492065,0.0,20.118986129760742,-2.863718244401669
-1126.908447265625,358.2305603027344,-1132.0990900159914,357.969897102764,-1122.3539667156717,358.4592767703183,0.08730000257492065,0.0,20.105411529541016,-2.874858942478183
-1126.9873046875,359.7558898925781,-1132.2378924555082,359.48444179541247,-1122.4966821292855,359.988048843609,0.08335000276565552,0.0,20.08922576904297,-2.959477477950931
-1127.0667724609375,361.27978515625,-1132.37360139236,361.00304574426593,-1122.629100981795,361.51119992608454,0.08335000276565552,0.0,20.067520141601562,-2.9851444332445327
-1127.147705078125,362.8020324707031,-1132.5090766740682,362.51698691282655,-1122.7614344051026,363.03523528990996,0.08335000276565552,0.0,20.049795150756836,-3.0433527741169835
-1127.2288818359375,364.32275390625,-1132.644934161268,364.0336427267557,-1122.893881926765,364.5541580474151,0.08335000276565552,0.0,20.028539657592773,-3.055573056776382
-1127.3121337890625,365.8418273925781,-1132.7806126361877,365.54213053871075,-1123.026169395932,366.0767172184909,0.08335000276565552,0.0,20.00878143310547,-3.136924309556959
-1127.3953857421875,367.359375,-1132.9165275976748,367.05648773590264,-1123.1583447666883,367.5918170894315,0.08335000276565552,0.0,19.988527297973633,-3.1400721467122588
-1127.4788818359375,368.8754577636719,-1133.0526335102782,368.56849134766117,-1123.2907271695658,369.1061144026379,0.08335000276565552,0.0,19.968961715698242,-3.1522987537695606
-1127.5623779296875,370.3897705078125,-1133.1886262148605,370.0795507357758,-1123.4233416131187,370.6179884671872,0.08335000276565552,0.0,19.945659637451172,-3.1559759055941328
-1127.6466064453125,371.9023132324219,-1133.325004656976,371.5861019646578,-1123.556426292595,372.13008187478613,0.08335000276565552,0.0,19.923280715942383,-3.187321069814547
-1127.7301025390625,373.41326904296875,-1133.46188569492,373.09652814267537,-1123.6844922968876,373.63683127404045,0.08335000276565552,0.0,19.903045654296875,-3.1629734060831582
-1127.8135986328125,374.9228210449219,-1133.5990611728587,374.6028164859495,-1123.8126598645617,375.1441203165267,0.08335000276565552,0.0,19.88574981689453,-3.1659088340261903
-1127.8970947265625,376.430908203125,-1133.736123693021,376.10762708018694,-1123.9458680170665,376.64967009229633,0.08335000276565552,0.0,19.86405372619629,-3.1689776979630975
-1127.98046875,377.9373474121094,-1133.8699542001366,377.6113932713608,-1124.0743245801395,378.1535333382496,0.08335000276565552,0.0,19.842628479003906,-3.167808668791575
-1128.0618896484375,379.4423828125,-1134.0085077023357,379.1206767685841,-1124.2026197616321,379.6511654241349,0.08335000276565552,0.0,19.82474708557129,-3.0966253195974307
-1128.14306640625,380.9458923339844,-1134.1398458776857,380.6221171214888,-1124.3364823190147,381.15141557818527,0.08335000276565552,0.0,19.801422119140625,-3.090485297496705
-1128.2242431640625,382.4478759765625,-1134.2701632740389,382.1211159649296,-1124.4614235109254,382.65124270507795,0.09130001068115234,0.0,19.78824806213379,-3.0936188543000487
-1128.305419921875,383.9490051269531,-1134.40736042888,383.61902969039954,-1124.5869364698347,384.15009004395546,0.09130001068115234,0.0,19.775272369384766,-3.095376420611311
-1128.3865966796875,385.4493408203125,-1134.5359118721674,385.11662763332237,-1124.712912854935,385.64810816514176,0.09130001068115234,0.0,19.769691467285156,-3.0970102338382004
-1128.4677734375,386.9490966796875,-1134.6661841229984,386.61359748500604,-1124.839736320375,387.1454701684461,0.09130001068115234,0.0,19.755943298339844,-3.098205264344101
-1128.547119140625,388.4478454589844,-1134.7935995505318,388.1171486891007,-1124.9664390088844,388.6374113066056,0.09130001068115234,0.0,19.7455997467041,-3.030483689378484
-1128.6259765625,389.9459228515625,-1134.930200543468,389.6140742751641,-1125.08426843272,390.132355123708,0.09130001068115234,0.0,19.73434829711914,-3.01321633041796
-1128.708984375,391.52191162109375,-1135.0662531987387,391.1870723197389,-1125.219377495321,391.70571028715483,0.09130001068115234,0.0,19.72379493713379,-3.0150003304761963
-1128.7919921875,393.0971374511719,-1135.200370988653,392.75944269287254,-1125.356358398578,393.27818098151783,0.09130001068115234,0.0,19.713207244873047,-3.016457909183311
-1128.87353515625,394.6715393066406,-1135.332614397006,394.33700432444834,-1125.4866308536257,394.8469571840706,0.09130001068115234,0.0,19.702308654785156,-2.9648701348760764
-1128.954345703125,396.2452087402344,-1135.470149083595,395.9106113824505,-1125.6105995967973,396.41691567289456,0.08335000276565552,0.0,19.69514274597168,-2.939651589876462
-1129.03515625,397.81768798828125,-1135.6038524937644,397.4801191864203,-1125.7398115158403,397.9870375109792,0.08335000276565552,0.0,19.670568466186523,-2.9418726603002834
-1129.11572265625,399.3883361816406,-1135.7310320950785,399.0490038537702,-1125.863186511135,399.5551750380555,0.07940000295639038,0.0,19.648862838745117,-2.936413667762195
-1129.1962890625,400.9570617675781,-1135.8670213360083,400.6144671601145,-1125.9976798288192,401.1213355279259,0.07940000295639038,0.0,19.62346649169922,-2.9400061839788028
-1129.27685546875,402.5238952636719,-1135.9960973741208,402.17839258301706,-1126.118353118228,402.68630510756924,0.07940000295639038,0.0,19.60122299194336,-2.943550261156838
-1129.357421875,404.0887756347656,-1136.1266528539347,403.74026809187416,-1126.2506373759618,404.24872553681837,0.07940000295639038,0.0,19.57486343383789,-2.947217629074425
-1129.4376220703125,405.65167236328125,-1136.2581605162252,405.30167577968217,-1126.3728100519406,405.80894348554085,0.07940000295639038,0.0,19.550474166870117,-2.937561787235666
-1129.516357421875,407.2127380371094,-1136.3801644956652,406.86654871780496,-1126.4904624519756,407.3653548733133,0.07940000295639038,0.0,19.529815673828125,-2.8873761826079685
-1129.594482421875,408.7720642089844,-1136.5123971062549,408.4254644439927,-1126.6194261567457,408.9211197913926,0.07940000295639038,0.0,19.504737854003906,-2.8682216022722304
-1129.672607421875,410.3293762207031,-1136.6349522444343,409.98009927095296,-1126.7441428526663,410.4762872396562,0.07940000295639038,0.0,19.478870391845703,-2.8719250298839754
-1129.750732421875,411.8846130371094,-1136.7578330127196,411.53262179829295,-1126.8578315931632,412.02993359206215,0.07940000295639038,0.0,19.452497482299805,-2.8757506902705945
-1129.828857421875,413.4378967285156,-1136.8811929249525,413.0831877244707,-1126.9828130075064,413.58104329028197,0.07940000295639038,0.0,19.431371688842773,-2.8793606262095888
-1129.9071044921875,414.98931884765625,-1137.0049394528858,414.6313345283764,-1127.1073701675436,415.1305254257074,0.07940000295639038,0.0,19.40633773803711,-2.887306559498246
-1129.9852294921875,416.5387878417969,-1137.1286724487172,416.1786118827494,-1127.2256184459757,416.67792880802506,0.07940000295639038,0.0,19.383432388305664,-2.886437461644791
-1130.0633544921875,418.0863037109375,-1137.2521303053989,417.7233845825417,-1127.3464756513647,418.22346298902437,0.06350001692771912,0.0,19.35340118408203,-2.89007427184029
-1130.140869140625,419.6305847167969,-1137.3754706375867,419.2674464087463,-1127.4647179369074,419.76491319648073,0.03175002336502075,0.0,19.299591064453125,-2.873530071787121
-1130.21728515625,421.1684265136719,-1137.4994575983299,420.80657225515927,-1127.5854234208998,421.299204847243,0.0,0.0,19.194900512695312,-2.8447119625897708
-1130.29296875,422.6973876953125,-1137.6111393524725,422.3351381774559,-1127.7023960685044,422.82562106890003,0.0,0.0,19.083820343017578,-2.8338286376041837
-1130.36865234375,424.2173767089844,-1137.7329963677441,423.85068983405705,-1127.8223450308662,424.3441629465805,0.0,0.0,18.971647262573242,-2.850528610192439
-1130.4443359375,425.7287292480469,-1137.8440797883018,425.3581742696528,-1127.934586874417,425.8544092754365,0.0,0.0,18.865449905395508,-2.866790578225117
-1130.52001953125,427.2312316894531,-1137.96393850089,426.856268878292,-1128.0565483856985,427.3553209050555,0.0,0.0,18.75153160095215,-2.883648240760748
-1130.5994873046875,428.7995910644531,-1138.0802150053148,428.42054734300945,-1128.1727913451818,428.92255020748223,0.0,0.0,18.642675399780273,-2.900660085616414
-1130.678955078125,430.35845947265625,-1138.1951326686583,429.9753008335194,-1128.2855233280413,430.4804714982082,0.0,0.0,18.52743911743164,-2.9182899403756886
-1130.7584228515625,431.9080810546875,-1138.3091548923237,431.52086402695613,-1128.4137187014235,432.0283222931562,0.0,0.0,18.421873092651367,-2.935673446421173
-1130.83740234375,433.4483947753906,-1138.4227329485207,433.05945741075715,-1128.525199494061,433.56695283564056,0.0,0.0,18.31010627746582,-2.9352670157537304
-1130.915771484375,434.9797668457031,-1138.5452927012764,434.58932024377003,-1128.6436896136565,435.09604237866455,0.0,0.0,18.19978904724121,-2.9295997590619205
-1130.9952392578125,436.5017395019531,-1138.6568568493688,436.10169835244216,-1128.7658287876923,436.6181451978184,0.0,0.0,18.092866897583008,-2.9889085355613196
-1131.07470703125,438.0146484375,-1138.7679759474674,437.61054813981303,-1128.8783749241743,438.1300140210971,0.0,0.0,17.983535766601562,-3.006782096037033
-1131.15478515625,439.5187072753906,-1138.8681752344717,439.1080359643375,-1128.9902230525843,439.63395148681434,0.0,0.0,17.880220413208008,-3.0476272563872073
-1131.2381591796875,441.0851135253906,-1138.983632623075,440.6728505607839,-1129.106928195983,441.1985510847633,0.0,0.0,17.774517059326172,-3.0467678431543073
-1131.3218994140625,442.6419372558594,-1139.0993274447296,442.2235959668769,-1129.2228800968592,442.7548417331873,0.0,0.0,17.663951873779297,-3.0789245151827878
-1131.406005859375,444.1890869140625,-1139.2119825692964,443.7647369167738,-1129.3383814962733,444.30148750472284,0.0,0.0,17.5559024810791,-3.1116612811109867
-1131.4910888671875,445.7266540527344,-1139.3147953053729,445.29372045311425,-1129.4533309433941,445.8394156804964,0.0,0.0,17.44947052001953,-3.1672962234683237
-1131.5770263671875,447.2548522949219,-1139.4258876956908,446.8134753179056,-1129.5563955263667,447.3684815074738,0.0,0.0,17.347190856933594,-3.2186109561843015
-1131.6629638671875,448.77386474609375,-1139.5273013638612,448.3289431109228,-1129.6700292893108,448.88661419403553,0.0,0.0,17.23908805847168,-3.238033288099077
-1131.7489013671875,450.2835693359375,-1139.6298440938592,449.834959375996,-1129.782723795293,450.3954908245661,0.0,0.0,17.132755279541016,-3.2579540325165355
-1131.8338623046875,451.7841796875,-1139.7303966997051,451.33709696245876,-1129.8843735473465,451.8945550373015,0.0,0.0,17.030323028564453,-3.24048923215426
-1131.923095703125,453.34344482421875,-1139.8367213789375,452.89056500513874,-1129.990251866545,453.4540573301521,0.0,0.0,16.92607879638672,-3.2753420416879124
-1132.0126953125,454.8929748535156,-1139.9323005769263,454.43503371995865,-1130.0955320448693,455.0038323887941,0.0,0.0,16.820091247558594,-3.3093707045724425
-1132.102294921875,456.432861328125,-1140.0342069109636,455.9713362562852,-1130.2005288191847,456.543517212655,0.0,0.0,16.715974807739258,-3.3300491761211615
-1132.192138671875,457.96337890625,-1140.1386227573564,457.49690799486746,-1130.3046536949657,458.07417719489297,0.0,0.0,16.618572235107422,-3.3594956534710287
-1132.28369140625,459.484375,-1140.2358735984528,459.0057123479814,-1130.4085940521932,459.5972420156936,0.0,0.0,16.51057243347168,-3.4446267534255743
-1132.3741455078125,460.9961242675781,-1140.3278980769642,460.52021893187015,-1130.5117192717037,461.1075607971182,0.0,0.0,16.41716766357422,-3.424156907375424
-1132.4659423828125,462.4986877441406,-1140.420400834223,462.0127219666233,-1130.6049670257728,462.61238125851986,0.0,0.0,16.31363296508789,-3.496054953364049
-1132.56103515625,464.0570068359375,-1140.5259850282262,463.57096442164385,-1130.701244751745,464.17049619027307,0.0,0.0,16.216136932373047,-3.492010594761608
-1132.6534423828125,465.6055908203125,-1140.620616531892,465.1301729714355,-1130.8017224874932,465.71608679703934,0.0,0.0,16.110258102416992,-3.4149089288404575
-1132.744384765625,467.14447021484375,-1140.7133696899778,466.67353111448733,-1130.899351692667,467.2535052078516,0.0,0.0,16.01474952697754,-3.382046421612417
-1132.8328857421875,468.6742858886719,-1140.8038478085964,468.213159794144,-1130.9907182592353,468.78085665011855,0.0,0.0,15.913862228393555,-3.310913271116751
-1132.9188232421875,470.1954650878906,-1140.8926077569486,469.7449940933561,-1131.0811477073667,470.2992827323567,0.699999988079071,0.0,15.84813117980957,-3.2334308685790325
-1133.004150390625,471.7124938964844,-1140.991486269764,471.2632363805304,-1131.1713097375332,471.8155842699715,0.699999988079071,0.0,15.80819034576416,-3.219279465817974
-1133.0908203125,473.23834228515625,-1141.0804824807642,472.7845203975611,-1131.2681552315346,473.34187173234403,0.0,0.0,16.068817138671875,-3.250972090071646
-1133.1763916015625,474.77032470703125,-1141.1707423946532,474.32378766273195,-1131.364310802002,474.87154133177165,0.0,0.0,15.914636611938477,-3.197023834322416
-1133.2613525390625,476.2890319824219,-1141.2597735409831,475.8415768619688,-1131.4510706876151,476.39030445653884,0.0,0.0,15.770479202270508,-3.20195637438284
-1133.3463134765625,477.79339599609375,-1141.3384159113687,477.34203149303056,-1131.5378651905014,477.895530493069,0.0,0.0,15.628324508666992,-3.232420788620713
-1133.432861328125,479.3462219238281,-1141.4321668222371,478.9003749733476,-1131.625289850987,479.44696819879545,0.0,0.0,15.479488372802734,-3.190120198035205
-1133.518310546875,480.8843078613281,-1141.5246528011924,480.4395110694216,-1131.7159824195103,480.98443720173725,0.0,0.0,15.338492393493652,-3.1798301198642345
-1133.603759765625,482.4079895019531,-1141.6035627167466,481.9593545022908,-1131.801717831649,482.5090493764751,0.0,0.0,15.191061019897461,-3.209828439848467
-1133.6873779296875,483.91778564453125,-1141.6984563934877,483.47410212037033,-1131.892959749417,484.01716724285643,0.0,0.0,15.053689956665039,-3.1700162772396583
-1133.7742919921875,485.4730224609375,-1141.7832834576209,485.02544175975714,-1131.9840236805037,485.5730712061138,0.0,0.0,15.0,-3.198634729468245
-1133.8599853515625,487.013427734375,-1141.867408472607,486.5679715943502,-1132.0672414721794,487.11315879098225,0.0,0.0,15.0,-3.184105098577367
-1133.9456787109375,488.5390319824219,-1141.953981712013,488.0892047169737,-1132.1533668812697,488.6397063361597,0.0,0.0,15.0,-3.214931989375273
-1134.0313720703125,490.050048828125,-1142.0466042047046,489.595485949015,-1132.2454370411215,490.151333451597,0.0,0.0,15.0,-3.245902991711943
-1134.11962890625,491.60406494140625,-1142.1343513884513,491.14888687655167,-1132.337967940603,491.7052503526755,0.0,0.0,15.0,-3.2504926853637115
-1134.2080078125,493.142822265625,-1142.2223276559341,492.6825178297322,-1132.4205147923071,493.2454873678914,0.0,0.0,15.0,-3.287185797300227
-1134.2960205078125,494.66644287109375,-1142.3012787743303,494.2040151813001,-1132.5140505165793,494.769379246023,0.0,0.0,15.0,-3.3060449516812676
-1134.384033203125,496.1756896972656,-1142.3904686105182,495.70878928851175,-1132.5945430943475,496.28004495909386,0.0,0.0,15.0,-3.3374602547585557
-1134.4739990234375,497.7252197265625,-1142.4822963368545,497.2602574325211,-1132.6891225483314,497.8288497777415,0.0,0.0,15.0,-3.322866495611873
-1134.56298828125,499.2594909667969,-1142.5622968131315,498.79552311639475,-1132.7755930650321,499.3631616669558,0.0,0.0,15.0,-3.3194931416442235
-1134.6495361328125,500.7790222167969,-1142.6508665502358,500.3232909132981,-1132.865194602445,500.8806528518411,0.0,0.0,15.0,-3.259870262870696
-1134.7349853515625,502.2839050292969,-1142.7382987576075,501.82946640306136,-1132.9537309873297,502.38504698703235,0.0,0.0,15.0,-3.249839842382641
-1134.823486328125,503.82696533203125,-1142.8283441350898,503.36785318203624,-1133.036392998568,503.92946262561975,0.0,0.0,15.0,-3.2825569521195335
-1134.9119873046875,505.3547058105469,-1142.9194806498022,504.89083711633714,-1133.1284683338274,505.458023862833,0.0,0.0,15.0,-3.315400600841039
-1134.9993896484375,506.8675231933594,-1143.000623078304,506.4052555313095,-1133.223285321282,506.97013682187895,0.0,0.0,15.0,-3.306562166008244
-1135.0843505859375,508.3655090332031,-1143.088753893881,507.9115250294278,-1133.3101329679425,508.46613694846405,0.0,0.0,15.0,-3.2461545259819324
-1135.1722412109375,509.8996887207031,-1143.174038570365,509.4412789419963,-1133.3934648894988,510.00159188361175,0.0,0.0,15.0,-3.278796927677201
-1135.2598876953125,511.4186706542969,-1143.2658184193076,510.95672198552774,-1133.487756641322,511.5209240473748,0.0,0.0,15.0,-3.302351070339162
-1135.34423828125,512.9229125976562,-1143.3483771057217,512.4740793479588,-1133.568128124536,513.0225082332319,0.0,0.0,15.0,-3.2095079767604
-1135.4312744140625,514.461669921875,-1143.4350942183883,514.0089529712991,-1133.6657098672433,514.5615348635181,0.0,0.0,15.0,-3.2373494124349054
-1135.518310546875,515.985107421875,-1143.5245802236323,515.5276979443487,-1133.755182494109,516.0858374139922,0.0,0.0,15.0,-3.2698341990833226
-1135.603759765625,517.4932861328125,-1143.615338733799,517.039372310253,-1133.8394010180343,517.5932498012312,0.0,0.0,15.0,-3.2427529776226622
-1135.689697265625,519.0345458984375,-1143.6977073587564,518.5880355938625,-1133.93309570562,519.1324904175444,0.0,0.0,15.0,-3.1913912143049217
-1135.7757568359375,520.56005859375,-1143.787009737655,520.1081154637419,-1134.0177175080594,520.6592358143753,0.0,0.0,15.0,-3.228835365795058
-1135.8616943359375,522.0701904296875,-1143.8748509043437,521.6141834598259,-1134.1105764155268,522.1698417930347,0.0,0.0,15.0,-3.257034277745157
-1135.9503173828125,523.6116333007812,-1143.9645647556179,523.1508656434733,-1134.2008250356223,523.7122178538646,0.0,0.0,15.0,-3.2905162385922955
-1136.0355224609375,525.1372680664062,-1144.0549830602276,524.6893897260074,-1134.2891802406662,525.2347994210029,0.0,0.0,15.0,-3.196587577212123
-1136.1180419921875,526.6475219726562,-1144.144195016018,526.2089769157448,-1134.381815411485,526.7423885397881,0.0,0.0,15.0,-3.127503347614191
-1136.201171875,528.1878051757812,-1144.225144444613,527.7547472173167,-1134.477563907986,528.2808291911194,0.0,0.0,15.0,-3.089285735613416
-1136.2830810546875,529.712158203125,-1144.3149035625524,529.2805783910908,-1134.5602903875815,529.8047301781103,0.0,0.0,15.0,-3.0757582094857256
-1136.362060546875,531.220703125,-1144.4041745347638,530.799660258018,-1134.6552440260614,531.310063077174,0.0,0.0,15.0,-2.9969699573951267
-1136.4432373046875,532.7575073242188,-1144.4944511242522,532.3322277507639,-1134.7445278938476,532.8472362060813,0.0,0.0,15.0,-3.023655919760308
-1136.523681640625,534.2781982421875,-1144.5839114900925,533.8518132154326,-1134.8298925942106,534.3677994448034,0.0,0.0,15.0,-3.0281161703694686
-1136.604736328125,535.7830200195312,-1144.6724025813887,535.348468781067,-1134.9218583932416,535.8736654017063,0.0,0.0,15.0,-3.0831611700909294
-1136.687255859375,537.3145141601562,-1144.7625039128218,536.8794059436625,-1135.020507621385,537.4043214141719,0.0,0.0,15.0,-3.0842124506398103
-1136.770751953125,538.830078125,-1144.851159421385,538.3849088842695,-1135.1091046913673,538.9216223017985,0.0,0.0,15.0,-3.1533756525426693
-1136.854248046875,540.329833984375,-1144.9393726382816,539.8797098414055,-1135.1970670305477,540.42209442839,0.0,0.0,15.0,-3.1865455182761804
-1136.9378662109375,541.8555297851562,-1145.02939388991,541.4120608520766,-1135.2847596828958,541.9461308950262,0.0,0.0,15.0,-3.1370470718285515
-1137.022705078125,543.3655395507812,-1145.1174846933736,542.9107398876771,-1135.3773078919003,543.4579850677114,0.05555000901222229,0.0,15.0,-3.2157433883441717
-1137.1083984375,544.8746337890625,-1145.2056142408983,544.4148363780222,-1135.4703579978254,544.9676493108948,0.11110001802444458,0.0,15.0,-3.250029458903339
-1137.1942138671875,546.397216796875,-1145.2949743887207,545.9406438275302,-1135.5628233095385,546.4891648095445,0.12305000424385071,0.0,15.0,-3.2258769718298774
-1137.2777099609375,547.8958129882812,-1145.3829389548443,547.4442203819332,-1135.661002135964,547.9858898141097,0.17065000534057617,0.0,15.0,-3.1890062949934816
-1137.3614501953125,549.41845703125,-1145.4725354742025,548.9723749771899,-1135.7417594436608,549.5075345039428,0.1587499976158142,0.0,15.0,-3.1479014687687203
-1137.4468994140625,550.9217529296875,-1145.5611106153292,550.4605310181255,-1135.8354270751222,551.0133510325911,0.15080001950263977,0.0,15.0,-3.25326308393443
-1137.5328369140625,552.4465942382812,-1145.6523289964089,551.9889932755489,-1135.932309823242,552.5367972620925,0.14685001969337463,0.0,15.0,-3.2256817720156095
-1137.619873046875,553.9466552734375,-1145.7399510281664,553.4755143204602,-1136.01823478578,554.039585092387,0.09920001029968262,0.0,15.0,-3.3206770765355427
-1137.707275390625,555.455810546875,-1145.8259268860972,554.985620910803,-1136.1141738049196,555.548074619945,0.0,0.0,15.0,-3.3145679868080906
-1137.7952880859375,556.9541015625,-1145.918209350292,556.4769444636244,-1136.2118579423077,557.0471155052699,0.0,0.0,15.0,-3.3618086770816857
-1137.88525390625,558.4805908203125,-1146.0112861487498,558.001671527012,-1136.301882983947,558.5739090426026,0.0,0.0,15.0,-3.3729067810478255
-1137.9749755859375,559.9915161132812,-1146.090532825661,559.5095985555195,-1136.4013165193662,560.0849630463396,0.0,0.0,15.0,-3.3983440339695155
-1138.0672607421875,561.5292358398438,-1146.1887366387643,561.0418312373342,-1136.4840740215755,561.6242496654199,0.0,0.0,15.0,-3.434446131050029
-1138.1558837890625,563.0511474609375,-1146.2842365206875,562.5778220883159,-1136.5805362866522,563.1428821540796,0.0,0.0,15.0,-3.3326500594088992
-1138.2437744140625,564.5574951171875,-1146.3692421773305,564.0833997533664,-1136.6763496490212,564.6489493984541,0.0,0.0,15.0,-3.3392417678464827
-1138.3333740234375,566.0895385742188,-1146.462664244787,565.6141073943876,-1136.7650086306437,566.1812624257235,0.0,0.0,15.0,-3.347058097455223
-1138.4210205078125,567.60546875,-1146.5563821179899,567.1351068193234,-1136.8687872029375,567.6952141711781,0.0,0.0,15.0,-3.3089843599236626
-1138.5069580078125,569.1058959960938,-1146.6436577560853,568.6398636466829,-1136.9526889444132,569.19491730518,0.0,0.0,15.0,-3.278054605211133
-1138.5950927734375,570.630615234375,-1146.7329463880228,570.1602153056507,-1137.0539519976417,570.7196992294212,0.0,0.0,15.0,-3.3082399608821125
-1138.6832275390625,572.1395263671875,-1146.8272706672833,571.6638367677558,-1137.1444833332532,572.2294036681012,0.0,0.0,15.0,-3.34282054119278
-1138.774169921875,573.672119140625,-1146.9139276617484,573.1891147984342,-1137.243980512724,573.7629189104233,0.0,0.0,15.0,-3.3958870113254798
-1138.86669921875,575.1886596679688,-1146.999047824087,574.6924774131415,-1137.334308899364,575.2821560145776,0.0,0.0,15.0,-3.4914822171273627
-1138.9603271484375,576.689697265625,-1147.0923471698438,576.1824586728206,-1137.4253776290357,576.7854404674614,0.0,0.0,15.0,-3.5692271931650947
-1139.0611572265625,578.2128295898438,-1147.1741608827167,577.6757555750183,-1137.5286109043343,578.314282866715,0.0,0.0,15.0,-3.7874062862390137
-1139.168701171875,579.7195434570312,-1147.255625675715,579.142327181581,-1137.6186855011351,579.8301781330356,0.0,0.0,15.0,-4.082647796164394
-1139.2890625,581.2471923828125,-1147.3437555372325,580.6125743529502,-1137.7114588165118,581.3714895766212,0.027800023555755615,0.0,15.0,-4.504948228209679
-1139.4188232421875,582.7652587890625,-1147.4247728768903,582.0809290639347,-1137.8046207212774,582.9032370199831,0.04365000128746033,0.0,15.0,-4.8856325868903925
-1139.5599365234375,584.2796020507812,-1147.4999101746685,583.5397197775296,-1137.9045732024465,584.4338562121666,0.04365000128746033,0.0,15.0,-5.323703444946196
-1139.71533203125,585.7898559570312,-1147.5812645987696,584.9805015956949,-1138.0048415930096,585.9658545286348,0.04365000128746033,0.0,15.0,-5.8746969911297
-1139.885498046875,587.2957763671875,-1147.653404697869,586.4180183425058,-1138.09581183881,587.498007354424,0.035750001668930054,0.0,15.0,-6.44696264954032
-1140.0714111328125,588.7939453125,-1147.7230904296882,587.8444213518432,-1138.186574994708,589.0278412986756,0.0,0.0,15.0,-7.073873269455533
-1140.2777099609375,590.3118896484375,-1147.802057383966,589.2892803082752,-1138.2782320634938,590.5836321210294,0.0,0.0,15.0,-7.7394627024667875
-1140.502685546875,591.8117065429688,-1147.8682421195454,590.7068580699755,-1138.3747074024639,592.1309075945416,0.0,0.0,15.0,-8.530879627315695
-1140.7486572265625,593.2933349609375,-1147.9288199830655,592.1013244188692,-1138.4712584152305,593.6714159994408,0.0,0.0,15.0,-9.425957307418553
-1141.022705078125,594.7918701171875,-1147.9984188510384,593.516171402607,-1138.5707572941494,595.2402753611615,0.0,0.0,15.0,-10.363568811566513
-1141.322509765625,596.2708740234375,-1148.0534308924534,594.9064680901682,-1138.6724395725091,596.8080622368984,0.0,0.0,15.0,-11.458997875366533
-1141.655517578125,597.7640380859375,-1148.1095906407475,596.3246404964318,-1138.7796795318009,598.4054120387149,0.0,0.0,15.0,-12.572445004227534
-1142.0152587890625,599.236572265625,-1148.1648929708842,597.7342119958887,-1138.8913143273608,599.9997542542377,0.0,0.0,15.0,-13.728499413424661
-1142.4024658203125,600.6876220703125,-1148.218917596988,599.1355243975931,-1139.008559436556,601.5932728694439,0.0,0.0,15.0,-14.941016822769882
-1142.828125,602.1487426757812,-1148.2727714455457,600.5625876855462,-1139.134633290191,603.2247446467995,0.0,0.0,15.0,-16.242097391781865
-1143.2840576171875,603.5857543945312,-1148.3350793412833,601.9831748719779,-1139.2680867861898,604.8599347422867,0.0,0.0,15.0,-17.603102663385314
-1143.7828369140625,605.0286865234375,-1148.3991374484003,603.4329668852408,-1139.414710493369,606.5386196527428,0.0,0.0,15.0,-19.06876590444718
-1144.3167724609375,606.4440307617188,-1148.4742077792498,604.8756472969468,-1139.5757340447144,608.2325772305238,0.0,0.0,15.0,-20.66887465144232
-1144.9017333984375,607.858642578125,-1148.5496328137356,606.3501872993479,-1139.768849183759,609.981158965642,0.0,0.0,15.0,-22.465749928445476
-1145.531005859375,609.2381591796875,-1148.5961771828272,607.8399680309046,-1140.0108279739568,611.7562121837873,0.0,0.0,15.0,-24.520305333564682
-1146.206787109375,610.5791015625,-1148.6904319191665,609.327444059814,-1140.276412589344,613.5677727816981,0.0,0.0,15.0,-26.746274044631793
-1146.9459228515625,611.9053344726562,-1148.9171896522914,610.806708628999,-1140.6158881664262,615.4331875739034,0.0,0.0,15.0,-29.131785602314327
-1147.7369384765625,613.1834716796875,-1149.266922108985,612.2365929310033,-1141.0745431298112,617.3067057035591,0.0,0.0,15.0,-31.752603547577763
-1148.5968017578125,614.4364013671875,-1149.7118278225457,613.6711788808293,-1141.6331243311154,619.2154488919006,0.0,0.0,15.0,-34.46111391023865
-1149.50732421875,615.634521484375,-1150.2747063280058,615.0513423551912,-1142.3590918906982,621.0668867350055,0.0,0.0,15.0,-37.23335383764395
-1150.48583984375,616.798583984375,-1151.0077613010524,616.3598547056696,-1143.3893447929815,622.7639263005411,0.0,0.0,15.0,-40.05054415423393
-1151.509521484375,617.9030151367188,-1151.9736273921826,617.4728419239115,-1144.7539839508174,624.1646274889059,0.0,0.0,15.0,-42.827000642242716
-1152.5948486328125,618.9680786132812,-1153.1440251575887,618.4084535723891,-1146.3462879067245,625.3355231308341,0.02385002374649048,0.0,15.0,-45.539896565225526
-1153.71728515625,619.9805908203125,-1154.4236501147022,619.1975387022864,-1147.956159539601,626.3671783234877,0.04765000939369202,0.0,15.0,-47.94744440264498
-1154.8739013671875,620.9547729492188,-1155.7634736431712,619.8986113910526,-1149.5740410855876,627.2471325968797,0.07145002484321594,0.0,15.0,-49.893599590338845
-1156.0684814453125,621.89208984375,-1157.137330753852,620.5298759564845,-1151.242123266746,628.0431273035992,0.08335000276565552,0.0,15.0,-51.88080372566345
-1157.301025390625,622.7966918945312,-1158.591742937789,621.0380554902786,-1152.960328110626,628.7110054275114,0.07540002465248108,0.0,15.0,-53.72390507640885
-1158.5423583984375,623.65087890625,-1160.048412203897,621.4622313681698,-1154.6546259618017,629.300661135353,0.0675000250339508,0.0,15.0,-55.467332495083234
-1159.8121337890625,624.4712524414062,-1161.4895647122496,621.8749223375462,-1156.315872727562,629.8827705668031,0.05160000920295715,0.0,15.0,-57.1343999067323
-1161.104736328125,625.2578125,-1162.9069263061074,622.2961628256218,-1157.9406218777076,630.4575964552215,0.03970000147819519,0.0,15.0,-58.679118101741544
-1162.412841796875,626.009765625,-1164.3167037953426,622.6977875120812,-1159.535453774725,631.0152997232725,0.0,0.0,15.0,-60.10792961212964
-1163.7501220703125,626.7445678710938,-1165.7492903091286,623.1062444129608,-1161.1061080731909,631.5564581175375,0.0,0.0,15.0,-61.21230012112143
-1165.0830078125,627.4559936523438,-1167.182779960363,623.5219833430584,-1162.61885032445,632.0726950270893,0.0,0.0,15.0,-61.90899620949137
-1166.4351806640625,628.1665649414062,-1168.6498206482463,623.9522431573821,-1164.113868856044,632.583876554088,0.0,0.0,15.0,-62.27792594739775
-1167.7774658203125,628.869873046875,-1170.1262988046599,624.3870530354396,-1165.571800363258,633.079453427986,0.0,0.0,15.0,-62.34711314458944
-1169.10546875,629.575927734375,-1171.6211112559404,624.8443103723203,-1166.9902670791753,633.5543646252639,0.0,0.0,15.0,-62.00191708629613
-1170.4407958984375,630.3052368164062,-1173.1606866226468,625.3252578002332,-1168.4113757827438,634.0209999171801,0.0,0.0,15.0,-61.358173231157515
-1171.7532958984375,631.0509033203125,-1174.7218691114213,625.8257090523249,-1169.8080353656605,634.4748930474826,0.0,0.0,15.0,-60.39792970953402
-1173.0604248046875,631.8375244140625,-1176.3452049927562,626.3792025248882,-1171.201413921047,634.9266442995407,0.0,0.0,15.0,-58.960763288278514
-1174.3343505859375,632.6554565429688,-1177.9904020636536,626.9611720535358,-1172.5861435371555,635.3782815203717,0.027800023555755615,0.0,15.0,-57.29725109914923
-1175.57958984375,633.5087890625,-1179.6515119501476,627.5667709797648,-1173.9988186233604,635.81555499043,0.04365000128746033,0.0,15.0,-55.57809657082071
-1176.797119140625,634.4038696289062,-1181.32506334979,628.2447539736436,-1175.4240496964737,636.2715811373911,0.0675000250339508,0.0,15.0,-53.67810928795896
-1177.9840087890625,635.3524169921875,-1183.0170564170048,629.0547112993128,-1176.8311215776969,636.7949911323469,0.07940000295639038,0.0,15.0,-51.36858908966755
-1179.1170654296875,636.3410034179688,-1184.6863829681802,629.9577959854456,-1178.1656143932714,637.4314977712459,0.08335000276565552,0.0,15.0,-48.895459897710516
-1180.2149658203125,637.3873291015625,-1186.2864754205043,631.0165471679306,-1179.4488200535714,638.1912391553535,0.08335000276565552,0.0,15.0,-46.37786001796268
-1181.255126953125,638.4700927734375,-1187.7473353962305,632.2333274810246,-1180.6340507107054,639.0667320814033,0.09920001029968262,0.0,15.0,-43.850351134842356
-1182.25927734375,639.6078491210938,-1189.0446199738371,633.619304678725,-1181.7048530256902,640.0971677671278,0.09920001029968262,0.0,15.0,-41.43067923167217
-1183.2120361328125,640.7723388671875,-1190.120545414175,635.1199551006342,-1182.5680394961826,641.2992421376836,0.09920001029968262,0.0,15.0,-39.28924332801284
-1184.13916015625,641.9779663085938,-1190.9122665161804,636.7694670625378,-1183.2327988953894,642.6749555027654,0.09525001049041748,0.0,15.0,-37.560180383918805
-1185.0234375,643.1965942382812,-1191.552393545977,638.4589645080341,-1183.7500883889675,644.1205791085927,0.09525001049041748,0.0,15.0,-35.96589908262752
-1185.882080078125,644.4513549804688,-1192.1189615880332,640.1834082404459,-1184.0990666369664,645.671485007233,0.09525001049041748,0.0,15.0,-34.38414122387854
-1186.698974609375,645.7142944335938,-1192.5638159875411,641.9207975746447,-1184.3399127403163,647.240182895583,0.09525001049041748,0.0,15.0,-32.89559771020996
-1187.4932861328125,647.0070190429688,-1192.9490686245365,643.6547266280821,-1184.5805936674076,648.7967159147713,0.09130001068115234,0.0,15.0,-31.56854525343713
-1188.2679443359375,648.3258056640625,-1193.3550088142363,645.3376526414971,-1184.8062807828646,650.3591945572731,0.09130001068115234,0.0,15.0,-30.430071178434222
-1189.0040283203125,649.6436767578125,-1193.809043032212,646.9598828792691,-1185.000553776896,651.879778230284,0.09130001068115234,0.0,15.0,-29.18511407694114
-1189.7197265625,650.9863891601562,-1194.2668276670843,648.5626741025466,-1185.212157245598,653.3890328171403,0.08730000257492065,0.0,15.0,-28.05869678500694
-1190.3997802734375,652.324462890625,-1194.7216101791391,650.1279647466973,-1185.4344694388749,654.8479995105537,0.08730000257492065,0.0,15.0,-26.941196504314956
-1191.060302734375,653.6838989257812,-1195.151887021025,651.6958809151798,-1185.667572894649,656.3041172316006,0.08335000276565552,0.0,15.0,-25.91417892121267
-1191.701416015625,655.0639038085938,-1195.5746363943244,653.2645094318641,-1185.8926207282834,657.7625144100194,0.08335000276565552,0.0,15.0,-24.918317922057444
-1192.3238525390625,656.4635009765625,-1195.9963320891545,654.8302557429557,-1186.1296157840547,659.2182358955616,0.07940000295639038,0.0,15.0,-23.97593373610265
-1192.916748046875,657.8504638671875,-1196.3998720904292,656.3615065111285,-1186.3676864310053,660.6500407258637,0.07940000295639038,0.0,15.0,-23.145620624721026
-1193.49658203125,659.2525024414062,-1196.7910645427378,657.8900200131649,-1186.6115396953783,662.099914490981,0.07540002465248108,0.0,15.0,-22.46827134139807
-1194.0626220703125,660.669189453125,-1197.1868103369427,659.4209139809468,-1186.870305425283,663.542893497156,0.07540002465248108,0.0,15.0,-21.779274909957067
-1194.6016845703125,662.0695190429688,-1197.5505233485035,660.9343517113651,-1187.123914902563,664.9481165108484,0.07540002465248108,0.0,15.0,-21.05441100341077
-1195.1241455078125,663.4846801757812,-1197.8956401154826,662.4614767840079,-1187.3915994131517,666.3394457485534,0.07540002465248108,0.0,15.0,-20.263556235531407
-1195.629638671875,664.9143676757812,-1198.205169157545,664.0037399656412,-1187.6579639302693,667.7329046553739,0.07540002465248108,0.0,15.0,-19.472015054545388
-1196.116943359375,666.3600463867188,-1198.5117403386298,665.5528159939817,-1187.938695148534,669.1167437486774,0.08335000276565552,0.0,15.0,-18.627765550941195
-1196.5760498046875,667.7902221679688,-1198.825651069287,667.0680686722229,-1188.2122602750303,670.4751156829091,0.08335000276565552,0.0,15.0,-17.797357302912395
-1197.0186767578125,669.237060546875,-1199.1384305971376,668.5885705724904,-1188.5043542201256,671.8418218648799,0.08730000257492065,0.0,15.0,-17.01028717504806
-1197.4453125,670.7006225585938,-1199.4608410071944,670.1130857861975,-1188.783619210687,673.225550040653,0.08730000257492065,0.0,15.0,-16.251671259263844
-1197.8465576171875,672.1474609375,-1199.7779036667434,671.6118495082749,-1189.0593050641535,674.584389783045,0.09130001068115234,0.0,15.0,-15.50004866583792
-1198.233642578125,673.6107177734375,-1200.0986326621717,673.1173596724522,-1189.3497266221202,675.9608385289636,0.09525001049041748,0.0,15.0,-14.817414535937605
-1198.6087646484375,675.0903930664062,-1200.42920857203,674.62888053271,-1189.6469441149827,677.3623622533308,0.09525001049041748,0.0,15.0,-14.225713682588136
-1198.968994140625,676.5503540039062,-1200.7525103408914,676.1102907675362,-1189.948353663409,678.7760989912193,0.09525001049041748,0.0,15.0,-13.860265174566802
-1199.324462890625,678.023681640625,-1201.0872569104738,677.5983735345891,-1190.2555372620932,680.211735116766,0.09525001049041748,0.0,15.0,-13.56447895729695
-1199.677001953125,679.5100708007812,-1201.4324850573942,679.0937085287713,-1190.5807557126582,681.6675018476723,0.09525001049041748,0.0,15.0,-13.34276230679491
-1200.017578125,680.9735107421875,-1201.7733764236073,680.56489604868,-1190.9094572204526,683.0931802023941,0.09525001049041748,0.0,15.0,-13.100855324056937
-1200.3564453125,682.4505615234375,-1202.12413049421,682.0450165594352,-1191.2339000348989,684.5434694317532,0.09525001049041748,0.0,15.0,-12.92127956256338
-1200.692626953125,683.9400634765625,-1202.477063617109,683.5373148638259,-1191.579265897314,685.9969554899786,0.09525001049041748,0.0,15.0,-12.71859065253816
-1201.0191650390625,685.4063720703125,-1202.8339297447096,685.0022349085071,-1191.9116175512545,687.4345680018715,0.09525001049041748,0.0,15.0,-12.554562477950183
-1201.345947265625,686.8848266601562,-1203.1945511577665,686.4762304813788,-1192.2597151950322,688.8931528999265,0.09920001029968262,0.0,15.0,-12.4636746997013
-1201.6748046875,688.3767700195312,-1203.5607570226468,687.9610642765363,-1192.6229612108054,690.3719971776244,0.09920001029968262,0.0,15.0,-12.43048942782971
-1201.99853515625,689.8447265625,-1203.928792550554,689.419044253266,-1192.9814384755018,691.8332792544749,0.09920001029968262,0.0,15.0,-12.436455068120676
-1202.3262939453125,691.3263549804688,-1204.2903823126114,690.891868696951,-1193.349187508804,693.3122277534471,0.09920001029968262,0.0,15.0,-12.473815376092004
-1202.658935546875,692.8222045898438,-1204.6635860603674,692.3764176917479,-1193.7307866442566,694.8076139059557,0.09920001029968262,0.0,15.0,-12.53722365790313
-1202.9853515625,694.2933349609375,-1205.0305787675811,693.8395377119323,-1194.1122988539396,696.2620975998365,0.09920001029968262,0.0,15.0,-12.510180911619637
-1203.3140869140625,695.7777709960938,-1205.4024698308963,695.3152887630414,-1194.497786130833,697.7301823286242,0.09920001029968262,0.0,15.0,-12.486895110838084
-1203.64501953125,697.2750854492188,-1205.7846402634134,696.8021919383028,-1194.896509108155,699.2086588844878,0.09920001029968262,0.0,15.0,-12.463010795724694
-1203.9713134765625,698.7446899414062,-1206.1609073586108,698.25853789832,-1195.2817520836113,700.6740194208778,0.09525001049041748,0.0,15.0,-12.518225096100222
-1204.301025390625,700.2254028320312,-1206.5318317041497,699.7286668177832,-1195.6905446722587,702.142707730655,0.09130001068115234,0.0,15.0,-12.553311890146597
-1204.6341552734375,701.7164306640625,-1206.922854078656,701.2050827546564,-1196.0994263718121,703.6232852362951,0.09130001068115234,0.0,15.0,-12.59435184566953
-1204.968994140625,703.2176513671875,-1207.317650984788,702.6937966165337,-1196.5164539914697,705.1029430917877,0.09525001049041748,0.0,15.0,-12.573690248828628
-1205.2994384765625,704.6884155273438,-1207.7039215727302,704.1481876366249,-1196.9291439477572,706.5690137171164,0.09525001049041748,0.0,15.0,-12.662673169723721
-1205.6358642578125,706.168701171875,-1208.1025942498436,705.6080853422426,-1197.346306316718,708.0526760768893,0.09525001049041748,0.0,15.0,-12.804163956705946
-1205.9830322265625,707.6572875976562,-1208.5125640532258,707.0673504526293,-1197.78141441004,709.5700680372142,0.09130001068115234,0.0,15.0,-13.127858163843849
-1206.341552734375,709.1531372070312,-1208.9338426948204,708.5318253403894,-1198.2304245636888,711.0971867775638,0.09130001068115234,0.0,15.0,-13.478224724515531
-1206.699951171875,710.6140747070312,-1209.3454808572044,709.9650711010714,-1198.6578949632626,712.5869588170317,0.09130001068115234,0.0,15.0,-13.783642077234733
-1207.0699462890625,712.0811767578125,-1209.7212051078727,711.4125437770067,-1199.104105003945,714.0901183840713,0.09130001068115234,0.0,15.0,-14.15452340436792
-1207.4500732421875,713.5543823242188,-1210.0618183433155,712.8804813220302,-1199.5500879804376,715.5927925744644,0.09130001068115234,0.0,15.0,-14.468283900690508
-1207.8421630859375,715.0333251953125,-1210.378553050454,714.3608903336867,-1200.010800465882,717.1095363905267,0.08730000257492065,0.0,15.0,-14.84838008803641
-1208.2447509765625,716.5172119140625,-1210.715440139171,715.84689825346,-1200.4727707751802,718.6257995007817,0.08335000276565552,0.0,15.0,-15.179314847088481
-1208.65771484375,718.0047607421875,-1211.054480865512,717.3393857666729,-1200.9473570205382,720.1452613589547,0.08335000276565552,0.0,15.0,-15.51538069176995
-1209.06689453125,719.4534301757812,-1211.3847125840905,718.7987576572962,-1201.4080459777729,721.6166878417813,0.08335000276565552,0.0,15.0,-15.772442966834259
-1209.4830322265625,720.9061279296875,-1211.7260174641024,720.2636056260218,-1201.8721394417134,723.086333257493,0.09130001068115234,0.0,15.0,-15.98481310735399
-1209.9041748046875,722.3648681640625,-1212.0746743701231,721.7382385824095,-1202.3394757403453,724.5488189399605,0.09130001068115234,0.0,15.0,-16.103583736187403
-1210.3323974609375,723.8291015625,-1212.4288150491413,723.2159933591304,-1202.824153969121,726.0249263369304,0.09130001068115234,0.0,15.0,-16.301832880676663
-1210.765625,725.29931640625,-1212.8039702997935,724.6986781242035,-1203.305073029604,727.4977138608278,0.09130001068115234,0.0,15.0,-16.41863977773998
-1211.2012939453125,726.7762451171875,-1213.2182337182057,726.1812820583019,-1203.792658103094,728.9616671620571,0.09130001068115234,0.0,15.0,-16.435166146450157
-1211.624267578125,728.2164916992188,-1213.6685155539913,727.6161340913553,-1204.2595672193934,730.3793672124624,0.09130001068115234,0.0,15.0,-16.366532569272024
-1212.0496826171875,729.6629638671875,-1214.1441381057748,729.0469735403614,-1204.7412276554796,731.8124187422077,0.09130001068115234,0.0,15.0,-16.388885873672983
-1212.476318359375,731.1159057617188,-1214.636720145329,730.4815344748539,-1205.2231416665438,733.2456980357322,0.09130001068115234,0.0,15.0,-16.36412680628481
-1212.9066162109375,732.5750732421875,-1215.1209970919856,731.9220684648675,-1205.7114842705396,734.6968651934907,0.09130001068115234,0.0,15.0,-16.430403893592953
-1213.33984375,734.039794921875,-1215.6167277777859,733.3663503502764,-1206.199241950345,736.1518039048716,0.09130001068115234,0.0,15.0,-16.476881393687968
-1213.7772216796875,735.5103149414062,-1216.1180035855893,734.8140943321964,-1206.7029688976304,737.6144155281419,0.09130001068115234,0.0,15.0,-16.564098511185804
-1214.217529296875,736.9869384765625,-1216.6283784333798,736.26805840089,-1207.2007661992543,739.079234966714,0.09130001068115234,0.0,15.0,-16.603813672526567
-1214.648193359375,738.4241333007812,-1217.1115832330577,737.6859637272175,-1207.6834891382534,740.5111487585565,0.09130001068115234,0.0,15.0,-16.681160559765893
-1215.081787109375,739.86669921875,-1217.5973918521674,739.1105809156911,-1208.1652688632632,741.9456053165025,0.09130001068115234,0.0,15.0,-16.729263909096975
-1215.5191650390625,741.3145751953125,-1218.0874114494773,740.5387530143399,-1208.650018004687,743.3896239959337,0.09130001068115234,0.0,15.0,-16.808645515241448
-1215.959716796875,742.7676391601562,-1218.5874850770274,741.9709309883522,-1209.1357467134073,744.836585943139,0.09130001068115234,0.0,15.0,-16.866681101037965
-1216.404052734375,744.2258911132812,-1219.068818073517,743.4139251134087,-1209.6328223743328,746.289115498896,0.08730000257492065,0.0,15.0,-16.946214848041393
-1216.8533935546875,745.6880493164062,-1219.5620468116363,744.8556438531546,-1210.1252529109709,747.7556971465549,0.08335000276565552,0.0,15.0,-17.082895065484838
-1217.3077392578125,747.1531982421875,-1220.0519763306315,746.3022046670962,-1210.6143922705621,749.2288189450866,0.08335000276565552,0.0,15.0,-17.22877106666662
-1217.766845703125,748.6204223632812,-1220.5409757463826,747.7523743502448,-1211.1169522663358,750.7012284879756,0.07940000295639038,0.0,15.0,-17.375329024276
-1218.2303466796875,750.0892333984375,-1221.0378780452206,749.2032831308348,-1211.6136669236441,752.1772062248407,0.07940000295639038,0.0,15.0,-17.513717194654532
-1218.6982421875,751.5595092773438,-1221.5248903252505,750.6599665556038,-1212.1104463536617,753.6559866264328,0.07540002465248108,0.0,15.0,-17.65297123957392
-1219.1707763671875,753.0302124023438,-1222.0206393587341,752.1145567217098,-1212.6175056338348,755.1357661049341,0.07540002465248108,0.0,15.0,-17.81211532656516
-1219.6473388671875,754.5009155273438,-1222.50324815603,753.5754947219286,-1213.1248008367943,756.6144603871259,0.07540002465248108,0.0,15.0,-17.95425240293303
-1220.127685546875,755.972412109375,-1222.9989513552077,755.0351330056553,-1213.6230281018022,758.0957541846466,0.07540002465248108,0.0,15.0,-18.078448891263214
-1220.59423828125,757.3990478515625,-1223.4750309659848,756.4569421237404,-1214.109873952072,759.5196297345195,0.07540002465248108,0.0,15.0,-18.109299286519803
-1221.0628662109375,758.8262329101562,-1223.9586038772375,757.8753936764458,-1214.594411413785,760.950203142057,0.07540002465248108,0.0,15.0,-18.178018798418503
-1221.533935546875,760.2540283203125,-1224.434408899825,759.2970816551533,-1215.0701071210751,762.3866247290811,0.07540002465248108,0.0,15.0,-18.259157093650913
-1222.0067138671875,761.6828002929688,-1224.921607989515,760.7182665721114,-1215.5627121502523,763.8151099729798,0.07540002465248108,0.0,15.0,-18.30929555077019
-1222.479736328125,763.1132202148438,-1225.4016052305199,762.1469937259566,-1216.0396780420756,765.2428691189606,0.07540002465248108,0.0,15.0,-18.29842220400369
-1222.9527587890625,764.545166015625,-1225.8973478885582,763.5724638494304,-1216.5321885314734,766.6661079829885,0.07540002465248108,0.0,15.0,-18.280220601956074
-1223.42578125,765.9775390625,-1226.3782940311094,765.002510340257,-1217.0225200657865,768.0921323034091,0.07540002465248108,0.0,15.0,-18.27513041900519
-1223.9022216796875,767.4111938476562,-1226.8589066058478,766.428611254374,-1217.5168733712228,769.5332096378506,0.07940000295639038,0.0,15.0,-18.382976888414372
-1224.3817138671875,768.8453979492188,-1227.3458363786601,767.8544137611973,-1217.9992568740765,770.9792213443111,0.07940000295639038,0.0,15.0,-18.486138401719533
-1224.8643798828125,770.2814331054688,-1227.829134774174,769.2849488449754,-1218.4868929032534,772.4249713167214,0.07940000295639038,0.0,15.0,-18.578020084244017
-1225.3497314453125,771.718505859375,-1228.3159843621927,770.7166947234638,-1218.9809919964694,773.8694600363638,0.07940000295639038,0.0,15.0,-18.66168981581418
-1225.8372802734375,773.1573486328125,-1228.8046638238038,772.1518569979468,-1219.469173456256,775.3151681481958,0.07940000295639038,0.0,15.0,-18.7188412272643
-1226.325439453125,774.59814453125,-1229.2948746338725,773.5920637646814,-1219.9589385629322,776.7551924902334,0.07940000295639038,0.0,15.0,-18.717005548328427
-1226.8135986328125,776.0411376953125,-1229.7773338226607,775.0385171873857,-1220.4479058690183,778.1946277014383,0.07940000295639038,0.0,15.0,-18.690485550224686
-1227.3048095703125,777.4859008789062,-1230.2632458760663,776.4800500323553,-1220.9370079249125,779.6509157765523,0.07940000295639038,0.0,15.0,-18.77772946541409
-1227.7967529296875,778.932373046875,-1230.752246940598,777.9272132625829,-1221.4277553819843,781.098461077361,0.07940000295639038,0.0,15.0,-18.783104144013752
-1228.29150390625,780.3803100585938,-1231.2386251138335,779.3732972647366,-1221.9280676452054,782.5546562345423,0.07940000295639038,0.0,15.0,-18.864975296398303
-1228.7872314453125,781.8297729492188,-1231.7221226049917,780.8260174330105,-1222.420941295787,784.0070935065055,0.07940000295639038,0.0,15.0,-18.881085406847472
-1229.285400390625,783.2809448242188,-1232.2142504038661,782.2755076687648,-1222.9168379726273,785.4671917310028,0.07940000295639038,0.0,15.0,-18.946697743477777
-1229.784912109375,784.73388671875,-1232.7092308222293,783.7285254775823,-1223.415080130643,786.9237924072164,0.07940000295639038,0.0,15.0,-18.972627573970502
-1230.2850341796875,786.1883544921875,-1233.204491667074,785.1844923582536,-1223.917815359022,788.3777372457139,0.07940000295639038,0.0,15.0,-18.975648927562737
-1230.7877197265625,787.6445922851562,-1233.698199338394,786.6399101910599,-1224.414846309055,789.844474319885,0.07940000295639038,0.0,15.0,-19.044401946848854
-1231.291015625,789.102783203125,-1234.1876689848677,788.1030007073956,-1224.910297925254,791.3050936192693,0.07940000295639038,0.0,15.0,-19.04215997902071
-1231.7962646484375,790.5623168945312,-1234.687471558803,789.5614633502664,-1225.4151309811716,792.7712837534627,0.07940000295639038,0.0,15.0,-19.094397225084304
-1232.3031005859375,792.0239868164062,-1235.1831729626113,791.0253179916234,-1225.9035486533255,794.2430397330761,0.07940000295639038,0.0,15.0,-19.124054829511387
-1232.8101806640625,793.4871215820312,-1235.6798964132167,792.4925613265676,-1226.4007700800087,795.708437414349,0.07940000295639038,0.0,15.0,-19.11483292166609
-1233.30322265625,794.9047241210938,-1236.1695936334268,793.9078006407857,-1226.8814058597595,797.138231228734,0.07940000295639038,0.0,15.0,-19.177668494342207
-1233.797607421875,796.3240356445312,-1236.6467393276155,795.3316055922178,-1227.3642112861207,798.5649623108944,0.07940000295639038,0.0,15.0,-19.204615418033256
-1234.2919921875,797.7449340820312,-1237.133729359412,796.7561853237629,-1227.838330663448,799.9904090968431,0.07940000295639038,0.0,15.0,-19.18473531282814
-1234.7872314453125,799.1675415039062,-1237.617339147665,798.1823220986854,-1228.317128662534,801.4199189699893,0.07940000295639038,0.0,15.0,-19.19407090968101
-1235.2850341796875,800.5918579101562,-1238.097653785158,799.6088391622038,-1228.7999267466876,802.858421855286,0.07145002484321594,0.0,15.0,-19.26466951919361
-1235.7830810546875,802.0164184570312,-1238.5797407321504,801.0386659733939,-1230.0487789047365,804.0212130390192,0.07145002484321594,0.0,15.0,-19.270361458334833
-1236.2821044921875,803.4405517578125,-1239.068867843153,802.4640559296938,-1229.7596712095403,805.7260450299559,0.07145002484321594,0.0,15.0,-19.310716322679877
-1236.7828369140625,804.864013671875,-1239.5476006690453,803.8914503477228,-1230.2400889507803,807.1655617505461,0.07145002484321594,0.0,15.0,-19.380386294663378
-1237.28564453125,806.2868041992188,-1240.0334974176692,805.31572564925,-1230.7172740624303,808.6080360606635,0.07145002484321594,0.0,15.0,-19.463173470025104
-1237.7908935546875,807.709228515625,-1240.507208104533,806.7443861279991,-1231.1980570108508,810.0510221611895,0.07145002484321594,0.0,15.0,-19.555178046532266
-1238.2972412109375,809.1301879882812,-1240.9915389649552,808.1700963183645,-1231.6719166191353,811.4910699441075,0.07145002484321594,0.0,15.0,-19.61312284378959
-1238.804931640625,810.5510864257812,-1241.4719572346542,809.5981517655092,-1232.1533484687357,812.9277130934692,0.07145002484321594,0.0,15.0,-19.66193099531977
-1239.31396484375,811.9710083007812,-1241.9601025201307,811.0223843229178,-1232.6279677081357,814.3678968887723,0.07145002484321594,0.0,15.0,-19.722442472333526
-1239.82470703125,813.3901977539062,-1242.43197107209,812.4518876948254,-1233.1100457871864,815.8066903261721,0.07540002465248108,0.0,15.0,-19.79294269356083
-1240.3369140625,814.8101806640625,-1242.9108031010187,813.8817440936242,-1233.5902440552904,817.2437957382298,0.07540002465248108,0.0,15.0,-19.835059321561552
-1240.849609375,816.2307739257812,-1243.3908235427687,815.3136440005715,-1234.0687240872835,818.6780107213482,0.07540002465248108,0.0,15.0,-19.844627566131656
-1241.362548828125,817.6516723632812,-1243.8781863483593,816.7435358632791,-1234.5471667328904,820.1120018791039,0.07540002465248108,0.0,15.0,-19.849408173800978
-1241.8759765625,819.0725708007812,-1244.3564290179254,818.1762835991043,-1235.0265037711479,821.5475607114709,0.07540002465248108,0.0,15.0,-19.866825485550457
-1242.390869140625,820.4938354492188,-1244.8362737547834,819.6079197348392,-1235.5065723362598,822.9878630985198,0.07540002465248108,0.0,15.0,-19.914325530169982
-1242.9068603515625,821.9161987304688,-1245.323129665234,821.0396478903649,-1235.9938649338014,824.4240284275917,0.07540002465248108,0.0,15.0,-19.939269809155288
-1243.4232177734375,823.3389282226562,-1245.80001107625,822.4763082594733,-1236.4611547270204,825.8657001391166,0.07940000295639038,0.0,15.0,-19.947574260090423
-1243.9395751953125,824.7633056640625,-1246.2864122905344,823.9125432770558,-1236.9358456339012,827.3022589181029,0.07940000295639038,0.0,15.0,-19.926313028608398
-1244.4559326171875,826.1873779296875,-1246.7819488223088,825.3439827173042,-1237.4191384396481,828.7388642464191,0.07940000295639038,0.0,15.0,-19.930247012677654
-1244.9735107421875,827.6162109375,-1247.2636803342368,826.7866236610977,-1237.8985637684693,830.1790281240498,0.07940000295639038,0.0,15.0,-19.912329765446792
-1245.4918212890625,829.0508422851562,-1247.761108917327,828.2309830833175,-1238.3743884958417,831.6222628033453,0.07940000295639038,0.0,15.0,-19.86401918934803
-1246.009765625,830.4883422851562,-1248.254865518376,829.6794123558428,-1238.86543227103,833.0625106293219,0.07940000295639038,0.0,15.0,-19.814553202404067
-1246.5274658203125,831.9286499023438,-1248.7347218074437,831.1352799013755,-1239.3449292205698,834.510321037144,0.07940000295639038,0.0,15.0,-19.770326842566096
-1247.0452880859375,833.3717651367188,-1249.2261312283817,832.5892294735273,-1239.8382973670593,835.9577958108416,0.07940000295639038,0.0,15.0,-19.739130321696916
-1247.565185546875,834.8180541992188,-1249.7252455736636,834.0415775234851,-1240.3307244925063,837.4186255724933,0.12700000405311584,0.0,15.0,-19.77198665903147
-1248.0865478515625,836.2720336914062,-1250.218202286048,835.5076733446941,-1240.8140521211535,838.8797768921935,0.18255001306533813,0.0,15.0,-19.726620595886093
-1248.5960693359375,837.6902465820312,-1250.697162669909,836.9353865737685,-1241.3008494273467,840.3112009544238,0.23809999227523804,0.0,15.0,-19.76184552808512
-1249.1121826171875,839.1251220703125,-1251.189897447074,838.377784599492,-1241.7818114430038,841.7617981794152,0.23809999227523804,0.0,15.0,-19.78325405445236
-1249.635009765625,840.577880859375,-1251.6793582971848,839.8421490082137,-1242.2661152158068,843.2298408086962,0.2301500141620636,0.0,15.0,-19.79307980944888
-1250.146484375,841.9981079101562,-1252.1660930910823,841.2707745034447,-1242.751135001747,844.6614379951561,0.22620001435279846,0.0,15.0,-19.805764281176927
-1250.6644287109375,843.435546875,-1252.6586988457773,842.7169626805178,-1243.2313092950214,846.1138811862166,0.22620001435279846,0.0,15.0,-19.81532904946427
-1251.1904296875,844.8900756835938,-1253.1477629719147,844.1822456200175,-1243.7279866085125,847.5887175557231,0.22220000624656677,0.0,15.0,-19.881500899651936
-1251.7039794921875,846.3096313476562,-1253.6339776370835,845.611419790723,-1244.2106380833793,849.0204824360436,0.2143000066280365,0.0,15.0,-19.88850228927899
-1252.22265625,847.7457885742188,-1254.1261615460005,847.0583262705463,-1244.6969793606236,850.4637317193918,0.2102999985218048,0.0,15.0,-19.857488120587675
-1252.74658203125,849.1983642578125,-1254.6237620418349,848.5212890357082,-1245.1801593975185,851.9274777452679,0.1944500207901001,0.0,15.0,-19.833736351950336
-1253.25439453125,850.6127319335938,-1255.108790485277,849.9469323246736,-1245.6565740919589,853.3406422626363,0.18650001287460327,0.0,15.0,-19.750093875825925
-1253.7662353515625,852.0408935546875,-1255.588580067957,851.3877809092033,-1246.1398133321727,854.7741374990699,0.18650001287460327,0.0,15.0,-19.71724205416448
-1254.2818603515625,853.482666015625,-1256.0819090228983,852.8389097216852,-1246.6271440610517,856.2202429871869,0.18255001306533813,0.0,15.0,-19.67871202017494
-1254.8023681640625,854.9379272460938,-1256.5699560575842,854.3057085841823,-1247.1205739376078,857.6854984897798,0.178600013256073,0.0,15.0,-19.68076407066206
-1255.32373046875,856.406982421875,-1257.0732578573904,855.786081555459,-1247.6114400247227,859.1440460710869,0.17065000534057617,0.0,15.050985336303711,-19.539587583747082
-1255.8314208984375,857.8300170898438,-1257.5490583764472,857.2172223850578,-1248.0909692516823,860.5915472977662,0.15080001950263977,0.0,15.158103942871094,-19.63467356724441
-1256.342041015625,859.2625732421875,-1258.0384529441785,858.6579044085512,-1248.5757392792505,862.0307927610196,0.14685001969337463,0.0,15.253905296325684,-19.618093858736227
-1256.854736328125,860.70361328125,-1258.530307421365,860.1074761705675,-1249.0629892408467,863.4757723466095,0.11904999613761902,0.0,15.32888412475586,-19.58461514561162
-1257.369384765625,862.1499633789062,-1259.0238015813252,861.5612794699733,-1249.5537675210205,864.9309603239417,0.07145002484321594,0.0,15.360554695129395,-19.586862199443832
-1257.8826904296875,863.5965576171875,-1259.517739020926,863.016381310183,-1250.0434527961295,866.3782119143996,0.04365000128746033,0.0,15.339820861816406,-19.536585676837525
-1258.3931884765625,865.0404052734375,-1260.0113113893133,864.4682891066194,-1250.53019384912,867.8205070262245,0.0,0.0,15.285698890686035,-19.4719547614637
-1258.8992919921875,866.4776000976562,-1260.4943680943456,865.9158991999158,-1251.0164891675674,869.2535036531729,0.0,0.0,15.195618629455566,-19.399550405626414
-1259.4002685546875,867.90673828125,-1260.9849040458598,867.3512529892772,-1251.494021195708,870.6782299883823,0.0,0.0,15.099119186401367,-19.317835578949122
-1259.896240234375,869.3281860351562,-1261.47428369041,868.7775749688271,-1251.9708515765808,872.0935133670828,0.0,0.0,15.011116981506348,-19.23490586424103
-1260.40625,870.7979125976562,-1261.9685104556543,870.255792648842,-1252.4717870028549,873.5512503386922,0.0,0.0,15.0,-19.137283862040878
-1260.9110107421875,872.2594604492188,-1262.4618921150695,871.7238474468912,-1252.9580578768112,875.0060953860208,0.0,0.0,15.0,-19.052885035551036
-1261.4107666015625,873.7124633789062,-1262.9603508135972,873.1794886864699,-1253.4511187179412,876.4501596265368,0.0,0.0,15.0,-18.98049675131534
-1261.9044189453125,875.1573486328125,-1263.4463084373565,874.6305543012259,-1253.9333072247307,877.880719206718,0.0,0.0,15.0,-18.8629915463579
-1262.3944091796875,876.59375,-1263.9325233455606,876.069063141683,-1254.4256311794638,879.3120872901247,0.0,0.0,15.0,-18.83571398643111
-1262.8797607421875,878.02197265625,-1264.4136726444158,877.5007048166551,-1254.9055315058345,880.7318474805012,0.0,0.0,15.0,-18.769253498044286
-1263.3809814453125,879.4955444335938,-1264.914789869938,878.9738348373122,-1255.409340655317,882.2070183252991,0.0,0.0,15.0,-18.785223092820445
-1263.8807373046875,880.9594116210938,-1265.4034565438417,880.4395640089275,-1255.9116865232454,883.6799998381738,0.0,0.0,15.0,-18.849610314360174
-1264.37841796875,882.4136352539062,-1265.894709277705,881.8947130960443,-1256.409615261859,885.1408079758063,0.0,0.0,15.0,-18.89254553009928
-1264.8729248046875,883.8588256835938,-1266.3826310048066,883.3422432174494,-1256.9001201371407,886.5869135042063,0.0,0.0,15.0,-18.88962171820078
-1265.364501953125,885.2947998046875,-1266.8662520025923,884.7807055768468,-1257.3920790246552,888.0240000540136,0.0,0.0,15.0,-18.897618488819443
-1265.8555908203125,886.72119140625,-1267.3461169470222,886.2080218206485,-1257.8835244502168,889.4658745904088,0.0,0.0,15.0,-18.997947728077776
-1266.36083984375,888.1912231445312,-1267.8407703422502,887.6825719231659,-1258.3771135754585,890.9352250564647,0.0,0.0,15.0,-18.967814872255307
-1266.863037109375,889.6521606445312,-1268.331286248426,889.1474500029824,-1258.8760827529313,892.3976762045588,0.0,0.0,15.0,-18.970407808486545
-1267.361083984375,891.1041870117188,-1268.819095584554,890.6040871942552,-1259.3704559152814,893.844982515872,0.0,0.0,15.0,-18.93203289139802
-1267.856689453125,892.5470581054688,-1269.3032150275299,892.050197375174,-1259.8516820753955,895.2966630084791,0.0,0.0,15.0,-18.956859504290474
-1268.347900390625,893.9808959960938,-1269.785148660308,893.4885167148742,-1260.3395749838232,896.7244258306732,0.0,0.0,15.0,-18.910675858986714
-1268.8341064453125,895.4070434570312,-1270.2634416776605,894.9197506186814,-1260.8136390576756,898.1414029199225,0.0,0.0,15.0,-18.82540899445739
-1269.330810546875,896.8761596679688,-1270.7481462736087,896.3969624039821,-1261.3002243664828,899.5912785020374,0.0,0.0,15.0,-18.68025210024164
-1269.821533203125,898.336669921875,-1271.2299920897688,897.8634362117904,-1261.7790568929995,901.0388935640418,0.0,0.0,15.0,-18.572038692310052
-1270.3038330078125,899.7899780273438,-1271.7143473960696,899.3218798921959,-1262.2503194704452,902.4626446088513,0.0,0.0,15.0,-18.359117810932485
-1270.77685546875,901.2366943359375,-1272.1945574589968,900.7731584786868,-1262.7182621542643,903.8715548256336,0.02385002374649048,0.0,15.0,-18.10582085232384
-1271.23974609375,902.6798706054688,-1272.6724974432661,902.2203237145941,-1263.1821639638254,905.2642944952277,0.03175002336502075,0.0,15.0,-17.78334952501094
-1271.690673828125,904.122314453125,-1273.1530273141675,903.6651626926679,-1263.6414947825176,906.6385982422735,0.03970000147819519,0.0,15.0,-17.359960334773973
-1272.129150390625,905.5648193359375,-1273.639193301419,905.1058133161717,-1264.0993119406116,908.0056401629196,0.03970000147819519,0.0,15.0,-16.907638461782376
-1272.5540771484375,907.0073852539062,-1274.1201366730177,906.5460818305879,-1264.554397997056,909.3637959267185,0.04765000939369202,0.0,15.0,-16.41303054591559
-1272.9654541015625,908.4512329101562,-1274.608955649124,907.9829711401798,-1265.0093109082031,910.7180745200329,0.05160000920295715,0.0,15.0,-15.903161260521822
-1273.3760986328125,909.9469604492188,-1275.1088390183809,909.4712452238003,-1265.4792033337194,912.1150136432242,0.05160000920295715,0.0,15.0,-15.352012249901497
-1273.7708740234375,911.4453125,-1275.612392453756,910.9601220153652,-1265.9565296178896,913.5041816846953,0.05160000920295715,0.0,15.0,-14.760449302092349
-1274.1474609375,912.946533203125,-1276.1158027817892,912.4527671769717,-1266.4311340879922,914.8822030950369,0.05160000920295715,0.0,15.0,-14.082275608672703
-1274.5069580078125,914.4505004882812,-1276.6122126258638,913.9472761994812,-1266.9012057710815,916.2685225115086,0.05160000920295715,0.0,15.0,-13.443307567010397
-1274.848388671875,915.95703125,-1277.107776588834,915.4449777715951,-1267.3750185152132,917.650748896006,0.05555000901222229,0.0,15.0,-12.769446849314075
-1275.1722412109375,917.4666748046875,-1277.599202316364,916.9460369933593,-1267.8438024455968,919.038789953426,0.05555000901222229,0.0,15.0,-12.107728727121716
-1275.4776611328125,918.9795532226562,-1278.0929781582977,918.4515729751262,-1268.303996126862,920.427772841399,0.05555000901222229,0.0,15.0,-11.413469046317251
-1275.7647705078125,920.4954223632812,-1278.57574832135,919.9630161934117,-1268.7676748513309,921.8206896353093,0.05555000901222229,0.0,15.0,-10.724920947512999
-1276.0341796875,922.0140991210938,-1279.0436392474412,921.480229074571,-1269.219772950787,923.222956581742,0.05555000901222229,0.0,15.0,-10.059465555766634
-1276.284912109375,923.5353393554688,-1279.5043134416405,923.0047142281638,-1269.6783724713641,924.6242361951794,0.05555000901222229,0.0,15.0,-9.359403807108707
-1276.5162353515625,925.0594482421875,-1279.9641058352495,924.5361440439907,-1270.1203658138118,926.0301881223716,0.05555000901222229,0.0,15.0,-8.630261107792442
-1276.726806640625,926.5858764648438,-1280.407146686522,926.078172312005,-1270.5514024037352,927.4377755658581,0.05555000901222229,0.0,15.0,-7.854398653408057
-1276.9163818359375,928.114501953125,-1280.8341130236388,927.6286375862254,-1270.9590610013324,928.8533096397804,0.05555000901222229,0.0,15.0,-7.069541404503271
-1277.083251953125,929.6455078125,-1281.2626927502888,929.1899747579853,-1271.346630313199,930.2707638946065,0.05555000901222229,0.0,15.0,-6.220329420844301
-1277.2266845703125,931.1781005859375,-1281.6592507820742,930.7632646401931,-1271.7254606685617,931.6929502939867,0.04765000939369202,0.0,15.0,-5.346635890440423
-1277.3450927734375,932.7117919921875,-1282.0391408351834,932.3493893640521,-1272.077138598066,933.1185028764688,0.04765000939369202,0.0,15.0,-4.414746582666153
-1277.438232421875,934.2459106445312,-1282.401979774244,933.9445508490384,-1272.415312673727,934.5508629236509,0.04765000939369202,0.0,15.0,-3.474285698776959
-1277.506103515625,935.7799072265625,-1282.7233857324852,935.5490705645982,-1272.7269469609944,935.9913591856899,0.04765000939369202,0.0,15.0,-2.5333776738848144
-1277.54931640625,937.312744140625,-1283.002368224332,937.1590147192982,-1273.0019168308638,937.4409419147499,0.04765000939369202,0.0,15.0,-1.6148232244683065
-1277.5677490234375,938.84521484375,-1283.2600653166476,938.7767474421031,-1273.244608784992,938.8972137425875,0.04765000939369202,0.0,15.0,-0.6891226318263753
-1277.5626220703125,940.3759765625,-1283.4751150388195,940.3957791705285,-1273.4610062816337,940.3622390933513,0.04765000939369202,0.0,15.0,0.1918990224434126
-1277.5325927734375,941.9052734375,-1283.6467767987951,942.0253316487259,-1273.6358977758707,941.8287578748083,0.04765000939369202,0.0,15.0,1.1249162403311324
-1277.478759765625,943.4327392578125,-1283.7651052567608,943.6542911128106,-1273.7766564998333,943.3022647480855,0.04765000939369202,0.0,15.0,2.018459605825367
-1277.400390625,944.957763671875,-1283.8383400519178,945.2886020239187,-1273.8717287667928,944.7764300520104,0.04765000939369202,0.0,15.0,2.9417723480291764
-1277.2979736328125,946.4801635742188,-1283.8858124640337,946.923349781122,-1273.9296415044032,946.2535644758156,0.05160000920295715,0.0,15.0,3.848681924244437
-1277.17138671875,948.0000610351562,-1283.8887277775884,948.5595247471485,-1273.9511614455143,947.7318597976375,0.05160000920295715,0.0,15.0,4.76097586738204
-1277.02099609375,949.5171508789062,-1283.8572143145639,950.1948319899493,-1273.9357934752309,949.2113116750106,0.05160000920295715,0.0,15.0,5.661291535579574
-1276.8453369140625,951.0307006835938,-1283.7933917355954,951.8370762693818,-1273.8854672680998,950.6871848822759,0.05160000920295715,0.0,15.0,6.620002582472585
-1276.64453125,952.5399780273438,-1283.6785836106137,953.4758415127214,-1273.7994257674677,952.161443692277,0.05160000920295715,0.0,15.0,7.578555017680803
-1276.4169921875,954.0443115234375,-1283.548089986969,955.1229309333625,-1273.677293863102,953.6299164508788,0.05160000920295715,0.0,15.0,8.601117487055522
-1276.1639404296875,955.543212890625,-1283.3712620622482,956.759987688597,-1273.5404384008782,955.1003006253167,0.05160000920295715,0.0,15.0,9.582591203001497
-1275.885009765625,957.0360107421875,-1283.1671761330829,958.3966902866835,-1273.353659959903,956.5630256815878,0.05160000920295715,0.0,15.0,10.583725002727409
-1275.581298828125,958.5225830078125,-1282.920869549528,960.022078159303,-1273.152446202867,958.0263615156429,0.05160000920295715,0.0,15.0,11.546787671739965
-1275.251708984375,960.0021362304688,-1282.644926875538,961.6490722732178,-1272.915111191071,959.4816284921807,0.05160000920295715,0.0,15.0,12.558335293165078
-1274.89697265625,961.4744262695312,-1282.3375285032223,963.2671677744895,-1272.6502672916497,960.933100857913,0.05160000920295715,0.0,15.0,13.546748913056781
-1274.51708984375,962.9391479492188,-1281.9954752184065,964.8787041860661,-1272.3583550726862,962.3792694087111,0.05160000920295715,0.0,15.0,14.539592125227998
-1274.11181640625,964.3956298828125,-1281.6284424820276,966.4871689660445,-1272.0358902067478,963.8179929568311,0.05160000920295715,0.0,15.0,15.54949411974016
-1273.682373046875,965.843994140625,-1281.2303484864362,968.081986352709,-1271.6933962115795,965.2542578990262,0.05160000920295715,0.0,15.0,16.515212263400745
-1273.2283935546875,967.2833862304688,-1280.800026449024,969.6714541382021,-1271.3240737113567,966.6827700665077,0.05160000920295715,0.0,15.0,17.505101650703228
-1272.7506103515625,968.7139892578125,-1280.3399076727883,971.2486118710023,-1270.9282604533958,968.1053730624608,0.05160000920295715,0.0,15.0,18.467942741830377
-1272.2479248046875,970.1348876953125,-1279.8528547581554,972.825360336926,-1270.5062400367374,969.5187143384037,0.05555000901222229,0.0,15.0,19.482764434605507
-1271.71923828125,971.545654296875,-1279.3289485835862,974.3974026155925,-1270.0522951033558,970.9209652855867,0.05555000901222229,0.0,15.0,20.54354815552498
-1271.1651611328125,972.9462280273438,-1278.7890901223036,975.9623097533471,-1269.5803593515884,972.3192689228877,0.05555000901222229,0.0,15.0,21.58411159241652
-1270.5850830078125,974.3356323242188,-1278.2048673386826,977.5169023242446,-1269.0814697061019,973.7078717891872,0.05555000901222229,0.0,15.0,22.66060060240816
-1269.9793701171875,975.7135620117188,-1277.602586532677,979.064589638726,-1268.546324323483,975.0836210807867,0.05555000901222229,0.0,15.0,23.729419483792995
-1269.3487548828125,977.0800170898438,-1276.9638665666016,980.5943700430736,-1267.9769613703174,976.446938182791,0.05955001711845398,0.0,15.0,24.773193035566496
-1268.692138671875,978.4342041015625,-1276.2929053752894,982.119652706391,-1267.3876296198205,977.8016756668032,0.05955001711845398,0.0,15.0,25.86775069937257
-1268.0108642578125,979.7763061523438,-1275.589296482873,983.6232505561876,-1266.7605782253022,979.1416391508939,0.05955001711845398,0.0,15.0,26.913144212702274
-1267.3043212890625,981.1053466796875,-1274.8475199501854,985.1154531183171,-1266.0972303010753,980.4636343822391,0.06350001692771912,0.0,15.0,27.995952842773452
-1266.572998046875,982.4210815429688,-1274.0744589338847,986.5906090443906,-1265.406472763509,981.7726932725559,0.06350001692771912,0.0,15.0,29.066563142842753
-1265.817138671875,983.7235107421875,-1273.26948262869,988.0484475977663,-1264.6877280581552,983.0680619844994,0.06350001692771912,0.0,15.0,30.12855844354438
-1265.0382080078125,985.0130004882812,-1272.437178934685,989.4824314045849,-1263.9319941611118,984.3447796755017,0.0675000250339508,0.0,15.0,31.13454339856683
-1264.235595703125,986.2889404296875,-1271.5694162173802,990.9021783996686,-1263.1478712367843,985.6047224563615,0.0675000250339508,0.0,15.0,32.171375495173784
-1263.4100341796875,987.5512084960938,-1270.6747745523126,992.3025685986094,-1262.3377067150384,986.8498738755801,0.0675000250339508,0.0,15.0,33.185900830132915
-1262.560302734375,988.7986450195312,-1269.7344357390161,993.6855360896268,-1261.5024648742703,988.0780647920933,0.0675000250339508,0.0,15.0,34.26199096652614
-1261.68798828125,990.0311279296875,-1268.7748530427857,995.0469983388326,-1260.6351707298093,989.2859752309705,0.0675000250339508,0.0,15.0,35.28971559320049
-1260.79150390625,991.2474365234375,-1267.7737137516356,996.3936979751146,-1259.7436685603063,990.4751259272302,0.0675000250339508,0.0,15.0,36.3921970062505
-1259.8724365234375,992.4476318359375,-1266.7523701725772,997.7160431911423,-1258.83072145881,991.6499230562813,0.0675000250339508,0.0,15.0,37.44362284980619
-1258.9295654296875,993.63037109375,-1265.691581898489,999.0210012108955,-1257.8920413871717,992.8032645085098,0.0675000250339508,0.0,15.0,38.56159650503138
-1257.9652099609375,994.796875,-1264.616161599172,1000.2952548599889,-1256.9315780058778,993.9423655352688,0.0675000250339508,0.0,15.0,39.5807344152232
-1256.980224609375,995.94677734375,-1263.5126975036453,1001.5423743484067,-1255.9446518852337,995.0597246567971,0.0675000250339508,0.0,15.0,40.582756213747096
-1255.973876953125,997.0792846679688,-1262.3756874716473,1002.7679428102159,-1254.9429647441837,996.1632145789887,0.0675000250339508,0.0,15.0,41.624338243916874
-1254.947509765625,998.1945190429688,-1261.2185704358305,1003.9658717263192,-1253.9142841799448,997.2436257938007,0.0675000250339508,0.0,15.0,42.62383655892911
-1253.9005126953125,999.291259765625,-1260.0327171982672,1005.1453326713896,-1252.8647776307066,998.3025013874043,0.0675000250339508,0.0,15.0,43.67073763337019
-1252.8341064453125,1000.3703002929688,-1258.8249937443443,1006.2910414485026,-1251.7906783279398,999.3390894741024,0.0675000250339508,0.0,15.0,44.66259596420614
-1251.748046875,1001.4303588867188,-1257.5919576170752,1007.4176082962355,-1250.6990672852091,1000.3556500647048,0.0675000250339508,0.0,15.0,45.69412456519317
-1250.6439208984375,1002.4723510742188,-1256.3384738884536,1008.5064691382646,-1249.582067387388,1001.3471794472923,0.0675000250339508,0.0,15.0,46.65834750907413
-1249.521484375,1003.4953002929688,-1255.069382163836,1009.582760933583,-1248.4454722156863,1002.3146401730536,0.0675000250339508,0.0,15.0,47.65505725633878
-1248.3828125,1004.5007934570312,-1253.788447411369,1010.622410848466,-1247.2863893737456,1003.2591478431303,0.0675000250339508,0.0,15.0,48.554198418097194
-1247.227294921875,1005.4873657226562,-1252.4817950211077,1011.6416713325717,-1246.1083866125232,1004.1768502492184,0.0675000250339508,0.0,15.0,49.50954808974857
-1246.055908203125,1006.4556274414062,-1251.1707010506566,1012.6434176790401,-1244.9112296577443,1005.0708146172165,0.0675000250339508,0.0,15.0,50.4230545655464
-1244.8675537109375,1007.403076171875,-1249.8221583220425,1013.6174774975347,-1243.6969677787542,1005.9348478590741,0.0675000250339508,0.0,15.0,51.43541990154106
-1243.663330078125,1008.3306274414062,-1248.4624436838383,1014.5612329188506,-1242.4663139674574,1006.7765623059538,0.0675000250339508,0.0,15.0,52.394796806266186
-1242.4439697265625,1009.2388916015625,-1247.0839613194169,1015.4681606051271,-1241.2187357579992,1007.5939937973857,0.0675000250339508,0.0,15.0,53.318703251390644
-1241.2100830078125,1010.1276245117188,-1245.6880137074127,1016.3446320677325,-1239.948092131496,1008.3755190549771,0.0675000250339508,0.0,15.0,54.235885329061944
-1239.9619140625,1010.9967041015625,-1244.2778653445941,1017.1952576319245,-1238.6665306579525,1009.1362791684213,0.0675000250339508,0.0,15.0,55.15113748412563
-1238.699951171875,1011.8458251953125,-1242.848890994884,1018.0119752657936,-1237.3718950333546,1009.8720695368847,0.0675000250339508,0.0,15.0,56.06506930586072
-1237.4241943359375,1012.674560546875,-1241.3992114031448,1018.7937096659477,-1236.0593060631488,1010.5734488457534,0.0675000250339508,0.0,15.0,56.9921294758473
-1236.1357421875,1013.483154296875,-1239.942053621566,1019.5483138962961,-1234.732199249872,1011.2466815150722,0.0675000250339508,0.0,15.0,57.88885658407797
-1234.8345947265625,1014.271728515625,-1238.4739911563945,1020.2767326248479,-1233.396150477571,1011.8982955047887,0.0675000250339508,0.0,15.0,58.781597235653635
-1233.5208740234375,1015.0386352539062,-1236.9773936179126,1020.9596959583616,-1232.0480941819078,1012.5157452173695,0.0675000250339508,0.0,15.0,59.725029242776
-1232.1953125,1015.7848510742188,-1235.4565447321042,1021.5780329502895,-1230.6820471544568,1013.0967194878857,0.0675000250339508,0.0,15.0,60.6229609371424
-1230.85791015625,1016.509765625,-1233.9101043333592,1022.1407901942358,-1229.3108678881579,1013.6556113622709,0.0675000250339508,0.0,15.0,61.540900616776206
-1229.5091552734375,1017.2129516601562,-1232.3618811234574,1022.6846586156062,-1227.9296509813978,1014.1833634433789,0.0675000250339508,0.0,15.0,62.46429280455249
-1228.14990234375,1017.8951416015625,-1230.8200814273387,1023.2154322154588,-1226.532808676737,1014.673107427421,0.0675000250339508,0.0,15.0,63.348568690597794
-1226.7803955078125,1018.556396484375,-1229.2769808401038,1023.7270058332721,-1225.1249454337408,1015.1278392790931,0.0675000250339508,0.0,15.0,64.22681637251932
-1225.40087890625,1019.1967163085938,-1227.7331525490586,1024.2214087949874,-1223.710412455364,1015.5547448356235,0.0675000250339508,0.0,15.0,65.10104092176343
-1224.0123291015625,1019.8167724609375,-1226.198396531069,1024.7122379616044,-1222.284259632412,1015.9469446803315,0.0675000250339508,0.0,15.0,65.93687588089018
-1222.61474609375,1020.4159545898438,-1224.6632035202192,1025.1939497157773,-1220.8545619740494,1016.3103524738302,0.0675000250339508,0.0,15.0,66.79386011812349
-1221.208984375,1020.9954833984375,-1223.1336009127278,1025.664021375999,-1219.4107140555402,1016.6334231564367,0.0675000250339508,0.0,15.0,67.59597132749452
-1219.79541015625,1021.5554809570312,-1221.605746218853,1026.1252229962558,-1217.9613456315985,1016.9258423313169,0.0675000250339508,0.0,15.0,68.38865035982707
-1218.3748779296875,1022.0963134765625,-1220.0769562546104,1026.566934279435,-1216.5097089489993,1017.1973243267447,0.0675000250339508,0.0,15.0,69.15690606719447
-1216.947509765625,1022.6182250976562,-1218.5542314428844,1027.0124238047538,-1215.0556864137639,1017.4443061517289,0.0675000250339508,0.0,15.0,69.91525722166475
-1215.513671875,1023.1214599609375,-1217.0271836173374,1027.4338211314637,-1213.5987059564516,1017.6652587045955,0.0675000250339508,0.0,15.0,70.66042933511126
-1214.073486328125,1023.6052856445312,-1215.492251146206,1027.8284690237967,-1212.1447921770196,1017.8642149759955,0.0675000250339508,0.0,15.0,71.43039196735302
-1212.62744140625,1024.069580078125,-1213.957641874945,1028.2124891755773,-1210.693349828854,1018.0458522417026,0.0675000250339508,0.0,15.0,72.19927439790217
-1211.1754150390625,1024.513671875,-1212.4058951661245,1028.5369157209052,-1209.2500980796563,1018.2185522399982,0.0675000250339508,0.0,15.0,72.99412585627175
-1209.7178955078125,1024.937744140625,-1210.8433878580431,1028.8060166396904,-1207.8071236143735,1018.3704970457309,0.0675000250339508,0.0,15.0,73.7773931189482
-1208.255126953125,1025.342041015625,-1209.2698135268186,1029.0132334107245,-1206.3665619053354,1018.5091077524418,0.0675000250339508,0.0,15.0,74.5496506117008
-1206.7879638671875,1025.7281494140625,-1207.703237559956,1029.20607369904,-1204.9237609223717,1018.6444139750041,0.0675000250339508,0.0,15.0,75.25596786450306
-1205.3165283203125,1026.0968017578125,-1206.1439827975419,1029.3994958864623,-1203.4843018192892,1018.7836698891584,0.0675000250339508,0.0,15.0,75.9346814649436
-1203.841552734375,1026.4481201171875,-1204.5887669208926,1029.5852254040853,-1202.0458814216095,1018.9091706828069,0.0675000250339508,0.0,15.0,76.60258751018296
-1202.36279296875,1026.7825927734375,-1203.0329697001653,1029.7455566144467,-1200.6084793627408,1019.0264778014681,0.0675000250339508,0.0,15.0,77.25503192094614
-1200.880615234375,1027.10107421875,-1201.4859530841327,1029.9182502140573,-1199.1730695985973,1019.1543440119225,0.0675000250339508,0.0,15.0,77.87302079691716
-1199.3955078125,1027.4033203125,-1199.9398650383612,1030.0780577962753,-1197.742383105197,1019.2805758904283,0.0675000250339508,0.0,15.0,78.4963852508046
-1197.907470703125,1027.69091796875,-1198.399231297815,1030.2352989743833,-1196.3055816044348,1019.4027056966643,0.0675000250339508,0.0,15.0,79.06113726918291
-1196.4169921875,1027.9644775390625,-1196.8609158259665,1030.383177952126,-1194.8686152817174,1019.5282071153209,0.0675000250339508,0.0,15.0,79.59979275506176
-1194.92333984375,1028.2261962890625,-1195.3286934067846,1030.53958537362,-1193.4234154065,1019.6659932040851,0.0675000250339508,0.0,15.0,80.06148773028676
-1193.42822265625,1028.47509765625,-1193.7956709099296,1030.6823101187647,-1191.981849378948,1019.7869270332028,0.0675000250339508,0.0,15.0,80.54829837671886
-1191.930419921875,1028.7127685546875,-1192.2658181235379,1030.826449055152,-1190.5356357645935,1019.9228344972435,0.0675000250339508,0.0,15.0,80.98349724280467
-1190.430908203125,1028.939697265625,-1190.7382434610736,1030.970523682323,-1189.086754256265,1020.0577246549597,0.0675000250339508,0.0,15.0,81.394438444049
-1188.929443359375,1029.1588134765625,-1189.215080247467,1031.116102459032,-1187.62116324655,1020.1939971045583,0.0675000250339508,0.0,15.0,81.69715362666635
-1187.427001953125,1029.3697509765625,-1187.690750307095,1031.2483474700016,-1186.1580273797285,1020.3312445822552,0.0675000250339508,0.0,15.0,82.008110309083
-1185.9219970703125,1029.57080078125,-1186.165224663067,1031.3915372664173,-1184.7045664701755,1020.4574420264895,0.0675000250339508,0.0,15.0,82.39105011338451
-1184.4168701171875,1029.76416015625,-1184.6442988761855,1031.5344862916331,-1183.2393758135095,1020.598437451483,0.0675000250339508,0.0,15.0,82.67947079452169
-1182.90966796875,1029.94775390625,-1183.1202811930964,1031.6767708484067,-1181.787589571769,1020.7361169597579,0.0675000250339508,0.0,15.0,83.05496082686145
-1181.4027099609375,1030.12890625,-1181.605731821592,1031.8177909331398,-1180.291573487655,1020.8856584314875,0.0675000250339508,0.0,15.0,83.14533102935988
-1179.89599609375,1030.3056640625,-1180.0899480099627,1031.958943414581,-1178.8066311966788,1021.0197311035566,0.0675000250339508,0.0,15.0,83.30901695514649
-1178.3896484375,1030.478271484375,-1178.575477910569,1032.1000081871114,-1177.3221850148004,1021.162501586134,0.0675000250339508,0.0,15.0,83.46317539614229
-1176.8839111328125,1030.646728515625,-1177.06228021641,1032.2410637664761,-1175.8396911337375,1021.3130664224431,0.0675000250339508,0.0,15.0,83.61647767594916
-1175.3787841796875,1030.80908203125,-1175.5495461601886,1032.3921611437152,-1174.3695954268535,1021.4532193827964,0.0675000250339508,0.0,15.0,83.84348064918443
-1173.874267578125,1030.9659423828125,-1174.0374714894517,1032.531302855265,-1172.8968669435299,1021.5912631443799,0.0675000250339508,0.0,15.0,84.04786748761869
-1172.3707275390625,1031.1153564453125,-1172.5253807407616,1032.6716174627381,-1171.4380521105236,1021.7299289507754,0.0675000250339508,0.0,15.0,84.32487299799752
-1170.868896484375,1031.258544921875,-1171.0169804373222,1032.8117221368018,-1169.9739523529486,1021.8719314104184,0.0675000250339508,0.0,15.0,84.55373420360348
-1169.3675537109375,1031.394775390625,-1169.5087928280595,1032.9513165209867,-1168.5159049712925,1022.009087353982,0.0675000250339508,0.0,15.0,84.8152320498277
-1167.8671875,1031.5242919921875,-1168.0025122935504,1033.091942357436,-1167.0578921865267,1022.1491282806878,0.0675000250339508,0.0,15.0,85.0662684117964
-1166.3675537109375,1031.6474609375,-1166.4986063877125,1033.2430824778166,-1165.5990983293866,1022.2911929867035,0.0675000250339508,0.0,15.0,85.30468288308833
-1164.868896484375,1031.762939453125,-1164.9936916275853,1033.3825060209833,-1164.1493420254214,1022.4247046829647,0.0675000250339508,0.0,15.0,85.59380019563505
-1163.37109375,1031.870361328125,-1163.489324594878,1033.5188754947785,-1162.7035126516398,1022.5621566953077,0.0675000250339508,0.0,15.0,85.89779113792405
-1161.873291015625,1031.9727783203125,-1161.9884994934043,1033.657650814178,-1161.239486450009,1022.7036698338917,0.0675000250339508,0.0,15.0,86.08830901177961
-1160.37548828125,1032.068359375,-1160.4865157292536,1033.8082147862453,-1159.7866989863091,1022.841737856578,0.07145002484321594,0.0,15.0,86.3486677676802
-1158.876220703125,1032.1563720703125,-1158.9809783419516,1033.9408843034178,-1158.3375233354695,1022.9798379932763,0.07145002484321594,0.0,15.0,86.64037605222794
-1157.374755859375,1032.239013671875,-1157.4764209381672,1034.0861044682467,-1156.8732380477175,1023.1272424999574,0.07145002484321594,0.0,15.0,86.84958183315548
-1155.873291015625,1032.320068359375,-1155.976308422454,1034.2283727328613,-1155.3844780075553,1023.265249083387,0.07145002484321594,0.0,15.0,86.90995892720429
-1154.3695068359375,1032.3994140625,-1154.4738891615925,1034.377700015951,-1153.8952588326931,1023.4113199825504,0.07145002484321594,0.0,15.0,86.97964502281975
-1152.8643798828125,1032.4737548828125,-1152.9656257990196,1034.523610624738,-1152.4234118894738,1023.5457822097966,0.07145002484321594,0.0,15.0,87.17236036038479
-1151.3580322265625,1032.544677734375,-1151.4575802822167,1034.6590030472364,-1150.9411597973371,1023.6906230413615,0.07145002484321594,0.0,15.0,87.30435311331624
-1149.8494873046875,1032.613525390625,-1149.9478075019754,1034.7678534014135,-1149.4484431292303,1023.8261070922234,0.07145002484321594,0.0,15.0,87.3869224952557
-1148.3406982421875,1032.6802978515625,-1148.4375234276224,1034.8681576175118,-1147.9552912220213,1023.9716492788838,0.07145002484321594,0.0,15.0,87.46599074229066
-1146.829345703125,1032.7470703125,-1146.927361589781,1034.9655980870673,-1146.4480874731833,1024.1175307422818,0.07145002484321594,0.0,15.0,87.47028320703367
-1145.31689453125,1032.81298828125,-1145.4146165142263,1035.055164890648,-1144.9438916995089,1024.2546455307424,0.07145002484321594,0.0,15.0,87.50442671661573
-1143.804443359375,1032.8812255859375,-1143.906504561955,1035.1433692352523,-1143.4220217546783,1024.4050114854153,0.07145002484321594,0.0,15.0,87.41673643854327
-1142.289306640625,1032.9501953125,-1142.392708734871,1035.2217471598963,-1141.9067582093317,1024.5463172077002,0.07145002484321594,0.0,15.0,87.39366873782542
-1140.7733154296875,1033.0250244140625,-1140.8855388669713,1035.2986016858827,-1140.3618732491889,1024.6894608910422,0.07145002484321594,0.0,15.0,87.17418225909589
-1139.2572021484375,1033.102783203125,-1139.3737213958102,1035.3746341487583,-1138.832667224393,1024.82535187403,0.07145002484321594,0.0,15.0,87.06397262395294
-1137.7396240234375,1033.185546875,-1137.862605397357,1035.440568173768,-1137.291768348654,1024.9735383957839,0.07145002484321594,0.0,15.0,86.87837081768124
-1136.220703125,1033.271240234375,-1136.346813658424,1035.506558421549,-1135.7611161783602,1025.1250288710728,0.07145002484321594,0.0,15.0,86.77095197200993
-1134.700927734375,1033.3597412109375,-1134.8305153521321,1035.5850734055252,-1134.2297395379064,1025.2683025267518,0.07145002484321594,0.0,15.0,86.66726256958775
-1133.18115234375,1033.4527587890625,-1133.3157059158461,1035.6511734512628,-1132.688663181847,1025.4061838997036,0.0675000250339508,0.0,15.0,86.49759118541672
-1131.661376953125,1033.5487060546875,-1131.7984287743361,1035.7195650547862,-1131.156496176613,1025.5515487168059,0.06350001692771912,0.0,15.0,86.3875667617652
-1130.1416015625,1033.6473388671875,-1130.2808867033423,1035.7935022378397,-1129.6257731623914,1025.6992403754139,0.06350001692771912,0.0,15.0,86.2867344499241
-1128.621826171875,1033.7470703125,-1128.7622322264822,1035.8866729806255,-1128.102852927495,1025.8386041037695,0.06350001692771912,0.0,15.0,86.24549146990925
-1127.10205078125,1033.849609375,-1127.2453526693735,1035.9735480739714,-1126.571334213374,1025.9836316725525,0.06350001692771912,0.0,15.0,86.14011054288724
-1125.5826416015625,1033.9517822265625,-1125.725362721304,1036.074183394332,-1125.0566234879761,1026.1293838277454,0.06350001692771912,0.0,15.0,86.15293019123256
-1124.0638427734375,1034.0533447265625,-1124.205901750823,1036.1777411167432,-1123.5438602471556,1026.2773560342562,0.06350001692771912,0.0,15.0,86.17431086738958
-1122.54638671875,1034.1534423828125,-1122.6864874720259,1036.2773356315604,-1122.0358572107027,1026.4139395602078,0.06350001692771912,0.0,15.0,86.22600176496819
-1121.0302734375,1034.2540283203125,-1121.1712180973495,1036.3784611787241,-1120.5199457765289,1026.5619536246077,0.06350001692771912,0.0,15.0,86.20429665548633
-1119.51416015625,1034.3572998046875,-1119.6600021824022,1036.4983848694765,-1118.9927425128985,1026.7024450405916,0.06350001692771912,0.0,15.0,86.10326323472908
-1117.998046875,1034.464111328125,-1118.1511345881456,1036.6370820678621,-1117.4612712400424,1026.8449646010708,0.06350001692771912,0.0,15.0,85.97011999118902
-1116.48193359375,1034.575927734375,-1116.645545824994,1036.7943381187108,-1115.9225403557573,1026.9911416908492,0.06350001692771912,0.0,15.0,85.78195768565456
-1114.9661865234375,1034.6920166015625,-1115.1390999675002,1036.949709803379,-1114.3877089126509,1027.1389603522066,0.06350001692771912,0.0,15.0,85.62034948191994
-1113.4527587890625,1034.812255859375,-1113.6339968756697,1037.0934637758792,-1112.8547084455417,1027.2847145812325,0.06350001692771912,0.0,15.0,85.45748928548004
-1111.940185546875,1034.9373779296875,-1112.130295287154,1037.2355728485143,-1111.318992524436,1027.427911840866,0.06350001692771912,0.0,15.0,85.27118344799301
-1110.427734375,1035.0655517578125,-1110.622645351233,1037.36550127736,-1109.7924966304643,1027.5697463722895,0.06350001692771912,0.0,15.0,85.15599962491933
-1108.915283203125,1035.197265625,-1109.1164833473747,1037.5076176057728,-1108.2633095105828,1027.7107465790318,0.06350001692771912,0.0,15.0,85.02287600090864
-1107.404296875,1035.332763671875,-1107.6123738882886,1037.653103555196,-1106.7344189624907,1027.8627197069732,0.06350001692771912,0.0,15.0,84.8756943996065
-1105.89501953125,1035.471435546875,-1106.1080475179792,1037.789990148918,-1105.2087478870646,1028.00219029273,0.06350001692771912,0.0,15.0,84.7504227725908
-1104.38623046875,1035.61279296875,-1104.60312348023,1037.9278168218505,-1103.6864177113794,1028.1432889263494,0.06350001692771912,0.0,15.0,84.64762137164392
-1102.87744140625,1035.75732421875,-1103.0990356424443,1038.0705883736166,-1102.1619912133053,1028.2886042991588,0.06350001692771912,0.0,15.0,84.52816850571205
-1101.36865234375,1035.9034423828125,-1101.592471421273,1038.2145566670104,-1100.6452048766719,1028.4332580109779,0.06350001692771912,0.0,15.0,84.46845989477076
-1099.861572265625,1036.0518798828125,-1100.0886514453066,1038.3574058304669,-1099.1253789490127,1028.5773381995107,0.06350001692771912,0.0,15.0,84.37488447714249
-1098.35546875,1036.201904296875,-1098.5839329317193,1038.4954690438678,-1097.610244754558,1028.7205587673675,0.06350001692771912,0.0,15.0,84.31147747762928
-1096.85009765625,1036.354248046875,-1097.0813646866127,1038.6394924526703,-1096.0921816782852,1028.8649693287166,0.06350001692771912,0.0,15.0,84.2213334296931
-1095.344970703125,1036.50732421875,-1095.5759265222634,1038.778205598317,-1094.582114120621,1029.0065094960448,0.06350001692771912,0.0,15.0,84.1928053700012
-1093.83984375,1036.6611328125,-1094.0701534197447,1038.9148774378586,-1093.0721823708368,1029.1490178878312,0.06350001692771912,0.0,15.0,84.16521100315866
-1092.334716796875,1036.81494140625,-1092.564208879955,1039.060685362105,-1091.5651184363323,1029.283871735226,0.06350001692771912,0.0,15.0,84.16521100315866
-1090.82958984375,1036.9681396484375,-1091.0574193141406,1039.2064961184892,-1090.0628050907992,1029.434708569646,0.06350001692771912,0.0,15.0,84.1882061207832
-1089.324462890625,1037.1219482421875,-1089.5511620373554,1039.3403613209061,-1088.5529151874675,1029.571802861289,0.06350001692771912,0.0,15.0,84.16521100315866
-1087.8193359375,1037.275390625,-1088.0446509348096,1039.485521028204,-1087.0489500245617,1029.7186218847216,0.06350001692771912,0.0,15.0,84.17900784786804
-1086.3153076171875,1037.42919921875,-1086.5402970494838,1039.6292744531331,-1085.5407280286845,1029.85491738546,0.06350001692771912,0.0,15.0,84.16097835995359
-1084.8134765625,1037.5838623046875,-1085.0388008808009,1039.771837906941,-1084.0327826568684,1030.0030595256944,0.06350001692771912,0.0,15.0,84.12023552307619
-1083.31201171875,1037.7403564453125,-1083.5376751822573,1039.905458318276,-1082.5207327413139,1030.148522262422,0.06350001692771912,0.0,15.0,84.04968082421225
-1081.810546875,1037.899658203125,-1082.038560098281,1040.0487483535908,-1081.0030683169584,1030.2889407595144,0.06350001692771912,0.0,15.0,83.943714306273
-1080.30908203125,1038.0621337890625,-1080.5395856450077,1040.1922573421964,-1079.4834321179123,1030.4321608859432,0.06350001692771912,0.0,15.0,83.82397616201226
-1078.809326171875,1038.22705078125,-1079.0411637970753,1040.3353831744485,-1077.9676696646457,1030.5730227665806,0.06350001692771912,0.0,15.0,83.72482108299572
-1077.311279296875,1038.3948974609375,-1077.5450374914076,1040.4812105978867,-1076.4503962969893,1030.7114384248662,0.06350001692771912,0.0,15.0,83.60703321120205
-1075.8134765625,1038.56201171875,-1076.0424739800187,1040.6144575280662,-1074.9534856832122,1030.8541314493118,0.06350001692771912,0.0,15.0,83.63367130695751
-1074.315673828125,1038.73046875,-1074.543854377429,1040.7592914601153,-1073.446709834155,1031.0042454123095,0.06350001692771912,0.0,15.0,83.58294248384632
-1072.81787109375,1038.89892578125,-1073.0432158905496,1040.902534952795,-1071.9457467892462,1031.1446031607697,0.06350001692771912,0.0,15.0,83.58294248384632
-1071.320068359375,1039.068359375,-1071.543864888309,1041.0467335897104,-1070.439695411653,1031.2858117751819,0.06350001692771912,0.0,15.0,83.5460551343811
-1069.822265625,1039.23681640625,-1070.0418565515308,1041.1892661660575,-1068.9438392456016,1031.4264601198604,0.06350001692771912,0.0,15.0,83.58294248384632
-1068.3245849609375,1039.4056396484375,-1068.541072583533,1041.326165058144,-1067.4410300424918,1031.5673639474896,0.06350001692771912,0.0,15.0,83.56858933404673
-1066.8271484375,1039.5743408203125,-1067.0408732688072,1041.4714193338036,-1065.9410136851877,1031.70877279816,0.06350001692771912,0.0,15.0,83.57216169458324
-1065.3319091796875,1039.7427978515625,-1065.542242382885,1041.6097336529876,-1064.442880482028,1031.8517018242935,0.06350001692771912,0.0,15.0,83.57203291941293
-1063.8377685546875,1039.9112548828125,-1064.046011607026,1041.7582802165969,-1062.9441244759219,1031.9850204450645,0.06350001692771912,0.0,15.0,83.56734607586169
-1062.3436279296875,1040.0797119140625,-1062.5483754621616,1041.8957335064408,-1061.447249843294,1032.1292280173548,0.06350001692771912,0.0,15.0,83.56734607586169
-1060.8494873046875,1040.24755859375,-1061.0503663557192,1042.03574738257,-1059.9535922458592,1032.2724636700705,0.06350001692771912,0.0,15.0,83.59045848534504
-1059.3553466796875,1040.4141845703125,-1059.551825804737,1042.1760193619655,-1058.4622246654665,1032.4055300252091,0.06350001692771912,0.0,15.0,83.63668958170126
-1057.8612060546875,1040.5791015625,-1058.0527480345197,1042.3144633931038,-1056.9747829980606,1032.548148036879,0.06350001692771912,0.0,15.0,83.70142708384064
-1056.3670654296875,1040.743896484375,-1056.5560381666917,1042.4572492998789,-1055.4789434455863,1032.6915904951916,0.06350001692771912,0.0,15.0,83.70605181104892
-1054.8729248046875,1040.908203125,-1055.059592296461,1042.6056846252277,-1053.9843268599384,1032.827639348083,0.06350001692771912,0.0,15.0,83.72455154275596
-1053.3795166015625,1041.070556640625,-1053.5613703391277,1042.743337561959,-1052.4985811249317,1032.9672749706244,0.06350001692771912,0.0,15.0,83.79554587472555
-1051.8863525390625,1041.22998046875,-1052.0628897138172,1042.8834281881982,-1051.0191407033826,1033.1076717596873,0.06350001692771912,0.0,15.0,83.90566722774692
-1050.3931884765625,1041.386474609375,-1050.5650036618545,1043.0258219935347,-1049.5400426070821,1033.2463183882492,0.06350001692771912,0.0,15.0,84.01684117414838
-1048.900146484375,1041.540771484375,-1049.0685109204592,1043.1699371629722,-1048.0578602705154,1033.3904529070685,0.06350001692771912,0.0,15.0,84.09977240660925
-1047.40771484375,1041.695068359375,-1047.5751812795118,1043.3148821597088,-1046.5626747932847,1033.5214452130238,0.06350001692771912,0.0,15.0,84.09737645625319
-1045.8663330078125,1041.8544921875,-1046.0333420282025,1043.469211100567,-1045.0197405108177,1033.6692521725283,0.06350001692771912,0.0,15.0,84.09494256462146
-1044.3260498046875,1042.0142822265625,-1044.491513805461,1043.6092591263014,-1043.4751861913592,1033.8124510019807,0.06350001692771912,0.0,15.0,84.07728280183599
-1042.785888671875,1042.17626953125,-1042.951645365398,1043.7522696836081,-1041.9214999613173,1033.9577372319995,0.06350001692771912,0.0,15.0,83.99595825679464
-1041.2457275390625,1042.337158203125,-1041.4094442418702,1043.9043916168764,-1040.3854020525498,1034.1014020093983,0.06350001692771912,0.0,15.0,84.03638450609519
-1039.70556640625,1042.4998779296875,-1039.8696013414597,1044.052487665276,-1038.8337922355645,1034.2484340350588,0.06350001692771912,0.0,15.0,83.96901075434782
-1038.1654052734375,1042.664306640625,-1038.3293587350477,1044.2000162361223,-1037.282062841506,1034.3902669496988,0.06350001692771912,0.0,15.0,83.90614368214169
-1036.625732421875,1042.829345703125,-1036.7885043714464,1044.3478683362202,-1035.7369438077976,1034.5377105038958,0.06350001692771912,0.0,15.0,83.8817697435769
-1035.0872802734375,1042.9923095703125,-1035.2467665693914,1044.4979318833507,-1034.2071194315802,1034.6831956452727,0.06350001692771912,0.0,15.0,83.95336904556966
-1033.5509033203125,1043.15673828125,-1033.7096167204752,1044.6397129319164,-1032.6595269278678,1034.8279607940133,0.06350001692771912,0.0,15.0,83.8912475333906
-1032.0145263671875,1043.3204345703125,-1032.1711623797164,1044.7905470637427,-1031.1247362414535,1034.9692798182718,0.06350001692771912,0.0,15.0,83.91825363301973
-1030.4781494140625,1043.4833984375,-1030.633134318813,1044.9445520039355,-1029.5908206751428,1035.1179156599392,0.06350001692771912,0.0,15.0,83.9452624454361
-1028.9417724609375,1043.6468505859375,-1029.0945293904506,1045.0826972736531,-1028.0491637793914,1035.2567289534206,0.06350001692771912,0.0,15.0,83.92725626964355
-1027.4053955078125,1043.809814453125,-1027.5564416885288,1045.2338348504995,-1026.5137665543311,1035.4037904767074,0.06350001692771912,0.0,15.0,83.9452624454361
-1025.8690185546875,1043.9747314453125,-1026.0203519512515,1045.3845627770338,-1024.964705177597,1035.5500917975974,0.06350001692771912,0.0,15.0,83.87324497979857
-1024.3326416015625,1044.1412353515625,-1024.483705442726,1045.535142613207,-1023.4164774684369,1035.6875390322678,0.06350001692771912,0.0,15.0,83.81474508441765
-1022.7974243164062,1044.3055419921875,-1022.9454579632982,1045.6887107590044,-1021.8904188714366,1035.8308362130933,0.06350001692771912,0.0,15.0,83.89117220113285
-1021.2628173828125,1044.4720458984375,-1021.4098060754537,1045.8267880901815,-1020.3409088337561,1035.9751446341688,0.06350001692771912,0.0,15.0,83.80766638794167
-1019.7280883789062,1044.636962890625,-1019.8720467169542,1045.9766492008448,-1018.8130368708391,1036.1214298890159,0.05955001711845398,0.0,15.0,83.8667163559435
-1018.1947631835938,1044.8031005859375,-1018.3391723914849,1046.1358882863933,-1017.2701829498092,1036.2699247471655,0.05555000901222229,0.0,15.0,83.81605542561935
-1016.6633911132812,1044.96923828125,-1016.8061032107455,1046.2846852046068,-1015.7349532156023,1036.411373897428,0.05555000901222229,0.0,15.0,83.80822959377835
-1015.1336059570312,1045.1328125,-1015.27287635685,1046.4353025377084,-1014.2173251475485,1036.56353555639,0.05555000901222229,0.0,15.0,83.89676547533695
-1013.6051635742188,1045.29443359375,-1013.7408831556668,1046.5779267050123,-1012.6970295094721,1036.706256384768,0.05555000901222229,0.0,15.0,83.96384043686714
-1012.0784301757812,1045.4517822265625,-1012.2102570785256,1046.730881584688,-1011.1915201875022,1036.8462095163952,0.05160000920295715,0.0,15.0,84.11574122450548
-1010.5540161132812,1045.607421875,-1010.6846045419192,1046.8864715195732,-1009.6738020959349,1036.9861570525518,0.05160000920295715,0.0,15.0,84.1704145700803
-1009.0309448242188,1045.7569580078125,-1009.1552552481568,1047.0230977298327,-1008.1843412233056,1037.1340411681442,0.05160000920295715,0.0,15.0,84.39263419594187
-1007.5097045898438,1045.900390625,-1007.6301462300348,1047.1777895356909,-1006.6961720537123,1037.2720991651954,0.05160000920295715,0.0,15.0,84.61369764826195
-1005.9900512695312,1046.0335693359375,-1006.1031924408188,1047.324581656156,-1005.2351403518521,1037.4195583238495,0.05160000920295715,0.0,15.0,84.99153370248379
-1004.47119140625,1046.15478515625,-1004.5765299534887,1047.4746994301859,-1003.7849593243445,1037.5561520453655,0.05160000920295715,0.0,15.0,85.43706025487622
-1002.9537353515625,1046.263427734375,-1003.0514075049205,1047.6276553056032,-1002.3402371883676,1037.6944438392334,0.05160000920295715,0.0,15.0,85.90488436571893
-1001.43798828125,1046.3592529296875,-1001.5271291079688,1047.7692677645502,-1000.8990794497896,1037.834882279695,0.05160000920295715,0.0,15.0,86.38258762289416
-999.9227905273438,1046.438720703125,-1000.000623648792,1047.9227508413394,-999.4794817673729,1037.9862322497645,0.05160000920295715,0.0,15.0,86.9977515553511
-998.4090576171875,1046.499755859375,-998.4722078669889,1048.0659452047,-998.0714051131072,1038.12563610568,0.05160000920295715,0.0,15.0,87.69103021381999
-996.8967895507812,1046.5391845703125,-996.9405881373277,1048.219056983411,-996.6812045770894,1038.270533032909,0.05160000920295715,0.0,15.0,88.50649029002517
-995.3856811523438,1046.5550537109375,-995.4046731630593,1048.3635314082323,-995.3001781066164,1038.413190610482,0.05160000920295715,0.0,15.0,89.39832154956939
-993.8761596679688,1046.546875,-993.8655260822367,1048.5094857636288,-993.9194140259417,1038.563540810541,0.05160000920295715,0.0,15.0,90.31043018473476
-992.3687744140625,1046.5147705078125,-992.3233553256415,1048.647308961679,-992.5348483540164,1038.7171885780754,0.05160000920295715,0.0,15.0,91.22010869159342
-990.8633422851562,1046.4591064453125,-990.7769926266119,1048.7944291733786,-991.1441678377712,1038.8641916917518,0.05160000920295715,0.0,15.0,92.11757376477672
-989.3601684570312,1046.3795166015625,-989.2246502726498,1048.938981206582,-989.7497069733956,1039.022496217343,0.05160000920295715,0.0,15.0,93.03085895455531
-987.859130859375,1046.278076171875,-987.6697499097928,1049.0803900666247,-988.3393577781925,1039.1720469212862,0.05160000920295715,0.0,15.0,93.86618199289919
-986.3605346679688,1046.1544189453125,-986.1067556268964,1049.229955369522,-986.9234256085563,1039.3327697526943,0.05160000920295715,0.0,15.0,94.71709619509457
-984.8645629882812,1046.0084228515625,-984.5366217079464,1049.3687241814148,-985.4989221608146,1039.5083629356793,0.05160000920295715,0.0,15.0,95.57400510283455
-983.3710327148438,1045.8404541015625,-982.9586222383041,1049.5074905699219,-984.0644910412766,1039.67442021791,0.05160000920295715,0.0,15.0,96.41676354152496
-981.8807373046875,1045.64990234375,-981.3712287730253,1049.6347421315763,-982.6247229018038,1039.831229593978,0.05160000920295715,0.0,15.0,97.2864019118172
-980.3937377929688,1045.4346923828125,-979.7683923527785,1049.7555349691302,-981.1839555641717,1039.9746596091834,0.05160000920295715,0.0,15.0,98.23510406730706
-978.9108276367188,1045.1932373046875,-978.1522682653906,1049.851973018992,-979.7377668753054,1040.1145427291815,0.05160000920295715,0.0,15.0,99.2480361040065
-977.4329833984375,1044.9228515625,-976.5173301877347,1049.9275267748583,-978.2913467094809,1040.2313050951652,0.05160000920295715,0.0,15.0,100.36813760253774
-975.9605712890625,1044.62255859375,-974.8691951293749,1049.9738509669821,-976.8392647443468,1040.314103123165,0.05160000920295715,0.0,15.0,101.52717526798749
-974.4948120117188,1044.2906494140625,-973.2073243374824,1049.976382495487,-975.3854642201503,1040.3573995454553,0.05555000901222229,0.0,15.0,102.75898805194737
-973.0357666015625,1043.9271240234375,-971.5380668820792,1049.9382912152184,-973.9184841244852,1040.384249210565,0.05955001711845398,0.0,15.0,103.99055396295647
-971.5835571289062,1043.5301513671875,-969.8556112442351,1049.851340855807,-972.4499279450451,1040.3607846961554,0.0675000250339508,0.0,15.0,105.28873401599873
-970.1383666992188,1043.099853515625,-968.1683034920355,1049.716471475864,-970.9774415261552,1040.2817522741782,0.0675000250339508,0.0,15.0,106.58062328045581
-968.7008056640625,1042.6363525390625,-966.4790572480316,1049.5271663977371,-969.5019735903005,1040.1515081663097,0.0675000250339508,0.0,15.0,107.87045140225999
-967.272216796875,1042.1390380859375,-964.7826939362112,1049.2904583211728,-968.0260259220083,1039.9736408862723,0.0675000250339508,0.0,15.0,109.19381799364119
-965.8533325195312,1041.6077880859375,-963.0944400392415,1048.9763512166012,-966.555006036718,1039.7337296927803,0.0675000250339508,0.0,15.0,110.526598766144
-964.4456176757812,1041.0418701171875,-961.405893673964,1048.6031507877994,-965.0993202011382,1039.4157921356482,0.0675000250339508,0.0,15.0,111.90070883149535
-963.0502319335938,1040.4410400390625,-959.732936044103,1048.1452272216648,-963.658299373062,1039.028846032447,0.07145002484321594,0.0,15.0,113.29591399602046
-961.6671142578125,1039.8072509765625,-958.0944896600322,1047.6037885353355,-962.2416252250619,1038.553495869779,0.07145002484321594,0.0,15.0,114.61877626568325
-960.296875,1039.1400146484375,-956.4809243246282,1046.9764665933787,-960.8429010684492,1038.0186932766221,0.07145002484321594,0.0,15.0,115.96370976039681
-958.9412231445312,1038.43994140625,-954.8988548371875,1046.2677567919877,-959.4670202350138,1037.4217653664323,0.07145002484321594,0.0,15.0,117.31231831629813
-957.6012573242188,1037.706298828125,-953.3501404222559,1045.4707764043058,-958.1261610184847,1036.7475853752203,0.07145002484321594,0.0,15.0,118.70107642077716
-956.2767333984375,1036.942138671875,-951.8556068639505,1044.6053069566117,-956.8111582736896,1036.0158164500024,0.07145002484321594,0.0,15.0,119.98202031165924
-954.9678955078125,1036.1488037109375,-950.4143603553509,1043.661190832755,-955.5369271750361,1035.2100196617037,0.07145002484321594,0.0,15.0,121.2216002981621
-953.6753540039062,1035.32763671875,-949.0269795698971,1042.6443176604039,-954.3075255658164,1034.3325796973013,0.07145002484321594,0.0,15.0,122.42828067187699
-952.3992309570312,1034.47998046875,-947.6983110357999,1041.5570854308112,-953.1219155770722,1033.3919987553415,0.06350001692771912,0.0,15.0,123.59383603098615
-951.1400756835938,1033.6075439453125,-946.4387456551724,1040.392799191313,-951.9825139419502,1032.3916840551562,0.06350001692771912,0.0,15.0,124.71709951914859
-949.8999633789062,1032.71044921875,-945.2306011583167,1039.1652118801962,-950.8927215276365,1031.3380951524891,0.06350001692771912,0.0,15.0,125.8819009226487
-948.679931640625,1031.7880859375,-944.0708537643957,1037.8846223104454,-949.8608989115274,1030.2259925826781,0.06350001692771912,0.0,15.0,127.0898568974798
-947.4795532226562,1030.8424072265625,-942.9737551607445,1036.561752165482,-948.8797574104644,1029.0650859562886,0.06350001692771912,0.0,15.0,128.2316463303821
-946.2999877929688,1029.8736572265625,-941.9163763767059,1035.2112123066215,-947.9483608914597,1027.8665718875102,0.06350001692771912,0.0,15.0,129.3954760057198
-945.1408081054688,1028.883056640625,-940.8990471187453,1033.8466749191123,-947.0551809754968,1026.642898319764,0.06350001692771912,0.0,15.0,130.51621822139163
-944.0021362304688,1027.87158203125,-939.9201123842506,1032.4669378648878,-946.2237886086383,1025.3705473482225,0.06350001692771912,0.0,15.0,131.61447125303795
-942.8826904296875,1026.841552734375,-938.9676168963016,1031.0964925113265,-945.4321138462185,1024.0708147109929,0.06350001692771912,0.0,15.0,132.6179132550417
-941.7820434570312,1025.7940673828125,-938.0119289166048,1029.7555214969898,-944.6615300437104,1022.7684420700526,0.06350001692771912,0.0,15.0,133.58234295832963
-940.7001953125,1024.729736328125,-937.0429446282276,1028.4471791758556,-943.9047456126401,1021.472444547532,0.06350001692771912,0.0,15.0,134.53236289333813
-939.6362915039062,1023.649658203125,-936.0762511111994,1027.1563865081246,-943.1612178979175,1020.1775180599283,0.06350001692771912,0.0,15.0,135.43223427955988
-938.5910034179688,1022.5538940429688,-935.1213486785656,1025.863720092488,-942.4401612837121,1018.8820465740934,0.06350001692771912,0.0,15.0,136.35051837336468
-937.5640869140625,1021.4429931640625,-934.2190477666759,1024.5351465432602,-941.7250043673076,1017.5966420761636,0.06350001692771912,0.0,15.0,137.2497137044638
-936.5552978515625,1020.3173217773438,-933.3609589376143,1023.1799815165259,-941.0127518215016,1016.3227005543781,0.06350001692771912,0.0,15.0,138.13436686716483
-935.56396484375,1019.1778564453125,-932.5282434404617,1021.8189291879452,-940.3052795466493,1015.0529202728077,0.06350001692771912,0.0,15.0,138.9767833804889
-934.588623046875,1018.0260620117188,-931.7070947277555,1020.4661458726446,-939.5949451693219,1013.7866985695746,0.06350001692771912,0.0,15.0,139.7420079609507
-933.6281127929688,1016.8633422851562,-930.903551415057,1019.1140731200222,-938.8876502657381,1012.5184949775987,0.06350001692771912,0.0,15.0,140.44025430524232
-932.6820068359375,1015.68994140625,-930.1178050764157,1017.757441612978,-938.1856064193087,1011.2524226992624,0.06350001692771912,0.0,15.0,141.12097972618153
-931.750244140625,1014.5062866210938,-929.3372370691492,1016.4057846849905,-937.4891572038382,1009.9886644469581,0.06350001692771912,0.0,15.0,141.79048816634003
-930.8322143554688,1013.312744140625,-928.5652341117748,1015.0564234986102,-936.7903884850246,1008.7299317099091,0.06350001692771912,0.0,15.0,142.43381520812315
-929.9290161132812,1012.1085205078125,-927.8002816701191,1013.7051252868248,-936.0939969674739,1007.4846286334921,0.06350001692771912,0.0,15.0,143.12917308773842
-929.0409545898438,1010.8936157226562,-927.0420919810659,1012.3547285565029,-935.4038059814574,1006.242548767219,0.06350001692771912,0.0,15.0,143.83423747158264
-928.1672973632812,1009.6683959960938,-926.2825457203095,1011.0123401535859,-934.7129034718757,1005.0009751612615,0.06350001692771912,0.0,15.0,144.50878816515547
-927.3082275390625,1008.4327392578125,-925.5225703284887,1009.6741877754132,-934.0212016102678,1003.765655530857,0.0675000250339508,0.0,15.0,145.19168355680023
-926.4617309570312,1007.1881103515625,-924.7726913076317,1008.3368594147992,-933.3256135886083,1002.519848865816,0.0675000250339508,0.0,15.0,145.7796101407505
-925.628662109375,1005.9332275390625,-924.0223261037181,1006.9996127599385,-932.6285910422445,1001.2862416438905,0.07145002484321594,0.0,15.0,146.4213325657895
-924.8088989257812,1004.6676635742188,-923.2755178805023,1005.6609040284817,-931.9430625730671,1000.0465421878336,0.07145002484321594,0.0,15.0,147.0670390048212
-924.0012817382812,1003.3930053710938,-922.5286930143812,1004.326030366049,-931.2447189548185,998.8035990672621,0.07145002484321594,0.0,15.0,147.6418534500449
-923.2055053710938,1002.1096801757812,-921.7816048088255,1002.9926258397618,-930.5464402644072,997.5576441661256,0.07145002484321594,0.0,15.0,148.1973868083577
-922.4169311523438,1000.8216552734375,-921.0421678782191,1001.6633337789434,-929.8293922418129,996.2834854740753,0.07145002484321594,0.0,15.0,148.52356367437002
-921.6338500976562,999.5304565429688,-920.3009975104688,1000.3387996624967,-929.1069572391123,994.998196338531,0.07540002465248108,0.0,15.0,148.76419332396503
-920.8566284179688,998.2368774414062,-919.5593659932149,999.0163121737274,-928.384760761302,993.7137464958554,0.07540002465248108,0.0,15.0,149.0012711572768
-920.0851440429688,996.9401245117188,-918.8196860940408,997.6929903911525,-927.6646583583662,992.4308022418032,0.07540002465248108,0.0,15.0,149.25008312282145
-919.3218994140625,995.6398315429688,-918.0791846494899,996.3692789768301,-926.9508317383679,991.1618086967691,0.07540002465248108,0.0,15.0,149.587962077613
-918.5665893554688,994.3358764648438,-917.3394732612014,995.0466778909137,-926.2345101632554,989.8942681519641,0.07540002465248108,0.0,15.0,149.91862702166245
-917.8206787109375,993.0292358398438,-916.5998055638507,993.7261851452691,-925.5192519552465,988.6344178456966,0.07940000295639038,0.0,15.0,150.27962378991327
-917.0814819335938,991.7185668945312,-915.8612510004453,992.4067580480826,-924.7980235127593,987.3665581832863,0.07940000295639038,0.0,15.0,150.57768186865098
-916.3515014648438,990.404296875,-915.1224935468334,991.086920508465,-924.0834543841681,986.1097649047628,0.07940000295639038,0.0,15.0,150.95104421097065
-915.6262817382812,989.087890625,-914.3863405949988,989.7709850549185,-923.3552331695664,984.8299436245118,0.07940000295639038,0.0,15.0,151.149246355935
-914.9076538085938,987.7680053710938,-913.6487191388619,988.4534479977491,-922.6337353825685,983.5614442403664,0.07940000295639038,0.0,15.0,151.43336843320438
-914.1942749023438,986.445556640625,-912.9115762810095,987.1374928332754,-921.9072253197498,982.2848992132634,0.07940000295639038,0.0,15.0,151.65589650392386
-913.48486328125,985.1199951171875,-912.1752525754309,985.820870208528,-921.1763765179394,981.003664960173,0.07940000295639038,0.0,15.0,151.84528163508807
-912.779541015625,983.7916259765625,-911.4390008832568,984.5034106562927,-920.4436507129108,979.7222245952983,0.07940000295639038,0.0,15.0,152.03310257714222
-912.077392578125,982.4617919921875,-910.7029202620503,983.1875093377045,-919.7088704962863,978.4323940680766,0.07940000295639038,0.0,15.0,152.16607766935329
-911.3763427734375,981.1294555664062,-909.9670684022439,981.8709886383532,-918.969843770889,977.1339013744264,0.07940000295639038,0.0,15.0,152.24751773919496
-910.6768188476562,979.7947998046875,-909.230455711706,980.552872146624,-918.2307990962221,975.8355841999492,0.07940000295639038,0.0,15.0,152.3399277590792
-909.9774169921875,978.4574584960938,-908.4940099865535,979.2332496912725,-917.4874759025307,974.5298529530504,0.07940000295639038,0.0,15.0,152.39136297034923
-909.2788696289062,977.1172485351562,-907.7561634232111,977.9109170169934,-916.7461615253218,973.2251292276384,0.07940000295639038,0.0,15.0,152.47046800438295
-908.5806884765625,975.7743530273438,-907.0176388577894,976.5869939049524,-916.0031586941141,971.9153567170732,0.07940000295639038,0.0,15.0,152.5297502062483
-907.8818969726562,974.4283447265625,-906.2772086702226,975.2614321239489,-915.2579224125984,970.599019226091,0.07940000295639038,0.0,15.0,152.56353849749738
-907.1795654296875,973.0807495117188,-905.5377907207815,973.9363997483863,-914.5025387876236,969.2642064422967,0.07940000295639038,0.0,15.0,152.47264725929273
-906.4744262695312,971.730712890625,-904.796093431169,972.6073248207122,-913.7502994176937,967.930443326869,0.07940000295639038,0.0,15.0,152.42143345556602
-905.7700805664062,970.3770141601562,-904.0509608720795,971.2714927783325,-913.0065648527478,966.6117844985672,0.07940000295639038,0.0,15.0,152.51149848017286
-905.065673828125,969.0196533203125,-903.3037129770161,969.934028525252,-912.2602127663437,965.2860243852894,0.07940000295639038,0.0,15.0,152.57280032594306
-904.3609008789062,967.6592407226562,-902.5562158872274,968.5941726441832,-911.5100535082511,963.955563329725,0.07940000295639038,0.0,15.0,152.61321269704206
-903.6535034179688,966.2962036132812,-901.8059769136038,967.2550443882046,-910.7510493265731,962.6126751751331,0.07940000295639038,0.0,15.0,152.57130994856354
-902.9454345703125,964.9310913085938,-901.0513786119709,965.9135174542041,-909.9958412756238,961.2741223294148,0.07940000295639038,0.0,15.0,152.58472327540167
-902.2349243164062,963.563232421875,-900.2963232416955,964.570204672587,-909.234747585815,959.9272972704232,0.07940000295639038,0.0,15.0,152.5511724375787
-901.5242309570312,962.1926879882812,-899.5394669806011,963.2218837906216,-908.4787492175462,958.5864350100833,0.07540002465248108,0.0,15.0,152.59108396333792
-900.808837890625,960.8218994140625,-898.7907455464814,961.8751101699157,-907.7081787140617,957.2212416024279,0.07145002484321594,0.0,15.0,152.4406498892012
-900.09326171875,959.449462890625,-898.039922105733,960.520055865054,-906.9489237106748,955.8749818271488,0.07145002484321594,0.0,15.0,152.46286523292886
-899.3746948242188,958.0768432617188,-897.288910730751,959.1687520229974,-906.1812955827535,954.5135851919856,0.07145002484321594,0.0,15.0,152.3679255549561
-898.6800537109375,956.7462768554688,-896.5526949674421,957.8568947389422,-905.4488585932927,953.2125260129878,0.07145002484321594,0.0,15.0,152.432549517723
-897.9815673828125,955.4163208007812,-895.8162320209551,956.5535442005562,-904.7032215160668,951.8861413652162,0.07145002484321594,0.0,15.0,152.29176734645077
-897.2813110351562,954.0853881835938,-895.0779129051825,955.2446831824559,-903.9631188235242,950.56982454258,0.07145002484321594,0.0,15.0,152.2493653422602
-896.580322265625,952.7538452148438,-894.3418862277617,953.9322664604828,-903.2251653315569,949.2556776950313,0.07145002484321594,0.0,15.0,152.23550635454646
-895.876220703125,951.4221801757812,-893.612301783976,952.6191995474608,-902.4804301537073,947.9302853998203,0.07145002484321594,0.0,15.0,152.13290179055966
-895.1708374023438,950.0891723632812,-892.8826965101326,951.2999802520764,-901.7399296312514,946.6130277254844,0.07145002484321594,0.0,15.0,152.11369886735088
-894.4620361328125,948.7567749023438,-892.1593095001853,949.9817663995815,-900.9892519199186,945.2844635447779,0.07145002484321594,0.0,15.0,151.98816816046738
-893.7510986328125,947.424072265625,-891.4415146715888,948.6561324433367,-900.2402314062748,943.9624089477734,0.07145002484321594,0.0,15.0,151.9220655192321
-893.038330078125,946.091064453125,-890.7322918340972,947.324119151557,-899.4903120296004,942.6411447997674,0.07145002484321594,0.0,15.0,151.86627405885793
-892.3231201171875,944.758056640625,-890.0278645161533,945.9895495496414,-898.7402311153929,941.3150297781262,0.07145002484321594,0.0,15.0,151.78473081507505
-891.6060791015625,943.4246215820312,-889.3176092053203,944.6552227785824,-897.994595814665,939.9892622949196,0.07145002484321594,0.0,15.0,151.73131448596442
-890.8878784179688,942.0904541015625,-888.5935061242708,943.3255462274577,-897.2518447835014,938.6646435785184,0.07145002484321594,0.0,15.0,151.70580954471077
-890.1666870117188,940.7567749023438,-887.8600357022862,942.0041041720456,-896.5026109738109,937.3306032151862,0.07145002484321594,0.0,15.0,151.59754833516226
-889.4436645507812,939.4219360351562,-887.1300459213548,940.6751196786947,-895.7556805642373,936.002999515019,0.07145002484321594,0.0,15.0,151.55757776217013
-888.72021484375,938.0869140625,-886.4213439461889,939.3326744405364,-895.0106109460565,934.6781422890515,0.07145002484321594,0.0,15.0,151.54669294369657
-887.9949951171875,936.750244140625,-885.7303058775327,937.9789673162221,-894.2623957739786,933.3498215559679,0.07145002484321594,0.0,15.0,151.517642231143
-887.2694702148438,935.41357421875,-885.0433150701966,936.6218987029702,-893.5150956345235,932.023540001228,0.07145002484321594,0.0,15.0,151.5075369330659
-886.5425415039062,934.0752563476562,-884.3458215031217,935.2684398752407,-892.7675816966163,930.694026416741,0.07145002484321594,0.0,15.0,151.4906966728667
-885.8156127929688,932.7363891601562,-883.6369706332276,933.9192679038888,-892.020727931165,929.3673646663599,0.07145002484321594,0.0,15.0,151.5005572255835
-885.0885009765625,931.3961791992188,-882.9216499707179,932.5717733349609,-891.2737187678956,928.040477425462,0.07145002484321594,0.0,15.0,151.51858631332843
-884.3606567382812,930.0557250976562,-882.2084651696027,931.2243292528557,-890.526176557851,926.7079505849357,0.07145002484321594,0.0,15.0,151.49877713808118
-883.63330078125,928.713623046875,-881.4979601677155,929.8708768597583,-889.78185176436,925.3813986589664,0.07145002484321594,0.0,15.0,151.54439786234173
-882.9051513671875,927.3712158203125,-880.7883519710821,928.5194115462167,-889.0333890423029,924.0471330948361,0.07145002484321594,0.0,15.0,151.52368115493886
-882.1763916015625,926.0275268554688,-880.078413975427,927.1653807212901,-888.2863662002667,922.7137364076591,0.07145002484321594,0.0,15.0,151.52647809096655
-881.4473266601562,924.6835327148438,-879.3668181352508,925.8121282793304,-887.539483699989,921.3787726857429,0.07145002484321594,0.0,15.0,151.52187766965721
-880.7169799804688,923.3395385742188,-878.6553838165989,924.4598410127685,-886.790970090837,920.0388407694655,0.07145002484321594,0.0,15.0,151.47967616064852
-879.986328125,921.9944458007812,-877.9423859780952,923.1047113167353,-886.0458076612854,918.7029479548391,0.07145002484321594,0.0,15.0,151.48927417060656
-879.2560424804688,920.648193359375,-877.2313312631337,921.7465145143559,-885.3026526711723,917.3681602210621,0.07145002484321594,0.0,15.0,151.52202031277005
-878.5249633789062,919.3018798828125,-876.5250712812052,920.387867168435,-884.5566087166359,916.0265581013579,0.07145002484321594,0.0,15.0,151.49702467537534
-877.7929077148438,917.9544677734375,-875.8204564164289,919.0261103206918,-883.8115376677184,914.684516348597,0.07145002484321594,0.0,15.0,151.48454786101607
-877.0604858398438,916.6068115234375,-875.1134792033748,917.6649673041271,-883.0659221027622,913.3429874675036,0.07145002484321594,0.0,15.0,151.47688139368796
-876.326416015625,915.2591552734375,-874.4043816179361,916.3060894990265,-882.3171780017923,911.9959807078744,0.07145002484321594,0.0,15.0,151.42282201226058
-875.590576171875,913.9114990234375,-873.6927719875606,914.9477276124816,-881.5680907165746,910.647689451386,0.07145002484321594,0.0,15.0,151.36482006117342
-874.8526000976562,912.5648803710938,-872.9803311692586,913.5909241372749,-880.8167014356449,909.2964241648833,0.07145002484321594,0.0,15.0,151.27630807481123
-874.1123046875,911.2190551757812,-872.2651322603074,912.2351256687255,-880.0647222988669,907.9448205631613,0.07145002484321594,0.0,15.0,151.18621388841825
-873.3699340820312,909.8732299804688,-871.5501861428268,910.8770210999493,-879.313270456522,906.5948263377055,0.07540002465248108,0.0,15.0,151.1184329825357
-872.6258544921875,908.5274047851562,-870.8318292544546,909.5192851331473,-878.5615194078853,905.2456954433299,0.07540002465248108,0.0,15.0,151.0626797482947
-871.879638671875,907.1815795898438,-870.1021751900273,908.1671246478514,-877.8090020294496,903.8939425644602,0.07540002465248108,0.0,15.0,150.99307247661596
-871.1300048828125,905.8357543945312,-869.3577863569701,906.8228921693338,-877.052742797335,902.5367490854081,0.07540002465248108,0.0,15.0,150.88189564023014
-870.3776245117188,904.490478515625,-868.6023351092368,905.4833550849456,-876.2956176452523,901.1806876097193,0.07540002465248108,0.0,15.0,150.78276697319438
-869.6234741210938,903.1450805664062,-867.8443682458688,904.1423419280303,-875.5416938538756,899.8276771722107,0.07145002484321594,0.0,15.0,150.72759251698452
-868.8668823242188,901.8010864257812,-867.0920653519845,902.8002068248646,-874.785160688919,898.4694343545359,0.07145002484321594,0.0,15.0,150.62297840470617
-868.1116943359375,900.4556884765625,-866.3394704191676,901.4504589942867,-874.039326039524,897.1284377816264,0.07145002484321594,0.0,15.0,150.69398050259625
-867.3580932617188,899.1090698242188,-865.5871846868081,900.1001140237574,-873.2927088818109,895.7879122726039,0.07540002465248108,0.0,15.0,150.7675453997439
-866.6052856445312,897.7611694335938,-864.8352258174302,898.7497547400357,-872.5450293840075,894.4437994244151,0.07540002465248108,0.0,15.0,150.81647148428073
-865.8546752929688,896.4107666015625,-864.0809047767237,897.3967024121289,-871.7999371550404,893.1061414996526,0.07540002465248108,0.0,15.0,150.93286454478383
-865.1065063476562,895.0582275390625,-863.3256886935986,896.0433025753188,-871.0546968695527,891.7679333415261,0.07940000295639038,0.0,15.0,151.05043694692426
-864.361572265625,893.7021484375,-862.5691623786355,894.6867718361276,-870.3109719028695,890.4339684675401,0.07940000295639038,0.0,15.0,151.218714895388
-863.6178588867188,892.3442993164062,-861.813420842306,893.3326158341915,-869.5619622708854,889.0886289007965,0.07940000295639038,0.0,15.0,151.289849199874
-862.8744506835938,890.984619140625,-861.0582076371109,891.9776541231703,-868.8094153154437,887.7396638407223,0.07940000295639038,0.0,15.0,151.33226744673928
-862.13232421875,889.6222534179688,-860.3000977577054,890.6203288420018,-868.0584516866147,886.3940923193725,0.07940000295639038,0.0,15.0,151.42138281305174
-861.4146118164062,888.3036499023438,-859.567292778966,889.3091407633538,-867.3283012993077,885.0848443742268,0.07940000295639038,0.0,15.0,151.44066440098047
-860.697265625,886.9833374023438,-858.8339643239582,887.9956978031918,-866.5989776908971,883.7768460048544,0.07940000295639038,0.0,15.0,151.48408283510045
-859.9790649414062,885.6614990234375,-858.0998806881496,886.6825250708158,-865.8658494549145,882.4630046165274,0.07940000295639038,0.0,15.0,151.48323083222266
-859.26123046875,884.3383178710938,-857.3643116232267,885.3674088135818,-865.1339234260649,881.1523433394741,0.07940000295639038,0.0,15.0,151.51987788000582
-858.5426025390625,883.0143432617188,-856.6286637564399,884.053192387046,-864.3986958046073,879.8357685748055,0.07940000295639038,0.0,15.0,151.5077422621142
-857.823974609375,881.6884765625,-855.8922515679633,882.7354823669276,-863.6653605833319,878.5224093315757,0.07940000295639038,0.0,15.0,151.5420340947662
-857.1030883789062,880.3623046875,-855.1574050956306,881.4199476025759,-862.9252077581443,877.1974919119026,0.07940000295639038,0.0,15.0,151.47219068765543
-856.3807373046875,879.0352172851562,-854.4199316802507,880.1025094971421,-862.1872265446887,875.8746690555921,0.07940000295639038,0.0,15.0,151.43996780352302
-855.6572875976562,877.7066650390625,-853.6821351547704,878.7822143524969,-861.4478803879958,874.5534562209482,0.07940000295639038,0.0,15.0,151.42994468635047
-854.9321899414062,876.3773803710938,-852.9424517871191,877.4627419245595,-860.7070271648787,873.2273245276274,0.07940000295639038,0.0,15.0,151.38843441226237
-854.2051391601562,875.046630859375,-852.2030203524909,876.140482129242,-859.9647874265445,871.8998652698132,0.07940000295639038,0.0,15.0,151.3501535754398
-853.47705078125,873.715576171875,-851.46292923678,874.8173028732682,-859.2237268010305,870.5721380647601,0.07940000295639038,0.0,15.0,151.32129212351165
-852.7489013671875,872.3827514648438,-850.721064761478,873.4906001027571,-858.4836820559332,869.2497234107733,0.07940000295639038,0.0,15.0,151.3513170586232
-852.01953125,871.0487060546875,-849.9795719286604,872.164024437357,-857.7413593295739,867.9203789489131,0.07940000295639038,0.0,15.0,151.33300214809705
-851.2896118164062,869.714111328125,-849.2367449634617,870.8368697061715,-856.9985792199848,866.591750531482,0.07940000295639038,0.0,15.0,151.32477345317952
-850.559814453125,868.377685546875,-848.4927927142172,869.5064478291238,-856.2573512280445,865.2663662548714,0.07940000295639038,0.0,15.0,151.36186369492142
-849.8311767578125,867.0391235351562,-847.7473559228919,868.1734381184987,-855.5175334014074,863.9437915570779,0.08335000276565552,0.0,15.0,151.4386192301667
-849.1032104492188,865.6978759765625,-847.0011126160713,866.8387961520324,-854.776446631901,862.6187092893794,0.08335000276565552,0.0,15.0,151.50896466329212
-848.375732421875,864.3540649414062,-846.2543607639288,865.5024788393515,-854.033647581885,861.2911276296853,0.08335000276565552,0.0,15.0,151.5709057712816
-847.6492309570312,863.0076904296875,-845.5069281433033,864.1636734929182,-853.2907621204203,859.9635295231269,0.08335000276565552,0.0,15.0,151.64877402342157
-846.9220581054688,861.6582641601562,-844.7577746291153,862.8245436543566,-852.5444783282852,858.6284792519906,0.08335000276565552,0.0,15.0,151.68085717433317
-846.1954345703125,860.3070068359375,-844.0083539481545,861.4830850150237,-851.798149527667,857.2942094391578,0.08335000276565552,0.0,15.0,151.73135464157622
-845.46923828125,858.953369140625,-843.2585572271882,860.1393499856619,-851.0512766331241,855.9587306560638,0.08335000276565552,0.0,15.0,151.7874389594972
-844.7435913085938,857.5968627929688,-842.5063853252932,858.7936295842155,-850.303625843521,854.6225883009215,0.08335000276565552,0.0,15.0,151.8559747768465
-844.0177612304688,856.2382202148438,-841.7550970871399,857.4470073663472,-849.5544963032436,853.2803202379597,0.08335000276565552,0.0,15.0,151.88744945397795
-843.292236328125,854.877685546875,-841.0027496609293,856.0985876155554,-848.8038330104297,851.9385464430862,0.08335000276565552,0.0,15.0,151.93058156845254
-842.5679321289062,853.5145874023438,-840.2483907090386,854.7471131727091,-848.0562672967069,850.5982719303387,0.08335000276565552,0.0,15.0,152.01533620118198
-841.8416137695312,852.14990234375,-839.496127853496,853.3982266158919,-847.3004007701169,849.2446040161428,0.08335000276565552,0.0,15.0,151.977013220158
-841.1148071289062,850.7836303710938,-838.7412225905424,852.0462903971307,-846.5463481902823,847.8942494928777,0.08335000276565552,0.0,15.0,151.9886584560268
-840.3873291015625,849.416015625,-837.9871378392108,850.6927541288591,-845.7914994581821,846.5413645570056,0.08335000276565552,0.0,15.0,151.99005997248508
-839.658935546875,848.0465698242188,-837.2304998311301,849.3382287729062,-845.0361760617778,845.1864731845232,0.08335000276565552,0.0,15.0,151.99196676055354
-838.9296875,846.6752319335938,-836.474441491551,847.9808790454395,-844.2797448594497,843.8301862984368,0.08335000276565552,0.0,15.0,151.9969136563327
-838.22412109375,845.3505249023438,-835.7444975540473,846.6712237651784,-843.5469337394806,842.5154846247615,0.08335000276565552,0.0,15.0,151.9593105464032
-837.5194091796875,844.0238037109375,-835.0108036011057,845.3562948555436,-842.8191033047257,841.2087754932584,0.08335000276565552,0.0,15.0,152.02418743900043
-836.8125610351562,842.6959228515625,-834.2808169376685,844.0436029578782,-842.0851060159949,839.8892790097215,0.08335000276565552,0.0,15.0,151.9730501453059
-836.1047973632812,841.3668212890625,-833.5476184736439,842.7285519284928,-841.3522455973135,838.5724876317407,0.08335000276565552,0.0,15.0,151.9641248283947
-835.39599609375,840.0367431640625,-832.8153846479058,841.4119561193024,-840.6181667418587,837.2538380733647,0.08335000276565552,0.0,15.0,151.9467579724988
-834.6865234375,838.7050170898438,-832.0805398132271,840.0933462363926,-839.8856222057411,835.9352144370166,0.08335000276565552,0.0,15.0,151.9536881555777
-833.9755859375,837.3720092773438,-831.3465052772971,838.774185629452,-839.1495515598971,834.6125609453986,0.08335000276565552,0.0,15.0,151.92751306414706
-833.2639770507812,836.0377807617188,-830.6106494018453,837.4529293005543,-838.415003362593,833.2904881830631,0.08335000276565552,0.0,15.0,151.92683286960053
-832.5521240234375,834.7022094726562,-829.8743376118662,836.1294566583869,-837.6801454176325,831.9689989105277,0.08335000276565552,0.0,15.0,151.94260041505817
-831.8381958007812,833.3657836914062,-829.1385554104513,834.8079509203836,-836.9415552381984,830.6395325341416,0.08335000276565552,0.0,15.0,151.88854798655476
-831.1240234375,832.0279541015625,-828.3999272772395,833.4821558977761,-836.206090734503,829.3149987002106,0.08335000276565552,0.0,15.0,151.9054028217968
-830.4088134765625,830.6890869140625,-827.6620710039236,832.1563702972855,-835.4667146832255,827.9872047869802,0.08335000276565552,0.0,15.0,151.88929636856125
-829.6921997070312,829.3486328125,-826.9227292970303,830.8292061702917,-834.7268560238105,826.6570792283408,0.08335000276565552,0.0,15.0,151.8708070995082
-828.9744262695312,828.007080078125,-826.1828610358015,829.5006563815218,-833.9860325686752,825.3257111027868,0.08335000276565552,0.0,15.0,151.8518001521377
-828.2549438476562,826.6649780273438,-825.4433687828002,828.1722246899716,-833.2435621563681,823.9906484706065,0.08335000276565552,0.0,15.0,151.80485401057993
-827.5347900390625,825.321533203125,-824.7019885178369,826.8400569025907,-832.5027823466473,822.658440147962,0.08335000276565552,0.0,15.0,151.80645926512668
-826.81298828125,823.9765625,-823.960008727429,825.507663253471,-831.7580031257539,821.3227348747004,0.08335000276565552,0.0,15.0,151.77900052823338
-826.090576171875,822.63037109375,-823.2156601704622,824.1731488319039,-831.0145682586568,819.9879894135202,0.08335000276565552,0.0,15.0,151.78047960481234
-825.36767578125,821.2828369140625,-822.4712250047121,822.836671636289,-830.2700782667722,818.6528860562618,0.08335000276565552,0.0,15.0,151.78814878967253
-824.6430053710938,819.9342651367188,-821.7263588754957,821.5015583633417,-829.5229360933718,817.311978761267,0.08335000276565552,0.0,15.0,151.74813219803877
-823.9163818359375,818.5848388671875,-820.9808672904653,820.1655209723865,-828.7742792049013,815.9690141723794,0.08335000276565552,0.0,15.0,151.698935155259
-823.1871948242188,817.2348022460938,-820.2355715752045,818.8290444340757,-828.0236581899177,814.6225129097763,0.08335000276565552,0.0,15.0,151.62545883982136
-822.45751953125,815.8834838867188,-819.486577486835,817.4877120773683,-827.2761612464126,813.2815479470273,0.08335000276565552,0.0,15.0,151.6321558968305
-821.72607421875,814.5316772460938,-818.7377341193072,816.1486299168415,-826.52582298852,811.9345944730703,0.08335000276565552,0.0,15.0,151.58274570888008
-820.99365234375,813.1781616210938,-817.9877869192813,814.8047121754598,-825.7766284497075,810.589971087567,0.08335000276565552,0.0,15.0,151.58104784773957
-820.2597045898438,811.82421875,-817.2380152681345,813.4622214589913,-825.0258407995665,809.240583176727,0.08335000276565552,0.0,15.0,151.53868593308508
-819.5238647460938,810.468994140625,-816.487306108846,812.1177399040306,-824.2746092444569,807.8895050543223,0.08335000276565552,0.0,15.0,151.499578211078
-818.7862548828125,809.11376953125,-815.7356039003532,810.7741513148485,-823.5221698194465,806.5361469403105,0.08335000276565552,0.0,15.0,151.44181584021513
-818.0466918945312,807.7575073242188,-814.9822948821334,809.4285076662027,-822.7699479684823,805.1819394448224,0.08335000276565552,0.0,15.0,151.3965863853437
-817.3048706054688,806.4005737304688,-814.2279102168052,808.0827155334472,-822.0169210884087,803.8245454122944,0.07940000295639038,0.0,15.0,151.33503756786098
-816.56005859375,805.0448608398438,-813.4749965755562,806.7397560229888,-821.26183216243,802.4617641867462,0.07940000295639038,0.0,15.0,151.21614692820611
-815.8123168945312,803.6896362304688,-812.7214074301567,805.3950375927482,-820.5062080086972,801.0997938579392,0.07940000295639038,0.0,15.0,151.1123950113373
-815.0623168945312,802.3345947265625,-811.9654967726631,804.0486493032714,-819.7526710221754,799.7385372732725,0.07940000295639038,0.0,15.0,151.03597284945246
-814.3093872070312,800.9799194335938,-811.2104034549769,802.7023372558664,-818.9969860301286,798.3745479949035,0.07940000295639038,0.0,15.0,150.93465712010442
-813.5551147460938,799.6264038085938,-810.4552824825944,801.353844605506,-818.2432054173265,797.0138756468381,0.07940000295639038,0.0,15.0,150.87042614337017
-812.79931640625,798.2727661132812,-809.6986394601759,800.0040170206325,-817.4899824650922,795.6537509718509,0.07940000295639038,0.0,15.0,150.82336291289087
-812.04150390625,796.9192504882812,-808.9420807956427,798.6545696324597,-816.7344506065251,794.2917420904361,0.07940000295639038,0.0,15.0,150.75620910567878
-811.2822265625,795.565673828125,-808.1856753578037,797.3026579552126,-815.9799190397655,792.9305430882962,0.07940000295639038,0.0,15.0,150.7101236942821
-810.5213623046875,794.2120971679688,-807.4290069172223,795.9503531205386,-815.2227733007941,791.5693686890281,0.07940000295639038,0.0,15.0,150.6590539188236
-809.7596435546875,792.8579711914062,-806.6708967867498,794.5954434560715,-814.4685018232927,790.209158823598,0.07940000295639038,0.0,15.0,150.6415107892872
-808.9965209960938,791.503173828125,-805.9133547584173,793.2398421828427,-813.7099581055849,788.8482157626222,0.07940000295639038,0.0,15.0,150.60855596105614
-808.2596435546875,790.196533203125,-805.1832423867158,791.9314636637436,-812.9777113448603,787.5357880410007,0.07940000295639038,0.0,15.0,150.57925966644598
-807.5206909179688,788.8906860351562,-804.455424484215,790.6252586321863,-812.2433068638986,786.2182526975834,0.07940000295639038,0.0,15.0,150.4953517777029
-806.7806396484375,787.5838623046875,-803.7250374918833,789.3142427702529,-811.5083883943175,784.9065490757961,0.07940000295639038,0.0,15.0,150.47722224202587
-806.0387573242188,786.2772827148438,-802.9971511271082,788.0043216892857,-810.7714291628821,783.5900483429583,0.07940000295639038,0.0,15.0,150.41187633598017
-805.2955322265625,784.970458984375,-802.2688924677017,786.6917887841811,-810.0332710730681,782.2759820363624,0.07940000295639038,0.0,15.0,150.3719692130722
-804.5507202148438,783.6636352539062,-801.5399747812913,785.3795815677469,-809.2944741446801,780.9599768911118,0.07940000295639038,0.0,15.0,150.31942499815435
-803.8046875,782.3568115234375,-800.8119579893408,784.0652853363741,-808.5552712148543,779.6448230713959,0.07940000295639038,0.0,15.0,150.27904370858272
-803.0578002929688,781.0499877929688,-800.0832634682546,782.7500208191715,-807.8161525684038,778.3304531241304,0.07940000295639038,0.0,15.0,150.25079612445316
-802.31005859375,779.7431030273438,-799.3537399950476,781.4345778616752,-807.0759581208848,777.0162659683615,0.07940000295639038,0.0,15.0,150.2237179179845
-801.561279296875,778.4354248046875,-798.6237961167585,780.1174338433652,-806.3357697961669,775.7015415166916,0.07940000295639038,0.0,15.0,150.20445702734156
-800.8115234375,777.1273193359375,-797.8938985067258,778.7995899896156,-805.5954347787064,774.3853649259254,0.07940000295639038,0.0,15.0,150.18032007777884
-800.0613403320312,775.81884765625,-797.1633846513341,777.480326025102,-804.8551236215783,773.0704387369561,0.07940000295639038,0.0,15.0,150.1731567193066
-799.3098754882812,774.5103759765625,-796.432871259318,776.162660521156,-804.1129474481318,771.751936664608,0.07940000295639038,0.0,15.0,150.13093405977952
-798.5568237304688,773.201904296875,-795.7026160895105,774.844558176628,-803.3704848541759,770.4315455439923,0.07940000295639038,0.0,15.0,150.07870786023426
-797.8021850585938,771.8937377929688,-794.9719210389147,773.5264249734527,-802.6270628981046,769.1104228297013,0.07940000295639038,0.0,15.0,150.02075207603806
-797.0460205078125,770.585693359375,-794.2408446002216,772.2073313752932,-801.8844293148969,767.7886681757172,0.07940000295639038,0.0,15.0,149.96831635169914
-796.2880249023438,769.2776489257812,-793.5090970454975,770.8880033214779,-801.1411376232593,766.4653300008104,0.07940000295639038,0.0,15.0,149.90823748493312
-795.5289306640625,767.9697875976562,-792.7751250054096,769.5681206654491,-800.397876300854,765.1438086502613,0.07940000295639038,0.0,15.0,149.8687429164777
-794.7680053710938,766.6622314453125,-792.0416854566766,768.2487987035414,-799.6545712518417,763.8185206281868,0.07940000295639038,0.0,15.0,149.80296426805134
-794.0057983398438,765.3550415039062,-791.3067448365123,766.9288277554635,-798.9120758062888,762.4942490025771,0.07940000295639038,0.0,15.0,149.75404316301703
-793.2421875,764.048095703125,-790.5699293957908,765.6094192515191,-798.1682358336753,761.1699473491992,0.07940000295639038,0.0,15.0,149.70348458384896
-792.4773559570312,762.7412719726562,-789.8320139336116,764.2894846154787,-797.426033523613,759.8450093699364,0.07940000295639038,0.0,15.0,149.66127218320398
-791.71044921875,761.4344482421875,-789.0936561827456,762.9701076928154,-796.6806213699005,758.5177132424581,0.07940000295639038,0.0,15.0,149.5935485689705
-790.9415893554688,760.1283569335938,-788.354480817713,761.651316242445,-795.9347460301551,757.189023570772,0.07940000295639038,0.0,15.0,149.5158538088327
-790.1705932617188,758.8231811523438,-787.6149015568596,760.3328845574962,-795.1874635360971,755.8596053336968,0.07940000295639038,0.0,15.0,149.42871753362957
-789.3975219726562,757.5180053710938,-786.872478857503,759.013618731388,-794.4412178460374,754.5305637356539,0.07940000295639038,0.0,15.0,149.36123156930486
-788.6221923828125,756.2136840820312,-786.1297143424869,757.6952914075463,-793.6918608410729,753.2001137298889,0.07940000295639038,0.0,15.0,149.27141891311678
-787.8451538085938,754.91015625,-785.3860203209761,756.3760563497734,-792.9436852396973,751.870899629249,0.07940000295639038,0.0,15.0,149.2006475765691
-787.0659790039062,753.6066284179688,-784.6395419249002,755.0570145092078,-792.1945846249138,750.5410396481143,0.07940000295639038,0.0,15.0,149.1314184378555
-786.2844848632812,752.3043212890625,-783.8921314676604,753.7399351465649,-791.4425800686976,749.2090290263194,0.07940000295639038,0.0,15.0,149.03268955561293
-785.5016479492188,751.00244140625,-783.1428332574583,752.4208266494061,-790.6918047690923,747.8815341689458,0.07940000295639038,0.0,15.0,148.98097221328476
-784.7172241210938,749.7005615234375,-782.3907877847414,751.1023130374929,-789.9401849518856,746.5535623393148,0.07940000295639038,0.0,15.0,148.9297062543147
-783.93115234375,748.3989868164062,-781.6376144899186,749.7841438630414,-789.1863251337883,745.2251828134565,0.07940000295639038,0.0,15.0,148.87058307264994
-783.1438598632812,747.0977172851562,-780.8829441990868,748.4656136806743,-788.4319610973018,743.898316824667,0.07940000295639038,0.0,15.0,148.82527487594703
-782.3555297851562,745.797119140625,-780.1250155839074,747.1490981834393,-787.6749030627358,742.5728934494514,0.07940000295639038,0.0,15.0,148.7787369665015
-781.5662841796875,744.4967651367188,-779.3664111205509,745.8319708878427,-786.9181971119301,741.2484391040115,0.07940000295639038,0.0,15.0,148.74447981607943
-780.775146484375,743.196533203125,-778.6043495199813,744.5173739416347,-786.1576680984253,739.9214900091467,0.07940000295639038,0.0,15.0,148.6812057680431
-779.9824829101562,741.897216796875,-777.8413422384853,743.2034453717994,-785.3946983009366,738.5954298145344,0.07940000295639038,0.0,15.0,148.6142197533752
-779.1881713867188,740.5986328125,-777.0757414491718,741.890753662624,-784.6291772004693,737.2705048908912,0.07940000295639038,0.0,15.0,148.5469115374579
-778.3922119140625,739.300048828125,-776.3068351748971,740.5782683268774,-783.8624041224356,735.9471264465968,0.07940000295639038,0.0,15.0,148.49402830298013
-777.5957641601562,738.0015258789062,-775.5348157163753,739.2656065483726,-783.0949566245312,734.6286016736124,0.07940000295639038,0.0,15.0,148.47717044294203
-776.7988891601562,736.7029418945312,-774.7603694226086,737.9538778643292,-782.3255995691964,733.3114805718941,0.07940000295639038,0.0,15.0,148.46467455494215
-776.0010375976562,735.405029296875,-773.9835647379912,736.6452082398114,-781.5516414285373,731.992967539185,0.07940000295639038,0.0,15.0,148.42016662924848
-775.2026977539062,734.1079711914062,-773.2033672653466,735.338560000891,-780.7751829839501,730.6781040412028,0.07940000295639038,0.0,15.0,148.38768428433735
-774.4034423828125,732.81103515625,-772.4203680913844,734.0331330359738,-779.9940930900719,729.3657167407216,0.07940000295639038,0.0,15.0,148.3559544934793
-773.60302734375,731.5140991210938,-771.6355348183578,732.7283537673356,-779.2103686343726,728.0534810362321,0.07940000295639038,0.0,15.0,148.3188391150176
-772.8013916015625,730.2178955078125,-770.8474352486003,731.4263177303395,-778.4216548308817,726.7420497078465,0.07940000295639038,0.0,15.0,148.26532533252347
-771.9976196289062,728.922607421875,-770.0567572260798,730.1269810427789,-777.6273101906772,725.429185736456,0.07940000295639038,0.0,15.0,148.1789384400208
-771.1930541992188,727.6280517578125,-769.261570433535,728.8284675522134,-776.8316589201254,724.1236629114668,0.07940000295639038,0.0,15.0,148.1390780207993
-770.386962890625,726.3344116210938,-768.4645539757131,727.5323004882437,-776.0303914256169,722.8178859942177,0.07940000295639038,0.0,15.0,148.07219629273357
-769.5784301757812,725.0423583984375,-767.6656855315528,726.2393033794048,-775.2219862942478,721.5107703261939,0.07940000295639038,0.0,15.0,147.96275702740226
-768.7679443359375,723.7516479492188,-766.8637912093807,724.9473376152492,-774.4111113205405,720.208090263091,0.07940000295639038,0.0,15.0,147.8737362074299
-767.9551391601562,722.4623413085938,-766.0601784589612,723.6569631443168,-773.5954569951218,718.906570024356,0.07940000295639038,0.0,15.0,147.7718332878452
-767.1405639648438,721.1741333007812,-765.2510675792057,722.36892240164,-772.7769635897612,717.6100572373799,0.07940000295639038,0.0,15.0,147.6935210950472
-766.3236694335938,719.8875122070312,-764.4410157656993,721.0828365282409,-771.9528843427918,716.3134414126904,0.07940000295639038,0.0,15.0,147.58793936546124
-765.5045166015625,718.6021118164062,-763.6276807092771,719.7981713847995,-771.1236092080711,715.0212076439489,0.07940000295639038,0.0,15.0,147.49167887658643
-764.683349609375,717.3179931640625,-762.8128242110489,718.5141549925277,-770.2893007020016,713.7331048138464,0.07940000295639038,0.0,15.0,147.40193639031895
-763.8602294921875,716.0344848632812,-761.9941568925893,717.2312062993068,-769.4501760824029,712.4496249215035,0.07940000295639038,0.0,15.0,147.32774972648076
-763.0355834960938,714.7522583007812,-761.1731222940887,715.9500740519375,-768.6072333415033,711.1689299943586,0.07940000295639038,0.0,15.0,147.25347199698044
-762.2086181640625,713.4708251953125,-760.3482744232317,714.6713871074113,-767.7587175042514,709.8891011676765,0.07940000295639038,0.0,15.0,147.1640617963355
-761.379638671875,712.190673828125,-759.5205759457275,713.3945352730824,-766.9060858554531,708.6119475171039,0.07940000295639038,0.0,15.0,147.07437356867695
-760.5479736328125,710.911865234375,-758.6902370952268,712.1200323812412,-766.0489085638932,707.3343671735262,0.07940000295639038,0.0,15.0,146.96229330205213
-759.715087890625,709.6337280273438,-757.8560074817506,710.8451797851155,-765.1911721751924,706.0652906964041,0.07940000295639038,0.0,15.0,146.9101126609949
-758.8798217773438,708.3565673828125,-757.0198776502483,709.5729752862438,-764.3275786651743,704.793721360831,0.07940000295639038,0.0,15.0,146.81521800123443
-758.0428466796875,707.0805053710938,-756.1793944049899,708.3027525152526,-763.4652289668043,703.523939230412,0.07940000295639038,0.0,15.0,146.73894207399545
-757.2034912109375,705.8051147460938,-755.3356239501379,707.034388797133,-762.5988468992999,702.2543427597634,0.07940000295639038,0.0,15.0,146.6504302596761
-756.3623657226562,704.5309448242188,-754.4875735356122,705.7685627169977,-761.7310945920698,700.9868534010827,0.07940000295639038,0.0,15.0,146.56975965200584
-755.5191040039062,703.257080078125,-753.6347408300351,704.5044741469384,-760.8622242923167,699.7200885633591,0.07940000295639038,0.0,15.0,146.49658990195502
-754.6738891601562,701.984619140625,-752.7778567566336,703.2440328361345,-759.9919155110446,698.4521925813818,0.07940000295639038,0.0,15.0,146.40644123121956
-753.826171875,700.7131958007812,-751.9176876721199,701.9856712985395,-759.1189848372359,697.1842303534914,0.07940000295639038,0.0,15.0,146.30675893105214
-752.9766845703125,699.4424438476562,-751.0519415884065,700.7291188150995,-758.247043331126,695.9192520497215,0.07940000295639038,0.0,15.0,146.23759576592573
-752.125,698.172119140625,-750.1821010039907,699.4747286918821,-757.3704945392242,694.6552964432564,0.07940000295639038,0.0,15.0,146.16026759072994
-751.2709350585938,696.9031372070312,-749.3084874497016,698.2239264615754,-756.4907172427186,693.3900588508936,0.07940000295639038,0.0,15.0,146.05820018276196
-750.4141845703125,695.6355590820312,-748.4307269428768,696.976169382316,-755.6073729174199,692.1255058834399,0.07940000295639038,0.0,15.0,145.94541202963174
-749.5546875,694.3690795898438,-747.549361647595,695.729995187606,-754.7198625590843,690.863730424445,0.07940000295639038,0.0,15.0,145.8371994723529
-748.6920166015625,693.1041870117188,-746.6638635510924,694.4874100968059,-753.8271937740228,689.6019386930759,0.07940000295639038,0.0,15.0,145.70557437521
-747.826416015625,691.8406982421875,-745.7757212102855,693.2456039824573,-752.929451025567,688.3446718419654,0.08335000276565552,0.0,15.0,145.58543759423165
-746.957275390625,690.5789794921875,-744.883948853095,692.007199785068,-752.025220881224,687.0879024901495,0.08335000276565552,0.0,15.0,145.43881200758622
-746.0844116210938,689.3186645507812,-743.9885874942744,690.7701818561056,-751.1166941085984,685.8334269192347,0.08335000276565552,0.0,15.0,145.2944591147961
-745.2080078125,688.0596313476562,-743.0883264485103,689.535126049301,-750.2023601524642,684.5830991947794,0.07940000295639038,0.0,15.0,145.15850570014584
-744.3280639648438,686.8020629882812,-742.184150662077,688.3021987913287,-749.2818112090824,683.3358343909123,0.08335000276565552,0.0,15.0,145.0188058569478
-743.4448852539062,685.5460815429688,-741.2769152126705,687.0705507089073,-748.3574870830373,682.091647270079,0.08730000257492065,0.0,15.0,144.8859510029788
-742.5582275390625,684.2903442382812,-740.3634454105036,685.8400477466693,-747.4303851625123,680.8501851153176,0.08730000257492065,0.0,15.0,144.7746448871037
-741.6677856445312,683.0361328125,-739.4487471334545,684.6115648451098,-746.4959615953676,679.6083135051492,0.07940000295639038,0.0,15.0,144.6267126589081
-740.7743530273438,681.7825317382812,-738.5271042259794,683.3841300611972,-745.5610835341232,678.3710627690891,0.08335000276565552,0.0,15.0,144.52279670660914
-739.8771362304688,680.5306396484375,-737.6044045479526,682.1594805500506,-744.6228588914555,677.1294342895322,0.08730000257492065,0.0,15.0,144.37126222797679
-738.9765014648438,679.27978515625,-736.6767163734963,680.9356663316147,-743.6814779385954,675.8921286301116,0.08730000257492065,0.0,15.0,144.2455235540695
-738.072265625,678.0289916992188,-735.7424659472961,679.7132732697639,-742.73917279896,674.6551455184634,0.08730000257492065,0.0,15.0,144.13571298867532
-737.1644897460938,676.7782592773438,-734.8052381280299,678.4905933255314,-741.7957129136905,673.4169386560444,0.08730000257492065,0.0,15.0,144.02802647038823
-736.2529296875,675.5289306640625,-733.8646338551724,677.2715266998148,-740.8487094459266,672.1756661815718,0.08730000257492065,0.0,15.0,143.88401613804083
-735.3370971679688,674.27978515625,-732.9194612011739,676.0523165586616,-739.9002757625499,670.9342122640537,0.08730000257492065,0.0,15.0,143.75235252988946
-734.4174194335938,673.0314331054688,-731.9704765394905,674.8341288238645,-738.9497681186548,669.6923909118298,0.08730000257492065,0.0,15.0,143.62042634439356
-733.4938354492188,671.783935546875,-731.0161618057,673.6182795741623,-737.9964096659223,668.4504577325416,0.08730000257492065,0.0,15.0,143.48562794430143
-732.5667114257812,670.5364990234375,-730.0565422283042,672.4021155274827,-737.0414474739218,667.2107704506195,0.07940000295639038,0.0,15.0,143.37940460775533
-731.6362915039062,669.2906494140625,-729.0935953231465,671.1895745845261,-736.0804711037645,665.9716667656087,0.07940000295639038,0.0,15.0,143.24705071328168
-730.7031860351562,668.046142578125,-728.1270741196277,669.9776579760946,-735.1155243654495,664.7378626176776,0.07940000295639038,0.0,15.0,143.13819599447785
-729.7678833007812,666.8021850585938,-727.1559667448395,668.766024384596,-734.146413364066,663.5100701138033,0.07940000295639038,0.0,15.0,143.0613452946605
-728.8294067382812,665.5596313476562,-726.1826452683675,667.5586786195589,-733.1683207758263,662.282534273224,0.07940000295639038,0.0,15.0,142.93696115103103
-727.9230346679688,664.3641357421875,-725.2417859090988,666.3969403610275,-732.2211337162429,661.1055065050981,0.07940000295639038,0.0,15.0,142.8321994331166
-727.0142822265625,663.1693115234375,-724.2975816769782,665.2355637957485,-731.2677155990768,659.9342599560404,0.07940000295639038,0.0,15.0,142.74431880755188
-726.1024169921875,661.9759521484375,-723.3514320825403,664.0780242919589,-730.3063578270818,658.7636528402685,0.07940000295639038,0.0,15.0,142.61596863817923
-725.1878051757812,660.7838745117188,-722.4021448051986,662.9211496462833,-729.3393777978258,657.5986143744325,0.07940000295639038,0.0,15.0,142.50307147228753
-724.2704467773438,659.5927124023438,-721.4497693039059,661.7650214014097,-728.367020117993,656.4377883753937,0.07940000295639038,0.0,15.0,142.39878973622578
-723.3504028320312,658.4024047851562,-720.493438528808,660.6106849567688,-727.3904115489272,655.2796947349825,0.07940000295639038,0.0,15.0,142.29790051168175
-722.4286499023438,657.21240234375,-719.533092287022,659.4552454019944,-726.4123373823918,654.1267148880551,0.07940000295639038,0.0,15.0,142.23932778456157
-721.5043334960938,656.0235595703125,-718.5700416354689,658.3049496482108,-725.4283073464981,652.9726991128465,0.07940000295639038,0.0,15.0,142.13520009262044
-720.5774536132812,654.8355102539062,-717.604749395136,657.1547235216563,-724.4411883296514,651.8211421366293,0.07940000295639038,0.0,15.0,142.03973030057534
-719.6480712890625,653.6484985351562,-716.6356103280713,656.0071340273927,-723.4508629437014,650.6710659701014,0.07940000295639038,0.0,15.0,141.94048787857395
-718.7157592773438,652.4623413085938,-715.6636930371164,654.8612458994896,-722.4579787657196,649.5209806682242,0.07940000295639038,0.0,15.0,141.83287914018052
-717.7808227539062,651.2769165039062,-714.68766693782,653.7164675692347,-721.4630919239196,648.3727357219958,0.07940000295639038,0.0,15.0,141.73739444623223
-716.8428955078125,650.0926513671875,-713.7100420244301,652.5738429086572,-720.4648420526323,647.2241025575062,0.07940000295639038,0.0,15.0,141.62109546422752
-715.9024658203125,648.9088134765625,-712.7281542774514,651.4304567149829,-719.4670374289626,646.0771513118851,0.07940000295639038,0.0,15.0,141.53670135325717
-714.959228515625,647.7258911132812,-711.7432412621934,650.2902514153571,-718.4673408597649,644.928596434661,0.07940000295639038,0.0,15.0,141.43188166452896
-714.0137939453125,646.5436401367188,-710.7554898692198,649.1492741139348,-717.4677826688327,643.7815190563199,0.07940000295639038,0.0,15.0,141.3510152039097
-713.0657348632812,645.3615112304688,-709.7640096249414,648.00947168726,-716.4657360275233,642.6347341711868,0.07940000295639038,0.0,15.0,141.27063182332526
-712.115478515625,644.1799926757812,-708.7715391442497,646.8694126609523,-715.4636285477,641.4871861952887,0.07940000295639038,0.0,15.0,141.1914289445229
-711.1632080078125,642.9990844726562,-707.7768476616784,645.729805690373,-714.461041930816,640.3397499230025,0.07940000295639038,0.0,15.0,141.11770315815846
-710.2083129882812,641.8184814453125,-706.7805910685737,644.5908905562997,-713.4560128385771,639.191677735553,0.07940000295639038,0.0,15.0,141.03338467226803
-709.2508544921875,640.6386108398438,-705.7835832305402,643.4522823664828,-712.4504754748791,638.0421360400153,0.07940000295639038,0.0,15.0,140.94086061459086
-708.2913818359375,639.4592895507812,-704.7838326265069,642.312962750877,-711.4443480804216,636.8940980921699,0.07940000295639038,0.0,15.0,140.86887462796537
-707.3297119140625,638.2798461914062,-703.7820869686489,641.1724346120199,-710.4377129150809,635.7457091715323,0.07940000295639038,0.0,15.0,140.8076036882748
-706.36572265625,637.1007080078125,-702.7806304680573,640.0316540205624,-709.4300711474885,634.595489307537,0.07940000295639038,0.0,15.0,140.73272597477208
-705.3990478515625,635.921630859375,-701.777191644432,638.8910354876249,-708.421095851758,633.4439832650538,0.07940000295639038,0.0,15.0,140.6531424539971
-704.4296875,634.7425537109375,-700.7722549784652,637.7494562529716,-707.4108073013931,632.2916713894899,0.07940000295639038,0.0,15.0,140.57518657994905
-703.4578247070312,633.5634765625,-699.7665857821295,636.6060067106112,-706.4006971971116,631.137792813688,0.07940000295639038,0.0,15.0,140.50270250429227
-702.4839477539062,632.3843994140625,-698.7591193079745,635.4609789090044,-705.3893001256283,629.9846788196326,0.07940000295639038,0.0,15.0,140.4444712459233
-701.507568359375,631.205322265625,-697.7506988545172,634.316340045375,-704.3768706746098,628.8292880417504,0.07940000295639038,0.0,15.0,140.37225926453542
-700.529296875,630.0262451171875,-696.7408693328916,633.1694750915592,-703.364122023186,627.6742119111037,0.07940000295639038,0.0,15.0,140.31775983491193
-699.549072265625,628.84716796875,-695.7306615721732,632.0215998838984,-702.351059959629,626.5177382987166,0.07940000295639038,0.0,15.0,140.26159244465472
-698.5665283203125,627.66748046875,-694.7196258849895,630.8715075488324,-701.3367808973702,625.3601788345678,0.07940000295639038,0.0,15.0,140.20959439076478
-697.5817260742188,626.4874877929688,-693.7068412112388,629.7214022017092,-700.3206049461086,624.2016650754421,0.07940000295639038,0.0,15.0,140.15218677727398
-696.5950317382812,625.3068237304688,-692.6927047421127,628.5680426210839,-699.3040912620963,623.0428319882234,0.07940000295639038,0.0,15.0,140.11411348528458
-695.6060180664062,624.1260375976562,-691.6790304171124,627.4152399066172,-698.284632981213,621.8824587658808,0.07940000295639038,0.0,15.0,140.0508234778386
-694.61474609375,622.9441528320312,-690.6623213365161,626.2591358150014,-697.2649942685907,620.7213331352957,0.07940000295639038,0.0,15.0,140.01272152927024
-693.620849609375,621.7620849609375,-689.6465435877233,625.1037279235325,-696.2438093119943,619.5566697806074,0.07940000295639038,0.0,15.0,139.94248473408254
-692.6240844726562,620.5802612304688,-688.630802437244,623.948245991111,-695.2189198435601,618.3917441389938,0.07940000295639038,0.0,15.0,139.8552914824211
-691.625244140625,619.3980102539062,-687.6114696254583,622.7891005967407,-694.1948801120815,617.227019408636,0.07940000295639038,0.0,15.0,139.80676361471356
-690.624267578125,618.215576171875,-686.5925907217558,621.6285478564079,-693.1684692770423,616.0618102160477,0.07940000295639038,0.0,15.0,139.750784077361
-689.6212768554688,617.0317993164062,-685.5702924132199,620.4641183336516,-692.1421958981427,614.8958744580272,0.07940000295639038,0.0,15.0,139.7260531616795
-688.6161499023438,615.8477783203125,-684.5480533125573,619.301225128942,-691.1132551249639,613.7279613809802,0.07940000295639038,0.0,15.0,139.67174850735043
-687.609619140625,614.662353515625,-683.5224417818476,618.1327294719425,-690.0845936421441,612.5608807268004,0.07940000295639038,0.0,15.0,139.66579102605365
-686.6012573242188,613.475830078125,-682.496373577912,616.9643477927717,-689.0537233489644,611.3916124240703,0.07940000295639038,0.0,15.0,139.6405970203118
-685.5909423828125,612.28857421875,-681.4705281044712,615.7949086599068,-688.0216197591009,610.2201492439556,0.07940000295639038,0.0,15.002419471740723,139.60333053103517
-684.6179809570312,611.1456909179688,-680.4813149827587,614.6673246854389,-687.0284888925294,609.0935730541623,0.07940000295639038,0.0,15.021305084228516,139.5915261114704
-683.643310546875,610.0016479492188,-679.4900899928609,613.5399951017503,-686.0341061637978,607.9648033479256,0.07940000295639038,0.0,15.038536071777344,139.57057552095497
-682.6669311523438,608.857177734375,-678.5016182688715,612.4107220891777,-685.0377616057061,606.8345562868556,0.07940000295639038,0.0,15.059062004089355,139.53158228928015
-681.6889038085938,607.7112426757812,-677.5086483227396,611.2789877572899,-684.0421507939482,605.7028043432475,0.07940000295639038,0.0,15.075790405273438,139.5200598647426
-680.709716796875,606.56396484375,-676.5136523610922,610.1452523759766,-683.044290881449,604.5714356082964,0.07540002465248108,0.0,15.094361305236816,139.51966564240325
-679.729248046875,605.4158935546875,-675.51944304864,609.0111252129356,-682.0466482500781,603.4368017490386,0.07540002465248108,0.0,15.105942726135254,139.50221520563662
-678.7474365234375,604.2669067382812,-674.5230027511138,607.8766938119385,-681.0482792503794,602.3008320447574,0.07540002465248108,0.0,15.121665000915527,139.48604526689093
-677.7647705078125,603.1172485351562,-673.5262510453312,606.7401070691311,-680.0496760673527,601.1642341208116,0.07540002465248108,0.0,15.133610725402832,139.47795812922843
-676.7808837890625,601.9666137695312,-672.529289869126,605.6020738793007,-679.0502647502734,600.0261076643583,0.07540002465248108,0.0,15.148353576660156,139.46685373738532
-675.796630859375,600.8145751953125,-671.5283906672427,604.4611787099258,-678.0525363771616,598.8872251354542,0.07540002465248108,0.0,15.160907745361328,139.49082671365824
-674.8109130859375,599.6616821289062,-670.5290328528232,603.3226681930067,-677.0509635200807,597.7464502737836,0.07540002465248108,0.0,15.174144744873047,139.46972394784035
-673.8243408203125,598.5081176757812,-669.5283015261126,602.1822541388208,-676.0509897021086,596.60380272735,0.07145002484321594,0.0,15.183256149291992,139.46167761046718
-672.8370971679688,597.3545532226562,-668.5273158473979,601.0429507284888,-675.0492441240701,595.4613533805959,0.0675000250339508,0.0,15.193740844726562,139.4424235126973
-671.849853515625,596.2009887695312,-667.5260270222711,599.9014064166212,-674.0485728025418,594.3192805967334,0.06350001692771912,0.0,15.194592475891113,139.4424235126973
-670.8626098632812,595.0474243164062,-666.5243440382033,598.7601994339002,-673.0492243407318,593.1760756829267,0.05555000901222229,0.0,15.191628456115723,139.4424235126973
-669.8753662109375,593.8947143554688,-665.5241184909663,597.6213601179666,-672.0476643105355,592.0342398367247,0.05160000920295715,0.0,15.174647331237793,139.42144851824756
-668.889404296875,592.7433471679688,-664.524663713876,596.481049637104,-671.0497127902224,590.8933883362505,0.04765000939369202,0.0,15.15739631652832,139.42522978677985
-667.9036865234375,591.5943603515625,-663.5287595211261,595.3476177798403,-670.0505789119203,589.7525376650289,0.04765000939369202,0.0,15.138089179992676,139.37364980635192
-666.91796875,590.4476928710938,-662.5348929801563,594.215546902231,-669.0525343302079,588.6127413556652,0.04365000128746033,0.0,15.110812187194824,139.31642749920934
-665.93310546875,589.303955078125,-661.5420296722963,593.0850746176724,-668.0561240015577,587.4758411421953,0.04365000128746033,0.0,15.089651107788086,139.26852730816748
-664.9489135742188,588.1629638671875,-660.5516587282506,591.9559313643115,-667.0611687527862,586.3409827633894,0.04365000128746033,0.0,15.06478500366211,139.21972585195212
-663.9656372070312,587.0242309570312,-659.5602596088193,590.8281990712616,-666.0684807854491,585.2084615381369,0.04365000128746033,0.0,15.04210090637207,139.18995368610564
-662.9837036132812,585.8875122070312,-658.5699067236735,589.700289502994,-665.0778355492625,584.0785348344976,0.04365000128746033,0.0,15.017376899719238,139.17850899296587
-661.9633178710938,584.707763671875,-657.5423962976532,588.5314983123002,-664.0480750028551,582.9046197053592,0.04365000128746033,0.0,15.0,139.14288215700446
-660.9443969726562,583.530029296875,-656.5163071230072,587.3610062843356,-663.0203550911482,581.7340070730926,0.04365000128746033,0.0,15.0,139.13516747710565
-659.926513671875,582.3546752929688,-655.4919242829643,586.195130568394,-661.9949887324125,580.563328843128,0.04765000939369202,0.0,15.0,139.10669240156105
-658.9093017578125,581.1813354492188,-654.4692802041078,585.0305551336779,-660.969442511636,579.3953228710237,0.04765000939369202,0.0,15.0,139.0767674503144
-657.8933715820312,580.0096435546875,-653.4464569446689,583.8653967525255,-659.9451800439174,578.2305972532813,0.04765000939369202,0.0,15.0,139.0726657573448
-656.8777465820312,578.8400268554688,-652.4268440517297,582.7049236933447,-658.9210994392412,577.0657017735936,0.04765000939369202,0.0,15.0,139.03091019739992
-655.8634643554688,577.67236328125,-651.4071175064757,581.5433356264784,-657.9000283877019,575.9033171734851,0.04765000939369202,0.0,15.0,139.02103078035265
-654.8494262695312,576.5067749023438,-650.3902852539188,580.3861365210998,-656.8780232656532,574.7419369438388,0.04765000939369202,0.0,15.0,138.9773969830692
-653.8367919921875,575.3428344726562,-649.3723956466872,579.2268827038149,-655.8589969687491,573.5835055389314,0.04765000939369202,0.0,15.0,138.97655996418695
-652.8243408203125,574.1806640625,-648.3576291436723,578.0719414792379,-654.8399119581507,572.4247534467519,0.04765000939369202,0.0,15.0,138.93850818701682
-651.8133544921875,573.0203247070312,-647.3424372151126,576.9157680702141,-653.8232413491236,571.269140345436,0.04765000939369202,0.0,15.0,138.93484990733327
-650.803466796875,571.8615112304688,-646.3281865083812,575.7616475231802,-652.8081012157746,570.114503904275,0.04765000939369202,0.0,15.0,138.92836233076633
-649.7953491210938,570.7032470703125,-645.3123130665078,574.6051444467996,-651.7947797420302,568.9630038513628,0.04765000939369202,0.0,15.0,138.96468653516385
-648.788818359375,569.54638671875,-644.2995028526318,573.452332799878,-650.7817315057365,567.8124450337943,0.04765000939369202,0.0,15.0,138.97497603087936
-647.7841796875,568.390625,-643.287102421939,572.2996813894769,-649.7707107508734,566.6638452522642,0.04765000939369202,0.0,15.0,139.00140232995028
-646.7811889648438,567.2353515625,-642.2748188888957,571.147713114595,-648.7604945178088,565.5169487649581,0.04765000939369202,0.0,15.0,139.035984533114
-645.77880859375,566.0816650390625,-641.2675928410436,570.0012342014103,-647.7500368483137,564.368963651659,0.04765000939369202,0.0,15.0,139.01426064344685
-644.7774658203125,564.9298095703125,-640.2609741293393,568.8561323067531,-646.7414853690575,563.2224280147428,0.04765000939369202,0.0,15.0,138.99858084114987
-643.7775268554688,563.779296875,-639.2542127510537,567.7106207462272,-645.7338648024823,562.078995305455,0.04765000939369202,0.0,15.0,139.00528954337577
-642.7791748046875,562.62939453125,-638.2460693196924,566.5650636617205,-644.7289189907691,560.936615038058,0.04765000939369202,0.0,15.0,139.03529045869186
-641.7816162109375,561.48046875,-637.2413585767684,565.422562394967,-643.723591276725,559.7943425029096,0.04765000939369202,0.0,15.0,139.03374361451952
-640.7852783203125,560.3330688476562,-636.2368882945467,564.282636312979,-642.7209780913793,558.6522154478535,0.04765000939369202,0.0,15.0,139.0307785364518
-639.790283203125,559.1868896484375,-635.2330387225464,563.1430214724106,-641.7189798903715,557.5125931792169,0.04765000939369202,0.0,15.0,139.03883866114563
-638.7958984375,558.0421752929688,-634.232252012592,562.0065009423744,-640.7189459095588,556.3716719917275,0.04765000939369202,0.0,15.0,139.0199694008141
-637.802490234375,556.8992919921875,-633.2321947821108,560.8718489364359,-639.7188871092366,555.2335362893706,0.04765000939369202,0.0,15.0,139.00242991402456
-636.8102416992188,555.7578735351562,-632.232052074967,559.7377478050596,-638.7214964423566,554.0963972312585,0.05160000920295715,0.0,15.0,138.9991820589423
-635.8184204101562,554.6170654296875,-631.2315840994338,558.6048718632245,-637.7249557848062,552.9595190256395,0.05160000920295715,0.0,15.0,138.99622604285292
-634.8275146484375,553.4776611328125,-630.2335042840504,557.4729342346888,-636.7284904346027,551.8244394760527,0.05160000920295715,0.0,15.0,138.98749387927197
-633.8374633789062,552.3389892578125,-629.2341883377443,556.3414401820561,-635.7337778935142,550.6901836327345,0.05160000920295715,0.0,15.0,138.99372653085555
-632.8488159179688,551.2011108398438,-628.2350330623791,555.2098033622298,-634.7396270724136,549.5582765814253,0.05160000920295715,0.0,15.0,139.0142044047819
-631.8604125976562,550.06396484375,-627.2390256858629,554.080858174735,-633.7461604102529,548.424879444298,0.05160000920295715,0.0,15.0,139.0029450192876
-630.8733520507812,548.927734375,-626.242273751722,552.9508219476464,-632.753194744349,547.2946866719285,0.05160000920295715,0.0,15.0,139.0186611560772
-629.8863525390625,547.79296875,-625.2497344003939,551.8258190038947,-631.7604304982309,546.1629281584707,0.05160000920295715,0.0,15.0,138.9838182221955
-628.9007568359375,546.6583251953125,-624.2524828527685,550.6959975073197,-630.7694751735006,545.0350834677724,0.05160000920295715,0.0,15.0,139.0211439041027
-627.915771484375,545.52490234375,-623.260980957236,549.5700832552723,-629.7771017843326,543.907339156851,0.05160000920295715,0.0,15.0,139.0081812192746
-626.9315185546875,544.3919677734375,-622.2675297496116,548.443874005021,-628.7863169835784,542.7805854081591,0.05160000920295715,0.0,15.0,139.01705928539096
-625.9111938476562,543.2164306640625,-621.2376949419981,547.2728627100587,-627.7585649904277,541.6129777360402,0.05160000920295715,0.0,15.0,139.0431730382352
-624.890869140625,542.041748046875,-620.2109587379298,546.1066998395517,-626.7300497385492,540.444243003983,0.05160000920295715,0.0,15.0,139.02254752594882
-623.8716430664062,540.868408203125,-619.1848491213337,544.9396094145673,-625.7014501848689,539.2789393583888,0.05160000920295715,0.0,15.0,139.02066344639718
-622.8533935546875,539.6956787109375,-618.1579571838462,543.7725999649579,-624.6747306652654,538.1142606295505,0.05160000920295715,0.0,15.0,139.03309546495078
-621.8359375,538.5239868164062,-617.1334811547691,542.6074346090301,-623.648170087837,536.9503077395066,0.05160000920295715,0.0,15.0,139.03009950135743
-620.8191528320312,537.353759765625,-616.1110000833871,541.4445706267142,-622.6229604456131,535.7864708158174,0.05160000920295715,0.0,15.0,139.01333823371334
-619.802978515625,536.1842041015625,-615.087550270097,540.2812276304111,-621.5971715900725,534.6253104319833,0.05160000920295715,0.0,15.0,139.01409190020885
-618.787841796875,535.0158081054688,-614.0652441057982,539.118939526771,-620.5742684426576,533.4637082270455,0.05160000920295715,0.0,15.0,139.0149306103551
-617.7730102539062,533.8486328125,-613.045307857144,537.9592591656332,-619.5500358652536,532.3035507207846,0.05160000920295715,0.0,15.0,138.99380619149684
-616.759521484375,532.681884765625,-612.0222397441345,536.7968964467661,-618.5288592081183,531.1449600479666,0.05160000920295715,0.0,15.0,139.02098015041008
-615.746826171875,531.5166015625,-611.0030991754509,535.6391617094029,-617.5082105640087,529.9858614706143,0.05160000920295715,0.0,15.0,139.00756029262737
-614.73486328125,530.3521118164062,-609.983300002917,534.4813072225995,-616.4880831043654,528.8285317195849,0.05160000920295715,0.0,15.0,139.0087618564898
-613.722900390625,529.1893310546875,-608.9669646274713,533.3284006548706,-615.4692852563995,527.669460125364,0.05160000920295715,0.0,15.0,138.96709484501218
-612.7110595703125,528.0277709960938,-607.9502069498438,532.1749737044186,-614.4504753262884,526.5125571658921,0.05160000920295715,0.0,15.0,138.94071330523494
-611.7006225585938,526.8671875,-606.9311509379543,531.019625190228,-613.4359313751515,525.3563782726471,0.05160000920295715,0.0,15.0,138.95624238781068
-610.6904296875,525.7078247070312,-605.9154337500621,529.8684436994257,-612.4194538470005,524.201266198798,0.05160000920295715,0.0,15.0,138.9332371846073
-609.6804809570312,524.54931640625,-604.8992204562335,528.7174591546142,-611.4049011310498,523.0460246608476,0.05160000920295715,0.0,15.0,138.9191723816673
-608.6715698242188,523.3924560546875,-603.884275837581,527.5675098480358,-610.392136550903,521.8919301502825,0.05160000920295715,0.0,15.0,138.90794534088113
-607.6630249023438,522.2365112304688,-602.8701386087508,526.4182342947979,-609.3800165888766,520.7384611418544,0.05160000920295715,0.0,15.0,138.89577884356382
-606.6547241210938,521.081298828125,-601.8561510463836,525.2696238238566,-608.3681282999636,519.5857930937282,0.05160000920295715,0.0,15.0,138.88466041156036
-605.646240234375,519.927734375,-600.8456696741655,524.1245506377694,-607.3570364002951,518.4321002453969,0.05160000920295715,0.0,15.0,138.83898034691646
-604.6393432617188,518.7749633789062,-599.8307970630036,522.9750262073175,-606.3495347681576,517.2811830388987,0.05160000920295715,0.0,15.0,138.86415422368145
-603.6324462890625,517.623291015625,-598.8208573755965,521.8300206942221,-605.3399404190989,516.1304439827558,0.05160000920295715,0.0,15.0,138.83708509990623
-602.6255493164062,516.4729614257812,-597.8116549052829,520.6866196260413,-604.33223374613,514.9790805409108,0.05160000920295715,0.0,15.0,138.80396083977703
-601.6197509765625,515.3231811523438,-596.7999849399207,519.5393890575258,-603.3264301905037,513.8302218803118,0.05160000920295715,0.0,15.0,138.8213967859505
-600.614501953125,514.1744995117188,-595.790741297853,518.3959308609393,-602.3204153124499,512.6815987132022,0.05160000920295715,0.0,15.0,138.80976445028398
-599.6096801757812,513.0261840820312,-594.781434842329,517.2510912216413,-601.315530931247,511.5334966690817,0.05160000920295715,0.0,15.0,138.8127812470984
-598.6060791015625,511.8793029785156,-593.7728285890346,516.108734775301,-600.3114238365146,510.38700721859345,0.05160000920295715,0.0,15.0,138.81180825923312
-597.6027221679688,510.733154296875,-592.7664392345284,514.9669139231936,-599.3081266714212,509.2402158495947,0.05160000920295715,0.0,15.0,138.80057701048526
-596.59912109375,509.5883483886719,-591.762155346372,513.8287038805887,-598.3042364298943,508.09354864073265,0.05160000920295715,0.0,15.0,138.76037754615697
-595.5961303710938,508.4447937011719,-590.7567758206071,512.6893023117689,-597.3014245702208,506.949111614587,0.05160000920295715,0.0,15.0,138.74659656756293
-594.5941772460938,507.3024597167969,-589.7510373716234,511.5504285231286,-596.2997748120905,505.8064621936401,0.05160000920295715,0.0,15.0,138.7456594106162
-593.5924682617188,506.1612548828125,-588.7471385812817,510.4143128165113,-595.2974083512236,504.66471915616705,0.05160000920295715,0.0,15.0,138.72449067341182
-592.5921020507812,505.0205078125,-587.7406809546327,509.27491079622797,-594.298476042827,503.52412098908485,0.05160000920295715,0.0,15.0,138.75119585836532
-591.591796875,503.8807373046875,-586.7380871515946,508.14053427678186,-593.296876614277,502.3842956292558,0.05160000920295715,0.0,15.0,138.7286025196454
-590.59228515625,502.7420654296875,-585.7350233085158,507.00570822656226,-592.2963065818763,501.2462970513612,0.05160000920295715,0.0,15.0,138.72374959352956
-589.5934448242188,501.6047668457031,-584.7334489970189,505.8730917289578,-591.2967306261656,500.1088443325488,0.05555000901222229,0.0,15.0,138.70855646334024
-588.5933227539062,500.46795654296875,-583.7335417816086,504.74340531009284,-590.2949060148218,498.9709689016511,0.07940000295639038,0.0,15.0,138.65992112722128
-587.592529296875,499.3291015625,-582.7268080509899,503.60495939350795,-589.2944541655107,497.8334982573379,0.08730000257492065,0.0,15.0,138.69191102887484
-586.5894775390625,498.1876220703125,-581.7194051307554,502.46709859464784,-588.2895523969404,496.693716059492,0.08730000257492065,0.0,15.0,138.6932718326593
-585.583984375,497.0434265136719,-580.7103796947291,501.3262400256759,-587.2828463990112,495.5505050092012,0.08730000257492065,0.0,15.0,138.69172567013484
-584.5763549804688,495.8968200683594,-579.6985536688279,500.18339634078984,-586.2746963533986,494.404330037182,0.08730000257492065,0.0,15.0,138.6912295402012
-583.5667114257812,494.7474060058594,-578.6844101475136,499.0360119821286,-585.2634610137217,493.2569837626717,0.08730000257492065,0.0,15.0,138.7039776190352
-582.5545043945312,493.5956726074219,-577.6697043352152,497.8887051555775,-584.2500345872216,492.1055468673277,0.09130001068115234,0.0,15.0,138.68920555655038
-581.5404663085938,492.4410705566406,-576.6506499822337,496.7355891613953,-583.2340063295916,490.9537060744892,0.09525001049041748,0.0,15.0,138.70853223749455
-580.5234985351562,491.28363037109375,-575.6319623183095,495.5815066304921,-582.2158370726787,489.7966820381278,0.09525001049041748,0.0,15.0,138.69631996210575
-579.503662109375,490.12322998046875,-574.6100023865088,494.42410102556505,-581.1952918339979,488.6365141657873,0.09525001049041748,0.0,15.0,138.68886116472316
-578.4811401367188,488.95965576171875,-573.5847565965249,493.26248378568374,-580.1718253121609,487.4739209346005,0.09525001049041748,0.0,15.0,138.69174570735024
-577.4562377929688,487.7931213378906,-572.5572600290837,492.0973010428564,-579.1461882103386,486.3083523433335,0.09525001049041748,0.0,15.0,138.69787076996272
-576.4287109375,486.62384033203125,-571.5291554372212,490.92941344163285,-578.117448376957,485.13983173000815,0.09130001068115234,0.0,15.0,138.6920252128468
-575.437255859375,485.4956970214844,-570.5366384712507,489.80254522949105,-577.1259348715121,484.01162193434425,0.09130001068115234,0.0,15.0,138.689769455134
-574.4434204101562,484.3655090332031,-569.5430471897038,488.6746723506211,-576.132423294562,482.8802774100039,0.09130001068115234,0.0,15.0,138.67308549291008
-573.4475708007812,483.2333068847656,-568.5478508786649,487.54294732946914,-575.137334152953,481.7470438737665,0.09130001068115234,0.0,15.0,138.66615146368974
-572.4498291015625,482.09906005859375,-567.5493825106254,486.4097442904149,-574.140187229621,480.61213432773724,0.09130001068115234,0.0,15.0,138.66348421447373
-571.4501953125,480.96258544921875,-566.5501362510656,485.27263739917424,-573.1415982855457,479.4748412014989,0.09130001068115234,0.0,15.0,138.66540513317355
-570.4489135742188,479.8236999511719,-565.5470770927774,484.1332809945034,-572.1405386220023,478.3364624094966,0.09130001068115234,0.0,15.0,138.67881408346275
-569.446044921875,478.6827087402344,-564.5429231482516,482.9922836767063,-571.1376899259981,477.19584562571924,0.09130001068115234,0.0,15.0,138.6863030474397
-568.44140625,477.5395812988281,-563.5367668963311,481.85002840018916,-570.132949521929,476.0529668369801,0.09130001068115234,0.0,15.0,138.68934605444485
-567.4349365234375,476.3943786621094,-562.5291091483058,480.70590098881206,-569.1265339290862,474.90770589021,0.09130001068115234,0.0,15.0,138.68914091335705
-566.4262084960938,475.24755859375,-561.5200921601166,479.5629147599435,-568.1174570899759,473.7599583110873,0.09130001068115234,0.0,15.0,138.6655612668807
-565.4156494140625,474.0992126464844,-560.509366452021,478.41680423821,-567.1059465486182,472.61172960644404,0.09130001068115234,0.0,15.0,138.65181088493034
-564.4035034179688,472.9488525390625,-559.4951353244746,477.2674872701628,-566.092966516913,471.46237600000995,0.09130001068115234,0.0,15.0,138.6570201963248
-563.3899536132812,471.796630859375,-558.4783319559742,476.1171303424368,-565.0790080116911,470.3108570835516,0.09130001068115234,0.0,15.0,138.66358227361272
-562.3745727539062,470.64263916015625,-557.4604479734085,474.966507560662,-564.0613517210708,469.158466372419,0.09130001068115234,0.0,15.0,138.65591193474955
-561.3580322265625,469.4866943359375,-556.4390087109466,473.81249488784533,-563.0437198065677,468.0042968152138,0.09130001068115234,0.0,15.0,138.67152864359542
-560.34033203125,468.3290710449219,-555.4168106123255,472.6574814600826,-562.0239437421839,466.84895918094526,0.09130001068115234,0.0,15.0,138.68036002446863
-559.3211059570312,467.1693420410156,-554.3911126550076,471.50205916908743,-561.0024134985756,465.69172746092784,0.09130001068115234,0.0,15.0,138.68942681090556
-558.30029296875,466.0084228515625,-553.366786663491,470.34652610623283,-559.9787271252846,464.5325514881366,0.09130001068115234,0.0,15.0,138.67436771643708
-557.2779541015625,464.84552001953125,-552.3385176963748,469.18791018312197,-558.9534048888075,463.3725865871923,0.09130001068115234,0.0,15.0,138.6804357739453
-556.25439453125,463.68170166015625,-551.3103130359929,468.02994199346136,-557.9268086069859,462.2108403191613,0.08730000257492065,0.0,15.0,138.66889034731196
-555.2293701171875,462.5168151855469,-550.2804326903738,466.87155858477195,-556.898630226934,461.04797474211693,0.08730000257492065,0.0,15.0,138.65432076946908
-554.2028198242188,461.3510437011719,-549.2500678776194,465.71231778441035,-555.8689887269205,459.8838554930807,0.08730000257492065,0.0,15.0,138.63363162494076
-553.1754150390625,460.1846618652344,-548.2184239978187,464.5510161403394,-554.8396677501296,458.7187086530212,0.08730000257492065,0.0,15.0,138.62486109463336
-552.14697265625,459.01763916015625,-547.1853208576481,463.39011021512044,-553.8086527022989,457.553278459551,0.08730000257492065,0.0,15.0,138.61178486260178
-551.1170654296875,457.8498229980469,-546.1519607597124,462.2285919739874,-552.7765961975811,456.3862683855904,0.08730000257492065,0.0,15.0,138.5906489210132
-550.0869750976562,456.6808776855469,-545.1158125124217,461.06153301924587,-551.7453927479772,455.21945774588175,0.08730000257492065,0.0,15.0,138.61306376646326
-549.0554809570312,455.5111389160156,-544.0810379053067,459.8976814453213,-550.711867771648,454.05051083529435,0.08730000257492065,0.0,15.0,138.59364263422142
-548.0636596679688,454.3853759765625,-543.0822867969831,458.77407229001733,-549.7182822660639,452.927617988054,0.08730000257492065,0.0,15.008149147033691,138.6192568664304
-547.0704956054688,453.2589111328125,-542.0866429148525,457.65299712011785,-548.7229081819937,451.80203762581135,0.08730000257492065,0.0,15.020344734191895,138.59852006487586
-546.0771484375,452.1314392089844,-541.0877397085102,456.5273047964419,-547.7284765094747,450.67655414354175,0.08730000257492065,0.0,15.02879524230957,138.61867816639364
-545.0824584960938,451.0038146972656,-540.0914233455194,455.4064615091146,-546.7317588206794,449.5489488033673,0.08730000257492065,0.0,15.040514945983887,138.58413069608326
-544.0869750976562,449.87579345703125,-539.0936330803618,454.28243838856133,-545.7349659171662,448.42143475961996,0.08730000257492065,0.0,15.048454284667969,138.5714643380718
-543.090576171875,448.7471618652344,-538.0949685778686,453.1574743856981,-544.7379383050168,447.2928078742905,0.08730000257492065,0.0,15.055622100830078,138.560710037342
-542.0941772460938,447.61798095703125,-537.0946891062367,452.0295722050065,-543.7416966422403,446.1641957003035,0.08335000276565552,0.0,15.059532165527344,138.57454190857467
-541.0977783203125,446.4885559082031,-536.0943428645143,450.90267592311335,-542.7447020062946,445.03561045311613,0.08335000276565552,0.0,15.06634521484375,138.58068697861825
-540.0999755859375,445.3594970703125,-535.098571599402,449.7794744939891,-541.7454718429273,443.90529414524997,0.08335000276565552,0.0,15.066505432128906,138.53144525392156
-539.10205078125,444.2303771972656,-534.0994402568878,448.6517227511089,-540.7478152256298,442.77583795752344,0.08335000276565552,0.0,15.069618225097656,138.52950416267595
-538.103759765625,443.1016540527344,-533.1015593866456,447.52581397262776,-539.749911968761,441.6457266513126,0.08335000276565552,0.0,15.072108268737793,138.50908067207797
-537.1046752929688,441.9725341796875,-532.1029268152809,446.39825491977626,-538.7511206576174,440.5157021477983,0.08335000276565552,0.0,15.075031280517578,138.49648221272224
-536.1047973632812,440.8443908691406,-531.1075611376914,445.2734613291516,-537.7520908216011,439.384388086432,0.08335000276565552,0.0,15.077027320861816,138.44930043049456
-535.1053466796875,439.71551513671875,-530.1057584048606,444.1419030689342,-536.7552789403388,438.25474680019556,0.08335000276565552,0.0,15.078818321228027,138.47991197370206
-534.1044921875,438.5876770019531,-529.1118890950561,443.01816137622023,-535.7550663462639,437.12294149553156,0.08335000276565552,0.0,15.08000659942627,138.41383951602373
-533.103515625,437.45965576171875,-528.1126626615232,441.8884082223426,-534.7566762249553,435.9926842583631,0.08335000276565552,0.0,15.078177452087402,138.41498808298027
-532.1021118164062,436.3321838378906,-527.1161436329173,440.76064668734267,-533.7584248051825,434.86107125394955,0.08335000276565552,0.0,15.07937240600586,138.3889931485771
-531.1001586914062,435.2052917480469,-526.1201483587892,439.63316639573367,-532.7594097027188,433.7300025425165,0.08335000276565552,0.0,15.079733848571777,138.35875689978096
-530.09765625,434.07891845703125,-525.1240342099878,438.5055754787441,-531.761264169914,432.59826278580806,0.08335000276565552,0.0,15.076764106750488,138.33005983425699
-529.0951538085938,432.9529724121094,-524.1272392112382,437.37622744729373,-530.7634197707481,431.46760754270247,0.08335000276565552,0.0,15.07514476776123,138.31926441289562
-528.0926513671875,431.82763671875,-523.1310676733391,436.247650938219,-529.765480892812,430.33740078880385,0.08335000276565552,0.0,15.075687408447266,138.30383445272292
-527.0901489257812,430.7023010253906,-522.1349117528976,435.11666146279345,-528.7694056168024,429.20633947149116,0.08335000276565552,0.0,15.072223663330078,138.30383445272292
-526.0875244140625,429.57769775390625,-521.139590041237,433.98896029453766,-527.7715626915532,428.0763166904703,0.08335000276565552,0.0,15.069143295288086,138.2818409503699
-525.0848388671875,428.45318603515625,-520.1446621047519,432.8581591057865,-526.7753633970949,426.94580777976546,0.08335000276565552,0.0,15.067811965942383,138.27779144819854
-524.0823364257812,427.3291931152344,-519.1494304154162,431.7289097246257,-525.779460432642,425.8155083489946,0.08335000276565552,0.0,15.064162254333496,138.26985567373796
-523.079833984375,426.20538330078125,-518.1546565486997,430.5989224389193,-524.7833315551804,424.6857663231584,0.08335000276565552,0.0,15.058917045593262,138.2652186997369
-522.0773315429688,425.0816955566406,-517.1593384870835,429.4693024083239,-523.7875780478256,423.5558924094,0.08335000276565552,0.0,15.055030822753906,138.26212691623712
-521.0748291015625,423.9586486816406,-516.165810693349,428.3407479944073,-522.79214571306,422.4256636086055,0.08335000276565552,0.0,15.050328254699707,138.24588891482492
-520.0726928710938,422.83563232421875,-515.1698706508492,427.21072067086914,-521.7973055536349,421.29665487186173,0.08335000276565552,0.0,15.047220230102539,138.25551501800769
-519.0708618164062,421.71337890625,-514.1766681661193,426.08240564121553,-520.8024349931529,420.1676105849839,0.08335000276565552,0.0,15.04079818725586,138.24484039732158
-518.0689086914062,420.5919189453125,-513.1838306600793,424.9564253653769,-519.8080119685256,419.0381408133221,0.08335000276565552,0.0,15.035527229309082,138.221239209915
-517.0665893554688,419.47137451171875,-512.1922418291398,423.83144505354426,-518.8125427255642,417.90963115730364,0.08335000276565552,0.0,15.029535293579102,138.18758518356518
-516.0654296875,418.35150146484375,-511.1972427874955,422.70363083702455,-517.8208816017748,416.78213816912495,0.08335000276565552,0.0,15.025138854980469,138.2034802889596
-515.064453125,417.2319030761719,-510.20375386991594,421.5776096089152,-516.8289010550697,415.6543989982619,0.08335000276565552,0.0,15.016068458557129,138.2017044365505
-514.0634765625,416.1131286621094,-509.2114075423452,420.4543142557012,-515.8363998115327,414.5268798195487,0.08335000276565552,0.0,15.011411666870117,138.1807438261412
-513.0634765625,414.99468994140625,-508.216719196374,419.32819277567773,-514.8455962387666,413.40129046115027,0.08335000276565552,0.0,15.001673698425293,138.19998944633133
-512.0240478515625,413.83245849609375,-507.1843519004987,418.1607865103053,-513.8162033464718,412.2296642476795,0.08335000276565552,0.0,15.0,138.19249784713836
-510.9848327636719,412.6708068847656,-506.15197199079,416.99429060731774,-512.7866067738788,411.05893744119345,0.08335000276565552,0.0,15.0,138.18414225498813
-509.9462890625,411.5096130371094,-505.11829478850655,415.827654381085,-511.75897120868365,409.8883939538827,0.08335000276565552,0.0,15.0,138.19132029468287
-508.9086608886719,410.3487854003906,-504.0846645383458,414.66080758629516,-510.7318427146323,408.7190991586197,0.08335000276565552,0.0,15.0,138.2074486128688
-507.87188720703125,409.1879577636719,-503.0492598074122,413.4952063216207,-509.70537687201033,407.55040730391227,0.08335000276565552,0.0,15.0,138.23090116539024
-506.8363037109375,408.0276794433594,-502.0151465236165,412.33070805973364,-508.67937031709744,406.3826867496868,0.08335000276565552,0.0,15.0,138.25012364641688
-505.80157470703125,406.8676452636719,-500.9817757987838,411.1668166249009,-507.65394228020733,405.21536769511175,0.08335000276565552,0.0,15.0,138.26762919426184
-504.76776123046875,405.7080993652344,-499.9485517953326,410.00475003437515,-506.6289259640123,404.04874531445216,0.08335000276565552,0.0,15.0,138.2808402844119
-503.7350769042969,404.5486145019531,-498.91514165476826,408.841444656946,-505.60543512468814,402.88279748295486,0.08335000276565552,0.0,15.0,138.31044219800103
-502.7035827636719,403.3893737792969,-497.88133599561263,407.68021621494165,-504.5823054712725,401.71768348505947,0.08335000276565552,0.0,15.0,138.337264124526
-501.67327880859375,402.2304992675781,-496.84963019784306,406.5189914134557,-503.56049487339465,400.552659125277,0.08335000276565552,0.0,15.0,138.36112301846418
-500.6438293457031,401.072021484375,-495.8188815599854,405.3595788104627,-502.53819108299007,399.38864895773185,0.08335000276565552,0.0,15.0,138.37498691863158
-499.61590576171875,399.91357421875,-494.78708444546976,404.19832628395585,-501.51766365078976,398.2260897356736,0.08335000276565552,0.0,15.0,138.41643356941094
-498.5894470214844,398.7550354003906,-493.75569370350723,403.0377130826118,-500.4971129550178,397.0648543379246,0.08335000276565552,0.0,15.0,138.45924126883367
-497.56451416015625,397.5963439941406,-492.7253767504094,401.8768546848894,-499.47905795039316,395.9028138320276,0.08335000276565552,0.0,15.0,138.50528996011266
-496.5410461425781,396.4374694824219,-491.6959530219864,400.7164468876277,-498.4595239898242,394.7431525402221,0.08335000276565552,0.0,15.0,138.5504453178967
-495.5189514160156,395.27862548828125,-490.667268730062,399.557785852697,-497.4421690992098,393.5823569120418,0.08335000276565552,0.0,15.0,138.5878641970747
-494.49810791015625,394.12017822265625,-489.6417533163008,398.39968079165146,-496.4240537003538,392.4230019152827,0.08335000276565552,0.0,15.0,138.61294700672622
-493.4783630371094,392.9618225097656,-488.6164585007669,397.2419431747782,-495.4066674521702,391.26426232246797,0.08335000276565552,0.0,15.0,138.64130155445505
-492.45928955078125,391.8041687011719,-487.59419555086373,396.08687244818634,-494.38926773502544,390.1052241789368,0.08335000276565552,0.0,15.0,138.64279261482656
-491.4411926269531,390.6467590332031,-486.57149524576494,394.93031053702157,-493.37245186303574,388.9479576996865,0.08335000276565552,0.0,15.0,138.66404236877653
-490.42401123046875,389.4898986816406,-485.5502897430159,393.7751685692182,-492.3567718191322,387.79049899870455,0.08335000276565552,0.0,15.0,138.67611615876632
-489.407958984375,388.3331604003906,-484.52972627897725,392.6180875767708,-491.3416627199608,386.63463960647454,0.08335000276565552,0.0,15.0,138.70467356460506
-488.3926086425781,387.1770935058594,-483.51032204467685,391.46510779757506,-490.3268020192958,385.47833029808857,0.08335000276565552,0.0,15.0,138.707811897919
-487.37847900390625,386.0210266113281,-482.49013907774685,390.3091957704592,-489.3123233993737,384.32461187330534,0.08335000276565552,0.0,15.0,138.74198358643412
-486.3655700683594,384.8649597167969,-481.4703125335658,389.1540282146939,-488.2994157246134,383.17058584063597,0.08335000276565552,0.0,15.0,138.77619106854837
-485.3536376953125,383.7088928222656,-480.45198157200423,387.9994269913375,-487.28684398197805,382.0167121755325,0.08335000276565552,0.0,15.0,138.80358284703115
-484.3430480957031,382.5528259277344,-479.43307200996196,386.8449398097712,-486.2751030067193,380.86389719170404,0.08335000276565552,0.0,15.0,138.84128400994967
-483.3338928222656,381.3966979980469,-478.4143008339726,385.6908873093359,-485.2641247996746,379.7118465824371,0.08335000276565552,0.0,15.0,138.88310224465295
-482.3257141113281,380.2406311035156,-477.3966396046812,384.5391608907916,-484.2526529034148,378.5601931663588,0.08335000276565552,0.0,15.0,138.90908373200506
-481.318603515625,379.0845642089844,-476.3795358145858,383.38724551414236,-483.24185619072114,377.40911778242696,0.08335000276565552,0.0,15.0,138.93916639233595
-480.3126525878906,377.9286193847656,-475.36233807499,382.2365875269258,-482.2320375275726,376.25829133770037,0.07940000295639038,0.0,15.0,138.96886263989455
-479.30804443359375,376.7733459472656,-474.3464068733397,381.0879102658942,-481.22242968553326,375.10862574152287,0.07940000295639038,0.0,15.0,138.99027609062392
-478.304931640625,375.6183776855469,-473.32936176666254,379.93975859124754,-480.2146294018475,373.9597673856107,0.07940000295639038,0.0,15.0,139.0250387522481
-477.3033142089844,374.4638977050781,-472.3142643336339,378.7923567576522,-479.2075458163754,372.81180186616245,0.07940000295639038,0.0,15.0,139.05535867162413
-476.3031311035156,373.3101501464844,-471.299370005539,377.64790780995276,-478.20094801216806,371.6649337426285,0.07940000295639038,0.0,15.0,139.07800158829102
-475.30450439453125,372.15679931640625,-470.2845601462573,376.5033088720453,-477.1950871368558,370.51984170316865,0.07940000295639038,0.0,15.0,139.11240847654508
-474.3070983886719,371.00408935546875,-469.2719922226993,375.3608185417041,-476.19132402917086,369.37372436001107,0.07940000295639038,0.0,15.0,139.13132815278922
-473.310791015625,369.8520202636719,-468.25896665194256,374.22082930187327,-475.18732815007667,368.22919417089435,0.07940000295639038,0.0,15.0,139.1468062220113
-472.3162536621094,368.700439453125,-467.24563687349615,373.07956574235556,-474.1841377580902,367.0872825747914,0.07940000295639038,0.0,15.0,139.18519284738196
-471.3229064941406,367.5496826171875,-466.23486769083183,371.941739025581,-473.18157938491726,365.9452537799439,0.07940000295639038,0.0,15.0,139.19884413054882
-470.33087158203125,366.3997802734375,-465.22540442630776,370.8043296585517,-472.18024505239526,364.8043030069534,0.07940000295639038,0.0,15.0,139.21525538640688
-469.3404235839844,365.2503356933594,-464.21426783655556,369.66741746112257,-471.1793973198829,363.6657374563068,0.07940000295639038,0.0,15.0,139.24933680801612
-468.3508605957031,364.10223388671875,-463.2085939361659,368.53441640983493,-470.177469733097,362.52785713200376,0.07940000295639038,0.0,15.0,139.24154692058553
-467.362548828125,362.9549865722656,-462.20064523594954,367.4017784705606,-469.17866016556104,361.39047281537296,0.07940000295639038,0.0,15.0,139.25629940746816
-466.37542724609375,361.8089599609375,-461.19485632133967,366.27120657591087,-468.17943862777867,360.25508804252934,0.07940000295639038,0.0,15.0,139.2602770088069
-465.38934326171875,360.6637268066406,-460.1898300434119,365.14068129567335,-467.1816714063412,359.12047242955106,0.07940000295639038,0.0,15.0,139.27045044741757
-464.40472412109375,359.519287109375,-459.18533147599885,364.00979361057074,-466.18417268849595,357.98833783925784,0.07940000295639038,0.0,15.0,139.29293042950195
-463.42156982421875,358.3752746582031,-458.17949156496434,362.8802708755622,-465.1882192855946,356.85703155932396,0.07940000295639038,0.0,15.0,139.32452470956798
-462.4390563964844,357.2328796386719,-457.1801213231518,361.7558110562586,-464.19190623302336,355.72534636711737,0.07940000295639038,0.0,15.0,139.30292046635137
-461.4579772949219,356.0910949707031,-456.1784995798666,360.62748909011293,-463.1957829951018,354.5978844706394,0.07540002465248108,0.0,15.0,139.32916219676275
-460.4781494140625,354.9507751464844,-455.17993358719616,359.5033045998162,-462.20150628481264,353.4699685562907,0.07540002465248108,0.0,15.0,139.32894694156244
-459.4998474121094,353.8115539550781,-454.18103399555037,358.3790653854192,-461.2070048360639,352.34553880534037,0.07540002465248108,0.0,15.0,139.3457861023757
-458.48541259765625,352.62957763671875,-453.1453590742844,357.2126950147984,-460.17539287805596,351.1791468577364,0.07540002465248108,0.0,15.0,139.3620555816787
-457.4725646972656,351.4490051269531,-452.11145421169437,356.04845959006866,-459.14574732943703,350.01353250502893,0.07540002465248108,0.0,15.0,139.37273547401236
-456.4613037109375,350.26947021484375,-451.07816136174506,354.8846467439165,-458.1163998750843,348.85049213946843,0.07540002465248108,0.0,15.0,139.39223579350835
-455.4505615234375,349.0921630859375,-450.05093112022143,353.72785594079045,-457.0873104540127,347.68698073898713,0.07540002465248108,0.0,15.0,139.35323698590597
-454.44085693359375,347.91650390625,-449.02310340965266,352.569494070644,-456.05925961453687,346.5265529379787,0.07540002465248108,0.0,15.0,139.3426558987001
-453.4317626953125,346.74273681640625,-447.99843359981605,351.41380072030324,-455.033019948644,345.36612685492065,0.07540002465248108,0.0,15.0,139.3141640313568
-452.42413330078125,345.5703430175781,-446.9716352218603,350.25656478319786,-454.0082258167773,344.2088737020887,0.07540002465248108,0.0,15.0,139.32215186849237
-451.41693115234375,344.3999328613281,-445.9488582240153,349.1055095959587,-452.9837990747883,343.0515570553112,0.07540002465248108,0.0,15.0,139.28619899560306
-450.4112548828125,343.23089599609375,-444.92419810538956,347.9511943500028,-451.96157560899906,341.8972162714807,0.07540002465248108,0.0,15.0,139.2958893080072
-449.4068908691406,342.0628356933594,-443.9006104672117,346.7974456034282,-450.93973285463136,340.74481185052497,0.07540002465248108,0.0,15.0,139.3092021247567
-448.4025573730469,340.8973693847656,-442.88416391987107,345.6528113471646,-449.9195755588854,339.5900881986974,0.07540002465248108,0.0,15.0,139.24708065505004
-447.399169921875,339.73333740234375,-441.86459806292135,344.5040997480045,-448.9009579418488,338.43880660223056,0.07540002465248108,0.0,15.0,139.23889093025596
-446.39630126953125,338.57110595703125,-440.84783757865506,343.35877568210145,-447.88304533590576,337.28822118890815,0.07540002465248108,0.0,15.0,139.2096803752394
-445.3945007324219,337.41033935546875,-439.8303297557094,342.2125015347868,-446.8672910749588,336.1392464809693,0.07540002465248108,0.0,15.0,139.20413888088305
-444.3935546875,336.2511291503906,-438.81505627507937,341.06800869307807,-445.8532425391575,334.9907289438218,0.0675000250339508,0.0,15.0,139.19029674436618
-443.3945007324219,335.0942687988281,-437.80000052269116,339.9256277037019,-444.8405713816854,333.84545549174413,0.05955001711845398,0.0,15.0,139.18641150356893
-442.3971862792969,333.9407958984375,-436.7904723628995,338.78846663388913,-443.83141513492444,332.7007345443113,0.05955001711845398,0.0,15.0,139.15268746457207
-441.40106201171875,332.7913513183594,-435.78574326713425,337.65766272528845,-442.82387818452975,331.55831951969424,0.05955001711845398,0.0,15.0,139.0873542301773
-440.40655517578125,331.64520263671875,-434.7814469849973,336.5260777258172,-441.81982296810764,330.4189180342123,0.05955001711845398,0.0,15.0,139.0520055478129
-439.4133605957031,330.5025939941406,-433.78028416141865,335.3990570307526,-440.81706854812035,329.2824429481905,0.05955001711845398,0.0,15.0,139.00171259088327
-438.4222717285156,329.3628845214844,-432.7774594239339,334.2716009677864,-439.81843323679544,328.1487855244594,0.05955001711845398,0.0,15.0,138.98984958817232
-437.432861328125,328.22613525390625,-431.7789425325731,333.1472257870907,-438.82129990073173,327.0176580608948,0.05955001711845398,0.0,15.0,138.9641523035913
-436.4454040527344,327.0920715332031,-430.78078286385926,332.02439703059105,-437.8279344926117,325.88826815215555,0.05955001711845398,0.0,15.0,138.9531061444029
-435.45989990234375,325.9607238769531,-429.78552871710116,330.90360445218613,-436.83669560938523,324.76141270497726,0.05955001711845398,0.0,15.0,138.94124582831392
-434.4395446777344,324.79046630859375,-428.7562189567577,329.74579516041666,-435.81002265287685,323.5955376023354,0.05955001711845398,0.0,15.0,138.9146139016536
-433.4207458496094,323.6238098144531,-427.7304751390188,328.5929169687694,-434.7859872276625,322.43159400538343,0.05955001711845398,0.0,15.0,138.87046579124817
-432.4043884277344,322.4598083496094,-426.7033193825446,327.43774352555715,-433.766229509322,321.2707056444237,0.05955001711845398,0.0,15.0,138.87389718240476
-431.3894958496094,321.2992248535156,-425.6818298257825,326.29039343853765,-432.74776634161196,320.1114614172275,0.05955001711845398,0.0,15.0,138.83135856412318
-430.3764343261719,320.1415710449219,-424.66151063058146,325.14269423253245,-431.7324879823136,318.9548900418829,0.05955001711845398,0.0,15.0,138.81086704735313
-429.36480712890625,318.9873046875,-423.6439839151827,324.00117372781204,-430.71893354331036,317.8005152601388,0.05955001711845398,0.0,15.0,138.76788473236806
-428.35479736328125,317.83599853515625,-422.6276148545092,322.8603009343059,-429.70870879726584,316.6482486327241,0.05955001711845398,0.0,15.0,138.74039843952005
-427.3471984863281,316.6871337890625,-421.61061905426544,321.7183361241954,-428.70129636377015,315.49953750739905,0.05555000901222229,0.0,15.0,138.74798343431667
-426.3419189453125,315.5411071777344,-420.596870175885,320.5805887508101,-427.69712951632954,314.35233420567164,0.05555000901222229,0.0,15.0,138.74318495078182
-425.3393249511719,314.3977355957031,-419.58447680559954,319.4440182553542,-426.6948818374265,313.20908160584236,0.05555000901222229,0.0,15.0,138.75328518582208
-424.3382263183594,313.2580871582031,-418.5799307111942,318.3163329031005,-425.69478401441734,312.0664494476878,0.05555000901222229,0.0,15.0,138.70303580032098
-423.3388671875,312.12176513671875,-417.5758753952632,317.19013339831076,-424.6967686902505,310.92753388895267,0.05555000901222229,0.0,15.0,138.66939788805993
-422.34100341796875,310.9889221191406,-416.57567521090095,316.06730636834465,-423.701962977591,309.79012209542014,0.05555000901222229,0.0,15.0,138.6248162053775
-421.3459777832031,309.85858154296875,-415.57213158900345,314.9412310519155,-422.7099465223948,308.657895759299,0.05555000901222229,0.0,15.0,138.6429133951447
-420.35308837890625,308.7311096191406,-414.5741376623058,313.8202464865001,-421.72047636043715,307.526942127488,0.05555000901222229,0.0,15.0,138.63177741503898
-419.3277587890625,307.56549072265625,-413.53926383815656,312.6573051842491,-420.6985159684632,306.3597124869315,0.05555000901222229,0.0,15.0,138.66372231294352
-418.30316162109375,306.4043884277344,-412.5166378295319,311.5106188737064,-419.67627485116105,305.1927054149796,0.05555000901222229,0.0,15.0,138.57369472569695
-417.28216552734375,305.24462890625,-411.4836631066211,310.34934950693145,-418.65992107465934,304.0317196730055,0.05555000901222229,0.0,15.0,138.6408730912848
-416.26275634765625,304.0885314941406,-410.462587279505,309.20293234815233,-417.64349368581173,302.8710421178044,0.05555000901222229,0.0,15.0,138.5951982778435
-415.2467346191406,302.93377685546875,-409.4344527199259,308.0477677450418,-416.6310953067854,301.71573408547596,0.05555000901222229,0.0,15.0,138.65676296340658
-414.2334899902344,301.7814025878906,-408.4133932111153,306.8988214396242,-415.6203246680615,300.5620046648161,0.05555000901222229,0.0,15.0,138.6759011387387
-413.2237548828125,300.630126953125,-407.38945952632133,305.747140351673,-414.61225247796773,299.4123345096286,0.05555000901222229,0.0,15.0,138.74737055483038
-412.2165832519531,299.48126220703125,-406.373468542468,304.60372713709387,-413.605241940391,298.26387117758543,0.05555000901222229,0.0,15.0,138.76002923623224
-411.2125549316406,298.3337097167969,-405.3561811933079,303.45762791457753,-412.60049825966615,297.11935619468323,0.05555000901222229,0.0,15.0,138.8163402400509
-410.2099914550781,297.1893615722656,-404.34886851583076,302.32429172321116,-411.59668401987204,295.9744801348927,0.05555000901222229,0.0,15.0,138.77839660775595
-409.2099304199219,296.046875,-403.33972409001495,301.1852851672423,-410.59509432848927,294.83438945672054,0.05555000901222229,0.0,15.0,138.80313320667975
-408.2126770019531,294.9062194824219,-402.3306217914416,300.04878844646646,-409.59620421283296,293.69662796365014,0.05555000901222229,0.0,15.0,138.83741602201107
-407.2173767089844,293.7681884765625,-401.32839240550743,298.9185822464694,-408.5983219414978,292.5604400167949,0.05555000901222229,0.0,15.0,138.82767456598728
-406.2244873046875,292.63214111328125,-400.3254441327184,297.7878218095692,-407.6025359415582,291.4277460023215,0.05555000901222229,0.0,15.0,138.84699886575515
-405.233642578125,291.4984436035156,-399.3275296631053,296.6603503607597,-406.60819422716503,290.29709382448976,0.05555000901222229,0.0,15.0,138.8467392413055
-404.2450866699219,290.36700439453125,-398.33037416260373,295.5347800452273,-405.6168617722587,289.168463305118,0.05555000901222229,0.0,15.0,138.85578620608104
-403.2245178222656,289.1990051269531,-397.30190212148415,294.3740401193899,-404.5924747244307,288.00371824789465,0.05555000901222229,0.0,15.0,138.85384309038645
-402.2051086425781,288.03448486328125,-396.28062942270554,293.22071363920895,-403.5697163368071,286.83992118451545,0.05555000901222229,0.0,15.0,138.80142746339197
-401.186767578125,286.87322998046875,-395.2612950893758,292.069463857192,-402.54906192576516,285.67859106302933,0.05555000901222229,0.0,15.0,138.75145407674373
-400.1682434082031,285.7162170410156,-394.2492149677472,290.9267668313307,-401.5294204876305,284.51796617651297,0.05555000901222229,0.0,15.0,138.642378700752
-399.15185546875,284.5613098144531,-393.2292418826174,289.7735665919118,-400.5136486617229,283.3628497602315,0.05555000901222229,0.0,15.0,138.6502774384088
-398.1371765136719,283.4088439941406,-392.2137760712671,288.6240526931533,-399.4995159263425,282.20938357861564,0.05555000901222229,0.0,15.0,138.63796361746003
-397.1241455078125,282.2587890625,-391.19947829748253,287.47755854762414,-398.48824345129015,281.0572173168786,0.05555000901222229,0.0,15.0,138.62464404001403
-396.1137390136719,281.1103820800781,-390.1829900583455,286.328451415517,-397.47912865491634,279.9090670570396,0.05555000901222229,0.0,15.0,138.65761193850446
-395.10546875,279.9638977050781,-389.17071587571206,285.1831880642561,-396.4722249522068,278.7619104242884,0.05555000901222229,0.0,15.0,138.670139983761
-394.099365234375,278.8193359375,-388.16005566345916,284.04016403865865,-395.4671122227413,277.6170460371544,0.05555000901222229,0.0,15.0,138.68357673768156
-393.0963134765625,277.67584228515625,-387.1473863552182,282.8941325606925,-394.4654601187833,276.47485184382947,0.05555000901222229,0.0,15.0,138.74335215638436
-392.095458984375,276.5343017578125,-386.1400756313766,281.75573020364834,-393.46444740772887,275.3340305624879,0.05555000901222229,0.0,15.0,138.75708461061333
-391.0966796875,275.3944396972656,-385.1348228515517,280.61838686138213,-392.46538651263705,274.1951401611599,0.05555000901222229,0.0,15.0,138.77424269114744
-390.1001281738281,274.2559814453125,-384.13067274251813,279.48135517830883,-391.4683063535939,273.0583441725541,0.05555000901222229,0.0,15.0,138.802659708311
-389.10577392578125,273.11907958984375,-383.1280443408016,278.34730643977645,-390.47368245261464,271.9226828665439,0.05555000901222229,0.0,15.0,138.8264898834571
-388.1139221191406,271.9832458496094,-382.1260510083312,277.21207518334796,-389.480575226972,270.7898340798781,0.05555000901222229,0.0,15.0,138.87134234275285
-387.12481689453125,270.84844970703125,-381.1246633382555,276.07827293985235,-388.4903708395914,269.6582125438379,0.05555000901222229,0.0,15.0,138.92410822573723
-386.1378173828125,269.71490478515625,-380.1271093679116,274.9485446359511,-387.5006604734452,268.5282509181187,0.05555000901222229,0.0,15.0,138.9532795806543
-385.1529541015625,268.5829162597656,-379.13191860611215,273.8213940725382,-386.51298470976417,267.39964966531693,0.05555000901222229,0.0,15.0,138.97577266995785
-384.1377868652344,267.4140930175781,-378.1022427656041,272.6561915678183,-385.49378438561115,266.2363578344101,0.05555000901222229,0.0,15.0,139.02444865303985
-383.12408447265625,266.24755859375,-377.08077001581375,271.4991158550433,-384.47574683834773,265.0729825623262,0.05555000901222229,0.0,15.0,139.009807343523
-382.1117858886719,265.08294677734375,-376.05959137247595,270.34360775676663,-383.45947136330653,263.91151774115315,0.05555000901222229,0.0,15.0,139.0023265557387
-381.1008605957031,263.9200439453125,-375.0400923006835,269.1887420647903,-382.4449141373257,262.75164218129134,0.05555000901222229,0.0,15.0,138.99917821220396
-380.09100341796875,262.75946044921875,-374.0232169424437,268.03921649080695,-381.43076101218037,261.593698720319,0.05555000901222229,0.0,15.0,138.97252934672582
-379.0824890136719,261.6008605957031,-373.007687413983,266.8887301720213,-380.4195053706091,260.4370418271609,0.05555000901222229,0.0,15.0,138.96174487012263
-378.0751037597656,260.44403076171875,-371.9931497916541,265.7402900406741,-379.4090689698898,259.28239329143094,0.05555000901222229,0.0,15.0,138.95014945446783
-377.06890869140625,259.2894592285156,-370.98103037883953,264.5949712377044,-378.40044509696025,258.129041423226,0.05555000901222229,0.0,15.0,138.92824500420215
-376.06549072265625,258.1356201171875,-369.96250711452376,263.44298347076455,-377.3950219714844,256.9794142545233,0.05555000901222229,0.0,15.0,138.9886620959337
-375.0639953613281,256.982666015625,-368.9479750376539,262.29525042436023,-376.3900771295265,255.830786042439,0.05555000901222229,0.0,15.0,139.02130245728816
-374.0643005371094,255.83119201660156,-367.9364733852103,261.15129224696375,-375.3863621596512,254.6833952252939,0.05555000901222229,0.0,15.0,139.0359074750706
-373.0662841796875,254.6810760498047,-366.92690854679313,260.0085364823821,-374.3845806307596,253.5371206052373,0.05555000901222229,0.0,15.0,139.05009775606797
-372.0686340332031,253.53335571289062,-365.9246885454846,258.87394951320186,-373.3821724638047,252.39156902012715,0.05555000901222229,0.0,15.0,139.00136264332127
-371.0714416503906,252.3878631591797,-364.92339060028837,257.7399622683734,-372.38063867866805,251.24816015546338,0.05555000901222229,0.0,15.0,138.95925915395583
-370.0743713378906,251.2447509765625,-363.9234571707073,256.6098358773224,-371.3808613485846,250.1051756811105,0.05555000901222229,0.0,15.0,138.9037004014052
-369.0777893066406,250.10365295410156,-362.9245017397411,255.4776486158073,-370.3809587461151,248.9655252722627,0.05555000901222229,0.0,15.0,138.86754627621434
-368.0821228027344,248.9638214111328,-361.92361047159636,254.34340971945167,-369.3830281500338,247.82745359691617,0.05555000901222229,0.0,15.0,138.8621127578363
-367.0880126953125,247.82522583007812,-360.92218886744934,253.20861909969156,-368.38692269314646,246.69114488073703,0.05555000901222229,0.0,15.0,138.87572342863007
-366.0946960449219,246.6883544921875,-359.9257248976568,252.07835910583827,-367.3899770717802,245.55663081508197,0.05555000901222229,0.0,15.0,138.85536872927833
-365.1021728515625,245.553466796875,-358.93082130772217,250.95066122142913,-366.3947175142692,244.42306370810417,0.05555000901222229,0.0,15.0,138.82847610386557
-364.1104431152344,244.4202880859375,-357.9368133172351,249.82329486029877,-365.398994194877,243.29258032887765,0.05555000901222229,0.0,15.0,138.80839479287286
-363.1192321777344,243.28953552246094,-356.947323035929,248.69979418046884,-364.4034562805699,242.16379235101235,0.05555000901222229,0.0,15.0,138.7623885376079
-362.1283264160156,242.1615753173828,-355.9611470040874,247.57940263551026,-363.4091598792517,241.03637138482483,0.05555000901222229,0.0,15.0,138.7009028399336
-361.10467529296875,241.00074768066406,-354.9489216090721,246.4290679345929,-362.3820691623482,239.87430510848372,0.05555000901222229,0.0,15.0,138.59322724395537
-360.08233642578125,239.8421630859375,-353.9298074297981,245.27117496191204,-361.35782521547907,238.71666757157863,0.699999988079071,0.0,15.0,138.5747121792387
-359.0611572265625,238.6892547607422,-352.92282196497456,244.12623543819777,-360.33568153919686,237.56035518692718,0.09333336353302002,0.0,15.0,138.4673429548892
-358.04827880859375,237.5446319580078,-351.91127077556513,242.9752794802362,-359.32270616983385,236.41688929345028,0.05555000901222229,0.0,15.0,138.4943369112666
-357.0296630859375,236.39511108398438,-350.9010524019174,241.82580776975388,-358.3034921181516,235.26634316901144,0.05555000901222229,0.0,15.0,138.45514152946944
-356.0123291015625,235.24798583984375,-349.8916259365184,240.6761632510521,-357.2863181105807,234.1181420662762,0.05555000901222229,0.0,15.0,138.43161801226086
-354.99652099609375,234.10353088378906,-348.8833145997183,239.52955885893016,-356.27110218343154,232.9722238853563,0.05555000901222229,0.0,15.0,138.40802324156994
-353.9832763671875,232.9612274169922,-347.8740730079079,238.38020553499067,-355.2599178810268,231.8288224173263,0.05955001711845398,0.0,15.0,138.42637207835853
-352.9720458984375,231.8209686279297,-346.8668821482981,237.2352900609834,-354.2498690254727,230.68774019581753,0.0675000250339508,0.0,15.0,138.43201077801342
-351.96246337890625,230.68130493164062,-345.858451977417,236.0886046728091,-353.24170169179547,229.54807883765088,0.0675000250339508,0.0,15.0,138.46354999615775
-350.953125,229.54266357421875,-344.8553360387437,234.9479936941456,-352.2346587989105,228.40665947716514,0.05955001711845398,0.0,15.0,138.44490471294523
-349.94476318359375,228.40785217285156,-343.8587335858361,233.81572862924205,-351.2292412712086,227.26650070599027,0.0,0.0,15.0,138.37659972319636
-348.9430847167969,227.28309631347656,-342.8693243401593,232.69223015443526,-350.2321925423413,226.13505023799783,0.0,0.0,15.0,138.312567044003
-347.9167785644531,226.1365966796875,-341.86608219590704,231.55296727937088,-349.2118924260622,224.97725629702882,0.0,0.0,15.0,138.1662138587015
-346.89794921875,225.00515747070312,-340.8754426967242,230.42825606106948,-348.20227038177774,223.83065276328085,0.0,0.0,15.0,137.99784927844703
-345.88433837890625,223.89036560058594,-339.9054569806548,229.32659020704168,-347.2014988710885,222.69275357229805,0.0,0.0,15.0,137.72170525209722
-344.8440246582031,222.7581787109375,-338.9175031855254,228.20378284258646,-346.17928205092244,221.531272977426,0.0,0.0,15.0,137.4215460317916
-343.8085021972656,221.64370727539062,-337.9417360473677,227.09487266870195,-345.1667900330153,220.3816403282492,0.0,0.0,15.0,137.10298808606842
-342.7759704589844,220.54812622070312,-336.9853131862873,226.00553842584048,-344.1625055841787,219.24138445396707,0.0,0.0,15.0,136.6969980878916
-341.7146911621094,219.43942260742188,-336.0127232876184,224.89749127803285,-343.13636839308873,218.0785570036636,0.0,0.0,15.0,136.25198253043163
-340.65386962890625,218.352783203125,-335.06265684559577,223.81115227551686,-342.11655528963917,216.9248500368168,0.0,0.0,15.0,135.68880590987968
-339.59246826171875,217.2887420654297,-334.1278840943579,222.73976919292485,-341.1046882212071,215.78027375943384,0.0,0.0,15.0,135.07116053756585
-338.4982604980469,216.218017578125,-333.18096733251116,221.65193034694067,-340.0694101268033,214.6124092801369,0.0,0.0,15.0,134.37853027138055
-337.4021301269531,215.1727294921875,-332.2488217308643,220.5766922088382,-339.0416983460373,213.45341350208278,0.0,0.0,15.0,133.63991964054966
-336.27197265625,214.12442016601562,-331.3014602943462,219.48301188964473,-337.99072031806617,212.27147899516066,0.0,0.0,15.0,132.8483268580231
-335.13818359375,213.1045684814453,-330.3703398577394,218.40507360526192,-336.9449387120294,211.09596348258793,0.0,0.0,15.0,131.97161627695473
-334.0005187988281,212.11349487304688,-329.4507647278636,217.33620990473187,-335.9044644342185,209.9279337780147,0.0,0.0,15.0,131.06066319154075
-332.8273010253906,211.12451171875,-328.5147407561649,216.2404455290414,-334.84050727800684,208.73627148745496,0.0,0.0,15.0,130.12976306483014
-331.65093994140625,210.16441345214844,-327.5914062361806,215.13836001165424,-333.7828447487188,207.55229557075822,0.0,0.0,15.0,129.21993036123166
-330.4727478027344,209.23147583007812,-326.6685501423394,214.03573677035936,-332.73159933713225,206.37880802325458,0.0,0.0,15.0,128.37352889261163
-329.2613830566406,208.3008270263672,-325.7140139249705,212.91820566624895,-331.65766754204,205.1817400671948,0.0,0.0,15.0,127.53380184277228
-328.04864501953125,207.3976287841797,-324.75351090766344,211.82205554696907,-330.58607453108084,203.99058352943342,0.0,0.0,15.0,126.67725037899808
-326.8037109375,206.4980010986328,-323.7622349595292,210.70689458366755,-329.4919844103033,202.77788074008814,0.0,0.0,15.0,125.85303410971369
-325.5586853027344,205.6254425048828,-322.7594437794041,209.61958969386248,-328.3977297992745,201.5745017408458,0.0,0.0,15.0,125.02414881057243
-324.3135681152344,204.77972412109375,-321.7408146807355,208.56748560517323,-327.30448755460793,200.37631363389698,0.0,0.0,15.0,124.18544256304102
-323.035400390625,203.94129943847656,-320.67732038331127,207.53616230437723,-326.17992029782465,199.14751898555858,0.0,0.0,15.0,123.26320289443144
-321.7559814453125,203.13287353515625,-319.59922886256146,206.5461611393636,-325.0441811040991,197.9289520351857,0.0,0.0,15.0,122.2875462105637
-320.44219970703125,202.3370361328125,-318.4953069770711,205.55099932112384,-323.85782223015053,196.6984691560395,0.02385002374649048,0.0,15.0,121.20583563634212
-319.1199951171875,201.5748291015625,-317.4028292149794,204.5536059224733,-322.6417253467287,195.46566494697,0.02385002374649048,0.0,15.0,119.96202061219178
-317.78729248046875,200.84815979003906,-316.32869850235005,203.5232033204527,-321.3911960821637,194.23864462778477,0.02385002374649048,0.0,15.0,118.60186399826104
-316.4457702636719,200.15557861328125,-315.2339898452735,202.50278412176888,-320.10568680749884,193.0663600206667,0.02385002374649048,0.0,15.0,117.30573058111237
-315.09613037109375,199.4965057373047,-314.09834982386536,201.53974629485685,-318.75768778228087,191.9984214870905,0.027800023555755615,0.0,15.0,116.02775547760523
-313.7034912109375,198.8582305908203,-312.8720567902786,200.67231992155655,-317.32323663757535,190.96038393534855,0.035750001668930054,0.0,15.0,114.6229595251562
-312.3007507324219,198.25656127929688,-311.5969603094779,199.8973883843979,-315.8723375890276,189.92971236022896,0.035750001668930054,0.0,15.0,113.21566335474297
-310.8880310058594,197.69187927246094,-310.2836811962681,199.20383978726076,-314.4142829309362,188.8699129355161,0.035750001668930054,0.0,15.0,111.78721716752047
-309.4680480957031,197.16026306152344,-308.93073701908634,198.59545734366927,-312.97472611120065,187.79368854596083,0.035750001668930054,0.0,15.0,110.52500157294392
-308.04150390625,196.6610870361328,-307.55009213471124,198.06544255735184,-311.4996797357197,186.7783194657616,0.035750001668930054,0.0,15.0,109.28595131967371
-306.6094055175781,196.19276428222656,-306.1392853414115,197.63035906307957,-309.9414717688864,186.00353757981924,0.035750001668930054,0.0,15.0,108.10870546010634
-305.1708984375,195.75936889648438,-304.7128319769989,197.27976313291288,-308.29047467405934,185.40500738096145,0.04365000128746033,0.0,15.0,106.76657565781996
-303.72412109375,195.361328125,-303.27336351847265,196.99971769248825,-306.5473744086279,185.0995177169857,0.05555000901222229,0.0,15.0,105.38276790065788
-302.2675476074219,194.99221801757812,-301.8118515431723,196.79047493784017,-304.8185513283736,184.92550808807795,0.07540002465248108,0.0,15.0,104.21997451999995
-300.798583984375,194.6471710205078,-300.3283549882508,196.64907016953163,-303.0925286287696,184.8811934449596,0.07540002465248108,0.0,15.0,103.21865714817483
-299.3183288574219,194.31869506835938,-298.82204645088063,196.55515887003006,-301.4047157985636,184.91653047690878,0.07940000295639038,0.0,15.0,102.5114840892386
-297.82452392578125,194.01446533203125,-297.32056220018666,196.48897857369334,-299.669661639528,184.95461520160808,0.08335000276565552,0.0,15.0,101.51147933323122
-296.31707763671875,193.73280334472656,-295.808706330157,196.45359093440354,-297.9465860516634,185.01172444937927,0.08335000276565552,0.0,15.0,100.58351379346414
-294.8324890136719,193.48138427734375,-294.3284730489638,196.4575164173151,-296.2507498098209,185.10678538795128,0.08335000276565552,0.0,15.0,99.61199471943513
-293.3360290527344,193.25149536132812,-292.8366985327409,196.5018831720807,-294.5609446183216,185.27791781265745,0.07940000295639038,0.0,15.0,98.73360614082176
-291.8286437988281,193.04165649414062,-291.3333653482563,196.59950753944966,-292.8734920274316,185.53595064718894,0.07940000295639038,0.0,15.0,97.92505415956377
-290.3109130859375,192.8511962890625,-289.81977429325417,196.76496100249324,-291.1903552244283,185.84313734441244,0.07940000295639038,0.0,15.0,97.15266430212647
-288.7828369140625,192.68133544921875,-288.30624154737757,196.96880997323024,-289.5071586256631,186.16530297647967,0.07940000295639038,0.0,15.0,96.34295471931343
-287.2823181152344,192.5351104736328,-286.83062628172377,197.17024263723175,-287.8708465933154,186.4957998738698,0.07940000295639038,0.0,15.0,95.5658772624419
-285.7723388671875,192.40638732910156,-285.3493013710904,197.3688037040161,-286.2459997694203,186.85013607694972,0.07940000295639038,0.0,15.0,94.87258638456441
-284.25311279296875,192.29685974121094,-283.87241987453496,197.57734312529334,-284.61983482135673,187.21016260629546,0.07940000295639038,0.0,15.0,94.12356657821019
-282.7250061035156,192.2053985595703,-282.39086227370456,197.7881760003881,-283.0030587163935,187.5597767762417,0.07940000295639038,0.0,15.0,93.4252160515767
-281.22650146484375,192.13267517089844,-280.94216915223177,197.99149579456045,-281.431663881875,187.90519293695607,0.07940000295639038,0.0,15.0,92.77842093182132
-279.7197265625,192.0767364501953,-279.492586452992,198.19502110204974,-279.86187817831956,188.24771633046012,0.07940000295639038,0.0,15.0,92.12611808406393
-278.20452880859375,192.03726196289062,-278.0387706635125,198.39976053520195,-278.29495615731656,188.56627791643803,0.07940000295639038,0.0,15.0,91.49235307879741
-276.680908203125,192.0142059326172,-276.5812051285511,198.60292294277681,-276.7290095482048,188.8355060590873,0.07940000295639038,0.0,15.0,90.86695625106778
-275.1488952636719,192.00697326660156,-275.11679923641873,198.80550771442515,-275.16286772331176,189.0473469105615,0.07940000295639038,0.0,15.0,90.2704925970019
-273.6480407714844,192.014404296875,-273.68263921699435,199.0022956733869,-273.63419680017466,189.21832007094957,0.07940000295639038,0.0,15.0,89.71631947318393
-272.13916015625,192.03614807128906,-272.2423526820863,199.19705762205857,-272.1009556418231,189.384996061732,0.07940000295639038,0.0,15.0,89.17439440521402
-270.62286376953125,192.07118225097656,-270.79194450974524,199.38907916584782,-270.5650532802487,189.5691160745892,0.07540002465248108,0.0,15.0,88.67641078041859
-269.0992126464844,192.11727905273438,-269.3249737492941,199.5794270699341,-269.027806685525,189.7570768595405,0.08335000276565552,0.0,15.0,88.26709227363413
-267.56671142578125,192.17152404785156,-267.835471727215,199.76439946675316,-267.4877247997719,189.94003521617188,0.08335000276565552,0.0,15.0,87.97278318558865
-266.0661315917969,192.22891235351562,-266.3609357885485,199.93740326469583,-265.98495385434217,190.10629042935412,0.08335000276565552,0.0,15.0,87.80984259178754
-264.5571594238281,192.28724670410156,-264.85944036465764,200.10654223130817,-264.4789928107606,190.2652606461694,0.08335000276565552,0.0,15.0,87.78614300515538
-263.0397644042969,192.34466552734375,-263.33938939699607,200.2627914306074,-262.9667045371674,190.41392797038824,0.08335000276565552,0.0,15.0,87.83293914999302
-261.51397705078125,192.3993377685547,-261.80066612883286,200.40022743383287,-261.4476141815113,190.54728955482855,0.08335000276565552,0.0,15.0,87.94784702014302
-259.9801330566406,192.44839477539062,-260.23824146573,200.51855760540195,-259.9230143944057,190.66249052494558,0.08335000276565552,0.0,15.0,88.16813075119795
-258.47967529296875,192.4885711669922,-258.6972753971329,200.61522845634883,-258.43339359368485,190.76009998682306,0.08335000276565552,0.0,15.0,88.46620955587079
-256.9715270996094,192.518310546875,-257.13262066714907,200.68771333214244,-256.93841249296736,190.8389973137893,0.08335000276565552,0.0,15.0,88.87032311830833
-255.4557647705078,192.5337677001953,-255.53941931461634,200.737115625279,-255.43908335137948,190.8979511829686,0.08335000276565552,0.0,15.0,89.41574022905345
-253.9324493408203,192.5323028564453,-253.92453366454606,200.7639465419827,-253.93398384537917,190.9365459906015,0.08335000276565552,0.0,15.0,90.05509649348751
-252.40203857421875,192.51084899902344,-252.28632141016385,200.76553207385618,-252.42386823553878,190.95363026401935,0.07940000295639038,0.0,15.0,90.80314056936935
-250.8659210205078,192.46888732910156,-250.63992578665358,200.74203866995256,-250.90747655707187,190.94763735766847,0.07940000295639038,0.0,15.0,91.5647427740463
-249.36715698242188,192.407958984375,-249.03019535826508,200.69680987582356,-249.42775211741213,190.9173915052499,0.07940000295639038,0.0,15.0,92.32792872047142
-247.86386108398438,192.32669067382812,-247.4149979145381,200.62973225359642,-247.94294489023477,190.86380359313154,0.07940000295639038,0.0,15.0,93.09440284676896
-246.3565673828125,192.2249298095703,-245.7951397752959,200.54086052267633,-246.4535958632809,190.78773272490548,0.07940000295639038,0.0,15.0,93.86230894004446
-244.84532165527344,192.10316467285156,-244.17447976031644,200.4290859909514,-244.95922198676598,190.68953024536358,0.07940000295639038,0.0,15.0,94.6065239467472
-243.33050537109375,191.96102905273438,-242.54827738254716,200.29765638101816,-243.46119725249983,190.56817488992306,0.07940000295639038,0.0,15.0,95.36038404013736
-241.8126220703125,191.80014038085938,-240.92778129252935,200.1480558978129,-241.95853040574664,190.42358712065004,0.07940000295639038,0.0,15.0,96.05049830076754
-240.29226684570312,191.61807250976562,-239.29128088503396,199.97679184844773,-240.45526325687368,190.2569732459195,0.07940000295639038,0.0,15.0,96.82885052211144
-238.7698516845703,191.41615295410156,-237.65951544552777,199.78776767321213,-238.94816096592484,190.07175244563143,0.07540002465248108,0.0,15.0,97.55510597993133
-237.24652099609375,191.195556640625,-236.0323284068546,199.5801792290952,-237.43915839471336,189.86529659937227,0.07145002484321594,0.0,15.0,98.23982793363375
-235.72377014160156,190.95590209960938,-234.4020938528438,199.3537554828121,-235.93105656566027,189.63881635601214,0.0675000250339508,0.0,15.0,98.94399675755277
-234.2020263671875,190.69863891601562,-232.78029535193886,199.10835495514561,-234.42281036378768,189.39267407633957,0.0675000250339508,0.0,15.0,99.59558875803337
-232.72601318359375,190.4299774169922,-231.1934347755413,198.84988850733865,-232.96203849584856,189.13326585312365,0.05555000901222229,0.0,15.0,100.31594842305512
-231.21279907226562,190.1324005126953,-229.55503127606426,198.56234781806344,-231.46543047266775,188.8477396585328,0.03175002336502075,0.0,15.0,101.12537771328776
-229.711669921875,189.81321716308594,-227.9172959932158,198.25221316431143,-229.981481529985,188.54428483768936,0.0,0.0,15.0,102.0039621583747
-228.2286376953125,189.47789001464844,-226.3182430366393,197.92688335582818,-228.512495800171,188.22248698737292,0.0,0.0,15.0,102.7408562580763
-226.76441955566406,189.1271514892578,-224.7387572144613,197.58362641310177,-227.06244071391302,187.8830110418371,0.0,0.0,15.0,103.47079940047168
-225.27696228027344,188.752685546875,-223.1465594747149,197.21509238813886,-225.58835043079904,187.51578649265815,0.0,0.0,15.0,104.1305223798857
-223.80857849121094,188.36256408691406,-221.56225986228986,196.81751516832108,-224.13582715757516,187.1308281123546,0.0,0.0,15.0,104.878671276985
-222.3602294921875,187.9558868408203,-219.99016226160757,196.3966947148792,-222.704375616522,186.73023750959922,0.0,0.0,15.0,105.68403960877978
-220.89234924316406,187.52049255371094,-218.39462298218166,195.94128068647348,-221.2544713176151,186.29964088762432,0.0,0.0,15.0,106.52111023468233
-219.4442596435547,187.0702667236328,-216.83444039355464,195.4643922053485,-219.82289018069838,185.85245355898792,0.0,0.0,15.0,107.27100238548789
-218.0161895751953,186.60617065429688,-215.29939011403127,194.96603458887995,-218.41161260988278,185.3894143887568,0.0,0.0,15.0,108.00319260146532
-216.57080078125,186.1140594482422,-213.7392901608153,194.43054090682264,-216.9854179660755,184.89627975667935,0.0,0.0,15.0,108.80215711151305
-215.146240234375,185.60728454589844,-212.20392513938134,193.87822689410413,-215.5800476967683,184.38783781914188,0.0,0.0,15.0,109.58256900819006
-213.70700073242188,185.06971740722656,-210.63974520211463,193.28174341147408,-214.16166064510804,183.85244711814386,0.0,0.0,15.0,110.48105096095985
-212.29165649414062,184.5135498046875,-209.0899455040062,192.66131530170824,-212.76787307529196,183.3016662083948,0.0,0.0,15.0,111.45262865400353
-210.89773559570312,183.94241333007812,-207.58380894209992,192.03041300039496,-211.3920716356464,182.73593227421654,0.03175002336502075,0.0,15.0,112.28056959516843
-209.48309326171875,183.34046936035156,-206.06754173631097,191.36743536508058,-209.99462326548334,182.1383109621915,0.04765000939369202,0.0,15.0,113.05022098786108
-208.07955932617188,182.71742248535156,-204.54715648580577,190.67484504762027,-208.6109395050115,181.52038556308406,0.05555000901222229,0.0,15.0,113.9370541419369
-206.6842803955078,182.07217407226562,-203.036460537603,189.96018446852628,-207.23450732417615,180.88236868090752,0.07145002484321594,0.0,15.0,114.81823786410105
-205.32870483398438,181.4207305908203,-201.5704506403168,189.2412057111265,-205.89726799388052,180.23761901369966,0.07540002465248108,0.0,15.0,115.66735530182912
-203.9770050048828,180.74786376953125,-200.1178959735271,188.50029984324703,-204.56320941726023,179.5702571779161,0.07940000295639038,0.0,15.0,116.46380414760102
-202.6286163330078,180.0521240234375,-198.66397058997214,187.735864154602,-203.23260217790602,178.8815603524584,0.07940000295639038,0.0,15.0,117.29276729864226
-201.282958984375,179.33457946777344,-197.2197185160672,186.95463504798818,-201.90499116654948,178.16804260198322,0.08335000276565552,0.0,15.0,118.06786694757945
-199.9408721923828,178.59292602539062,-195.76758166241856,186.14486036471797,-200.58167422824567,177.43333867708657,0.07540002465248108,0.0,15.0,118.92557224141085
-198.63780212402344,177.84742736816406,-194.35569582671158,185.3321954377925,-199.29784124652858,176.69373350681985,0.07540002465248108,0.0,15.0,119.77427989582647
-197.3399658203125,177.08004760742188,-192.9539898833687,184.49785960791408,-198.01943464541225,175.9308912788768,0.07940000295639038,0.0,15.0,120.59481590562858
-196.0469970703125,176.2899627685547,-191.55577259589825,183.6398226936974,-196.74601149409398,175.14603016627294,0.08335000276565552,0.0,15.0,121.42754162530522
-194.7574920654297,175.477294921875,-190.16803433461635,182.75964125532667,-195.47658469984128,174.33627088008882,0.08335000276565552,0.0,15.0,122.21982330495975
-193.4724884033203,174.6415252685547,-188.78294944590988,181.85173529465078,-194.21195545884274,173.5045877516437,0.08335000276565552,0.0,15.0,123.04007840892797
-192.2256622314453,173.80584716796875,-187.44221392185534,180.94272025346214,-192.9860400591323,172.67136850278789,0.08335000276565552,0.0,15.0,123.83174372137621
-190.9836883544922,172.94857788085938,-186.10818792066192,180.01198755497532,-191.76484368938574,171.8168745358676,0.08730000257492065,0.0,15.0,124.61527892232766
-189.74578857421875,172.06976318359375,-184.78248412062388,179.06108173078252,-190.54776515028703,170.94009770304558,0.09130001068115234,0.0,15.0,125.3718546253071
-188.5113067626953,171.1685791015625,-183.46089067390432,178.08686242075416,-189.33432302844307,170.0411750218505,0.09130001068115234,0.0,15.0,126.12981836335784
-187.28021240234375,170.245849609375,-182.14900323934629,177.0918458800424,-188.12465117013645,169.11920977235485,0.09130001068115234,0.0,15.0,126.8522818138436
-186.0855255126953,169.32745361328125,-180.87713016235134,176.1027462622342,-186.95194429739954,168.20038079563625,0.09130001068115234,0.0,15.0,127.5506927913132
-184.89361572265625,168.3905792236328,-179.6202425681001,175.09946694528696,-185.78576686635694,167.25556721549114,0.08730000257492065,0.0,15.0,128.16833612626297
-183.70555114746094,167.4354248046875,-178.36992523595745,174.0721193602664,-184.6266515637953,166.28971814915752,0.08730000257492065,0.0,15.0,128.7978316894549
-182.5203094482422,166.46322631835938,-177.13565713653162,173.02784717036096,-183.4742355470888,165.30026113560504,0.08730000257492065,0.0,15.0,129.36043156782387
-181.3367462158203,165.47555541992188,-175.91924495278118,171.96755120179205,-182.33021754770266,164.28504130966377,0.08730000257492065,0.0,15.0,129.84463790873622
-180.18775939941406,164.50111389160156,-174.74798905979574,170.91527443674272,-181.229133794327,163.2732049653877,0.08730000257492065,0.0,15.0,130.30086570519703
-179.03831481933594,163.5154266357422,-173.60550273796892,169.8508199000751,-180.13462894998068,162.23697616573585,0.08730000257492065,0.0,15.0,130.6141954605929
-177.88665771484375,162.52005004882812,-172.4834467941712,168.7715997895692,-179.0511620919064,161.1727110048043,0.09525001049041748,0.0,15.0,130.836837435537
-176.7322235107422,161.5135498046875,-171.3695001567063,167.66447853329328,-177.9801710200114,160.0821807632882,0.09920001029968262,0.0,15.0,131.08373699824492
-175.57264709472656,160.49783325195312,-170.27711974476483,166.5433866190323,-176.91808628614478,158.96183430485348,0.09920001029968262,0.0,15.0,131.21633597258585
-174.44020080566406,159.50363159179688,-169.2342724564952,165.43344892806547,-175.89618058067433,157.84519652853083,0.09920001029968262,0.0,15.0,131.2806703435247
-173.30052185058594,158.50299072265625,-168.20516837298615,164.3063386631535,-174.88434813743058,156.6990932972327,0.1032000184059143,0.0,15.0,131.2832106449558
-172.15269470214844,157.49639892578125,-167.18545757016855,163.16059135265573,-173.8881018783374,155.51749598160166,0.1032000184059143,0.0,15.0,131.24927777621306
-170.99661254882812,156.4836883544922,-166.17105482231347,161.99241051618486,-172.9088162976846,154.30076986796817,0.10715001821517944,0.0,15.0,131.21787200514558
-169.86520385742188,155.49575805664062,-165.19829854988436,160.84044405159457,-171.96694425601837,153.0887791845249,0.10715001821517944,0.0,15.0,131.1270085984854
-168.72413635253906,154.503173828125,-164.2310113894135,159.66843713123788,-171.02790157321505,151.85478232977957,0.10715001821517944,0.0,15.0,131.01913891572278
-167.57318115234375,153.5061492919922,-163.27099527477318,158.47254984538546,-170.09408244091057,150.59604593735565,0.10715001821517944,0.0,15.0,130.9010200632398
-166.4115447998047,152.50567626953125,-162.31420094598255,157.26304949459302,-169.16575120904858,149.3078026482076,0.10715001821517944,0.0,15.0,130.7370641816443
-165.23788452148438,151.50328063964844,-161.35737016953016,156.04680159940463,-168.23080033602258,147.9990091692203,0.11110001802444458,0.0,15.0,130.49986041153116
-164.0876922607422,150.52952575683594,-160.42761140507423,154.8527869267525,-167.31180034480542,146.72123248761503,0.11110001802444458,0.0,15.0,130.25131330170504
-162.92520141601562,149.55455017089844,-159.49265286848697,153.6472744587016,-166.38128105179007,145.43376910398538,0.11110001802444458,0.0,15.0,129.98640201889103
-161.74945068359375,148.5796356201172,-158.54758888620347,152.4410933759569,-165.438685823069,144.13040372195897,0.11110001802444458,0.0,15.0,129.66500402434792
-160.55935668945312,147.6063995361328,-157.59073078689235,151.236499072747,-164.4806426799405,142.81136677544686,0.11110001802444458,0.0,15.0,129.2756428030262
-159.3548126220703,146.63507080078125,-156.6198662722272,150.02667580577622,-163.51170904935833,141.4801065255791,0.11110001802444458,0.0,15.0,128.88225487918464
-158.17333984375,145.69715881347656,-155.66936950707372,148.85137032857423,-162.56177933102754,140.1691115513617,0.11110001802444458,0.0,15.0,128.44429829194755
-156.97747802734375,144.76243591308594,-154.7050166546195,147.66976789753116,-161.59844695355656,138.85048030426503,0.11110001802444458,0.0,15.0,128.01229272075506
-155.76629638671875,143.83241271972656,-153.7328332285073,146.480618981354,-160.60492931196208,137.53099636084033,0.11110001802444458,0.0,15.0,127.51937330099368
-154.53929138183594,142.90806579589844,-152.74371089178027,145.2915715892037,-159.5882476621474,136.20593430643547,0.11110001802444458,0.0,15.0,126.99202714151409
-153.29550170898438,141.99102783203125,-151.73057921034572,144.11355112911662,-158.54302719822533,134.87374559431515,0.11110001802444458,0.0,15.0,126.40110810041831
-152.07591247558594,141.11068725585938,-150.73256445226951,142.9717088085271,-157.48953410105156,133.61086863245674,0.11110001802444458,0.0,15.0,125.82301950840456
-150.83966064453125,140.2388916015625,-149.71658548754954,141.8314709088664,-156.3773708235929,132.38612895589796,0.11110001802444458,0.0,15.0,125.19120770048879
-149.58602905273438,139.37709045410156,-148.66231210768143,140.7207887627058,-155.21324122017626,131.19138431106273,0.11110001802444458,0.0,15.0,124.50633273337938
-148.31207275390625,138.53025817871094,-147.56411709819986,139.6554666131577,-153.9560693398849,130.0395508565848,0.11509999632835388,0.0,15.0,123.61303197612442
-147.01925659179688,137.6997528076172,-146.41917576031113,138.6338758422402,-152.62913675352033,128.96706546687014,0.11509999632835388,0.0,15.0,122.71669762356633
-145.70404052734375,136.88978576660156,-145.23003989078907,137.65946307467576,-151.21381653359836,127.9430687423163,0.11509999632835388,0.0,15.0,121.6265615582398
-144.42135620117188,136.10516357421875,-144.01268034500808,136.7732585124899,-149.93496763789534,127.09162426938516,0.11509999632835388,0.0,15.0,121.45426174922355
-143.12307739257812,135.33004760742188,-142.7463844394451,135.96098865282465,-148.53627267735828,126.26322789778301,0.11509999632835388,0.0,15.0,120.83861737177132
-141.80941772460938,134.56407165527344,-141.42437089632924,135.22443245011584,-147.1044775504375,125.48296863479104,0.11509999632835388,0.0,15.0,120.24584290482868
-140.4762725830078,133.81350708007812,-140.06567555691254,134.54280532913617,-145.5949736866285,124.72172239809161,0.11509999632835388,0.0,15.0,119.37963707078293
-139.1224365234375,133.08200073242188,-138.67605188216612,133.90814752626423,-144.0308686156234,123.99771543039445,0.11509999632835388,0.0,15.0,118.3832936769211
-137.74993896484375,132.3701629638672,-137.25125811004042,133.33167173169315,-142.44392084442487,123.31967568375396,0.11509999632835388,0.0,15.0,117.41324605987383
-136.4139862060547,131.6840057373047,-135.82429936094752,132.83213001122544,-140.99445244529664,122.76580700388648,0.11509999632835388,0.0,15.0,117.18543571458235
-135.07485961914062,130.99057006835938,-134.3590593255717,132.37288604512034,-139.58471487024238,122.28137419000224,0.11509999632835388,0.0,15.0,117.37633300921686
-133.7235107421875,130.30892944335938,-132.90041280455318,131.9407166826316,-138.03718325821603,121.75709685550747,0.11509999632835388,0.0,15.0,116.76706164580773
-132.35333251953125,129.6422576904297,-131.43053233441395,131.5388442968885,-136.43826635154352,121.2466906771003,0.11509999632835388,0.0,15.0,115.94562818831047
-130.97113037109375,128.98179626464844,-129.9307432143086,131.15910035415558,-134.88374874000516,120.79353680781746,0.11904999613761902,0.0,15.0,115.53999771135152
-129.57461547851562,128.33238220214844,-128.41672384854726,130.82233891638634,-133.29216185068563,120.33808523143078,0.11904999613761902,0.0,15.0,114.9395960914938
-128.16363525390625,127.6944808959961,-126.87665015821302,130.54117599110924,-131.69462501400048,119.88424963178653,0.11904999613761902,0.0,15.0,114.32762959861184
-126.78975677490234,127.08950805664062,-125.36286224681588,130.32995053011595,-130.15055926525648,119.45720803702402,0.11904999613761902,0.0,15.0,113.76578499888664
-125.40290069580078,126.4943618774414,-123.8345357133506,130.1490883735229,-128.60227598829653,119.03892785332445,0.11904999613761902,0.0,15.0,113.22578425853325
-124.00347137451172,125.90880584716797,-122.31106363069958,129.95351702393,-127.04975451344978,118.6284471365119,0.11904999613761902,0.0,15.0,112.70564689734367
-122.59122467041016,125.33350372314453,-120.79367035037173,129.746124601656,-125.48755343930259,118.22362078154038,0.11904999613761902,0.0,15.0,112.16434004190054
-121.16616821289062,124.76860809326172,-119.27438247319031,129.54099672930505,-123.91876156900157,117.82466884228005,0.11904999613761902,0.0,15.0,111.62348749091801
-119.728515625,124.21392822265625,-117.75252457264521,129.33542045738557,-122.34656273923467,117.42831654201137,0.11904999613761902,0.0,15.0,111.09777662103227
-118.27862548828125,123.66922760009766,-116.2275164885028,129.12889220291152,-120.76264788874984,117.05722932311676,0.11904999613761902,0.0,15.0,110.5903994610257
-116.81651306152344,123.13441467285156,-114.69928306879933,128.92265973006542,-119.16981356279588,116.70078202952065,0.11904999613761902,0.0,15.0,110.09155888313697
-115.3971176147461,122.62850189208984,-113.22470424878112,128.72345295366668,-117.64365277618093,116.32559376163152,0.11904999613761902,0.0,15.0,109.61750875495632
-113.96688079833984,122.1312026977539,-111.74444876709941,128.52293658601226,-116.14158450824667,115.87673587755857,0.11904999613761902,0.0,15.0,109.17277239954448
-112.52596282958984,121.64175415039062,-110.25720176756573,128.32090070968044,-114.66497420806425,115.34458574074195,0.11904999613761902,0.0,15.0,108.76150883838564
-111.0747299194336,121.15948486328125,-108.76276586205273,128.1165903992358,-113.21024617334992,114.73334172977894,0.11904999613761902,0.0,15.0,108.38252156320706
-109.61334991455078,120.6834945678711,-107.25973701373255,127.90953019434576,-111.7595072300729,114.09438672579957,0.11904999613761902,0.0,15.0,108.0410969663161
-108.141845703125,120.21385955810547,-105.75265874900582,127.69988294172086,-110.28658691463716,113.49375637258362,0.11904999613761902,0.0,15.0,107.70064002986669
-106.66012573242188,119.751708984375,-104.24626422101825,127.49088970006167,-108.8015231285847,112.8860866797349,0.11904999613761902,0.0,15.0,107.3227748428208
-105.1681137084961,119.29730224609375,-102.73638325174122,127.28171527251149,-107.28979717471621,112.33090633713685,0.11904999613761902,0.0,15.030501365661621,106.93862290008451
-103.72347259521484,118.86919403076172,-101.28887271987244,127.08469410375433,-105.73795142579469,112.07138255164003,0.11904999613761902,0.0,15.101546287536621,106.50678244278446
-102.2693099975586,118.4490966796875,-99.83198307040131,126.88587840818354,-104.14617170034909,111.95235947772125,0.11904999613761902,0.0,15.168238639831543,106.11363402899396
-100.80552673339844,118.03764343261719,-98.37371384281154,126.68904437830403,-102.55270755895853,111.82188484977306,0.11904999613761902,0.0,15.238391876220703,105.70008444144115
-99.33241271972656,117.63494873046875,-96.91147861711688,126.49106710923968,-100.96691849254663,111.65569609435819,0.11904999613761902,0.0,15.304189682006836,105.28901008896803
-97.84965515136719,117.24207305908203,-95.45075638686758,126.29579045073113,-99.3739165859768,111.4893366517899,0.11904999613761902,0.0,15.370686531066895,104.84023817755944
-96.3572998046875,116.86016845703125,-93.99238753400446,126.1014539839151,-97.77408091942372,111.32386211168306,0.11904999613761902,0.0,15.437024116516113,104.35435087442836
-94.85525512695312,116.48867797851562,-92.5263884169051,125.90496735679983,-96.1731946430025,111.15986297478328,0.11904999613761902,0.0,15.505715370178223,103.89180454767607
-93.34358215332031,116.12913513183594,-91.06481701243378,125.71004519178113,-94.56440925479178,110.99625221728022,0.11509999632835388,0.0,15.567752838134766,103.37889229219431
-91.8228530883789,115.78102111816406,-89.59516802076237,125.51261851674973,-92.95524337784259,110.83419692145702,0.11509999632835388,0.0,15.629651069641113,102.89357621417953
-90.35447692871094,115.45967864990234,-88.19563503546063,125.3245184443095,-91.40094867208276,110.67782031650006,0.11110001802444458,0.0,15.684990882873535,102.34412112923756
-88.87835693359375,115.14981842041016,-86.78252541874059,125.13399357751756,-89.84952482096762,110.52334428554731,0.11110001802444458,0.0,15.737220764160156,101.8551332168698
-87.39510345458984,114.84966278076172,-85.35341326216488,124.93890876164515,-88.30165388799307,110.36983996013181,0.11110001802444458,0.0,15.78852653503418,101.44005633045921
-85.90486145019531,114.55936431884766,-83.92128019948237,124.74204348101607,-86.75056051115254,110.21798319196947,0.11110001802444458,0.0,15.840383529663086,101.02314399683742
-84.4077377319336,114.27801513671875,-82.47883851404664,124.54213158939048,-85.1993509584324,110.06565905978496,0.11110001802444458,0.0,15.89335823059082,100.64325876110543
-82.90399169921875,114.00516510009766,-81.0287614473315,124.3400365431176,-83.6462545098481,109.91436573448979,0.11110001802444458,0.0,15.944923400878906,100.2842522592605
-81.39369201660156,113.74012756347656,-79.56938773854394,124.13581040626798,-82.09145598709934,109.76396359583792,0.11509999632835388,0.0,16.00025749206543,99.9533015756614
-79.87675476074219,113.48165130615234,-78.09684738613254,123.92751521827748,-80.53571293982324,109.61437845777054,0.11509999632835388,0.0,16.057161331176758,99.6699568361293
-78.35319519042969,113.22857666015625,-76.61105663717728,123.71659633186626,-78.97852243193425,109.4639826226085,0.11904999613761902,0.0,16.11829376220703,99.43114645619832
-76.82295989990234,112.98017120361328,-75.11478166065078,123.50294578590778,-77.41813385481575,109.31376144560664,0.11904999613761902,0.0,16.171762466430664,99.22048245545679
-75.28659057617188,112.73681640625,-73.6152463210803,123.28849679528547,-75.85269934220165,109.16280779229739,0.11904999613761902,0.0,16.228748321533203,99.00064763789817
-73.74444580078125,112.49820709228516,-72.10841376984827,123.07196972942494,-74.28396955403947,109.0112361796204,0.11904999613761902,0.0,16.27713394165039,98.7953806349709
-72.19794464111328,112.26130676269531,-70.57560248411849,122.85206462071326,-72.71877484387055,108.86129244465378,0.11904999613761902,0.0,16.31719207763672,98.70913682441675
-70.71198272705078,112.03384399414062,-69.08879229004211,122.63777352507591,-71.21990452326865,108.71570780289615,0.11904999613761902,0.0,16.359420776367188,98.70296292100487
-69.22309112548828,111.8077621459961,-67.61079977830337,122.42571783680796,-69.71522122153108,108.5667749863111,0.11904999613761902,0.0,16.379167556762695,98.63416356956976
-67.73059844970703,111.58455657958984,-66.14075579555862,122.21524359678733,-68.20517181054981,108.41126087472563,0.11904999613761902,0.0,16.405969619750977,98.50567161595364
-66.23571014404297,111.3650131225586,-64.67306089200407,122.00521221715125,-66.69287175216024,108.2521645275043,0.11904999613761902,0.0,16.452747344970703,98.35489129682921
-64.73699188232422,111.1473159790039,-63.19072714170528,121.79244970183224,-65.18021162923387,108.09600571465506,0.11904999613761902,0.0,16.468910217285156,98.26472706799657
-63.23546600341797,110.9332046508789,-61.71712345945342,121.58107948670327,-63.66194645496809,107.94237067465755,0.11904999613761902,0.0,16.523502349853516,98.11542910473663
-61.72977066040039,110.72322845458984,-60.24496991654541,121.37042373120958,-62.138736057476976,107.79062321306121,0.11904999613761902,0.0,16.52621078491211,97.9389617271051
-60.22163772583008,110.5172348022461,-58.76804145373979,121.15938996851185,-60.614474264609115,107.64117665533472,0.11904999613761902,0.0,16.58983612060547,97.7778155550334
-58.708038330078125,110.31352996826172,-57.27708915916045,120.94599144739819,-59.08643755091479,107.5018891210184,0.11904999613761902,0.0,16.61542320251465,97.66498499420568
-57.19044876098633,110.11629486083984,-55.81014012495824,120.73682796746888,-57.54730330582373,107.37054263646591,0.11904999613761902,0.0,16.65580177307129,97.40499872146822
-55.66693115234375,109.92366790771484,-54.32653655659664,120.52506473209844,-56.00510625462992,107.24898653639528,0.11904999613761902,0.0,16.72487449645996,97.20599370297155
-54.13753890991211,109.73780059814453,-52.85203487890594,120.3154535333515,-54.45465131609941,107.12847002181627,0.11904999613761902,0.0,16.774667739868164,96.9291858111836
-52.600067138671875,109.56547546386719,-51.418143322734345,120.11051006013156,-52.88683514860645,107.00695304043727,0.11904999613761902,0.0,16.84712028503418,96.39521714457011
-51.055572509765625,109.40308380126953,-49.95176692843918,119.9012938968169,-51.3204901632484,106.88347234855388,0.11904999613761902,0.0,16.913774490356445,96.00215509174312
-49.5055046081543,109.2398910522461,-48.40587134843547,119.68463341754314,-49.766211478455894,106.763596279333,0.11904999613761902,0.0,16.96990203857422,96.01001886782869
-47.94964599609375,109.07726287841797,-46.86347362026667,119.46863975570399,-48.20298180369402,106.6536071936732,0.11904999613761902,0.0,17.032817840576172,95.96724767124283
-46.45563888549805,108.92723083496094,-45.417479962245494,119.26513450893108,-46.693227657529405,106.56134081151262,0.11904999613761902,0.0,17.091264724731445,95.73456426571242
-44.95603561401367,108.78157806396484,-43.95754019108612,119.06182877628736,-45.17979339904036,106.47782576216262,0.11904999613761902,0.0,17.149219512939453,95.54759667189751
-43.450927734375,108.6400375366211,-42.49015968403235,118.85661359588542,-43.66276082526766,106.387455465223,0.11904999613761902,0.0,17.207422256469727,95.37230249030705
-41.94050216674805,108.50112915039062,-41.007053976133896,118.65101319568866,-42.14486406444507,106.27899236148417,0.11904999613761902,0.0,17.263513565063477,95.25450536474848
-40.424808502197266,108.36493682861328,-39.51906295343473,118.44504099336092,-40.62314840691357,106.15759846266937,0.11904999613761902,0.0,17.32102394104004,95.13451084986944
-38.904052734375,108.23001861572266,-38.01610838393774,118.23864875913664,-39.09981053248689,106.02349813048478,0.11904999613761902,0.0,17.37547492980957,95.06988588168672
-37.378334045410156,108.09606170654297,-36.50603142060783,118.03125971345396,-37.5730634264963,105.87816747597998,0.11904999613761902,0.0,17.432294845581055,95.0176578748655
-35.84757614135742,107.96318817138672,-34.99159723894833,117.8244180169258,-36.04257289458801,105.7167451839149,0.11904999613761902,0.0,17.485919952392578,94.96097915287157
-34.312095642089844,107.83097076416016,-33.469477923519776,117.61654365007094,-34.5092397932038,105.54147646889369,0.11904999613761902,0.0,17.53893280029297,94.92149469336982
-32.771724700927734,107.70045471191406,-31.949057896218953,117.40969750944139,-32.96965460417788,105.36445491643538,0.11904999613761902,0.0,17.59120750427246,94.8431192766549
-31.226848602294922,107.5715103149414,-30.423011322117357,117.20224286704807,-31.425286052595112,105.19404156686228,0.11110001802444458,0.0,17.63920783996582,94.77118190004475
-29.677993774414062,107.44380950927734,-28.890607260747306,116.99384638460644,-29.877294364489487,105.02653673223728,0.11110001802444458,0.0,17.679471969604492,94.71329221486593
-28.12546157836914,107.31676483154297,-27.350596989146666,116.78589210075648,-28.326627939876882,104.8584386854058,0.11110001802444458,0.0,17.72149085998535,94.67812597844558
-26.569231033325195,107.1909408569336,-25.81027384346824,116.57796240749988,-26.771358026948846,104.69097054180422,0.11110001802444458,0.0,17.760751724243164,94.62240972674726
-25.009504318237305,107.06599426269531,-24.264155949336626,116.37028758984702,-25.21334645052495,104.52140294087671,0.11110001802444458,0.0,17.8006591796875,94.58007003921418
-23.446290969848633,106.94194793701172,-22.714527663298018,116.16352030005547,-23.651792876977556,104.3522434651303,0.11110001802444458,0.0,17.838911056518555,94.53710866726168
-21.879770278930664,106.81706237792969,-21.15127001555432,115.95511440177201,-22.089791790164803,104.18262613642612,0.11110001802444458,0.0,17.875289916992188,94.55807204470194
-20.38141441345215,106.69747924804688,-19.658299261085798,115.75798662083676,-20.594943333861004,104.02199893023419,0.11110001802444458,0.0,17.912696838378906,94.56307936290008
-18.88010025024414,106.5773696899414,-18.161368617657402,115.56118410544838,-19.097538961038158,103.85948594035591,0.11110001802444458,0.0,17.946409225463867,94.5740890623859
-17.37587547302246,106.45641326904297,-16.659538509516796,115.36484327500128,-17.597696681200365,103.69782505209645,0.11110001802444458,0.0,17.982301712036133,94.59732696463594
-15.868731498718262,106.33543395996094,-15.159633343787629,115.1692834793798,-16.093515043897707,103.53511076246092,0.11110001802444458,0.0,18.016698837280273,94.5893249827079
-14.358820915222168,106.21427154541016,-13.655843174069245,114.9746906511561,-14.586797158885231,103.37326062326257,0.11110001802444458,0.0,18.048141479492188,94.5878556038081
-12.846159934997559,106.0932388305664,-12.150995918936747,114.78136487408233,-13.076836499101375,103.21025435795842,0.11110001802444458,0.0,18.08289909362793,94.57466783477382
-11.330699920654297,105.97218322753906,-10.642368557031535,114.58920410143489,-11.564271168125854,103.04817246561285,0.11110001802444458,0.0,18.114154815673828,94.5671141096641
-9.81250286102295,105.85128021240234,-9.1318448878828,114.39840314616421,-10.04878112494076,102.8842990736013,0.11110001802444458,0.0,18.1463565826416,94.55319290326437
-8.291678428649902,105.73088836669922,-7.620400469648117,114.21066467547732,-8.530005040568053,102.7202780369632,0.1032000184059143,0.0,18.174715042114258,94.5262223678865
-6.7686920166015625,105.60977172851562,-6.09966331168627,114.02250215215702,-7.011505065554358,102.55650852893298,0.11110001802444458,0.0,18.203617095947266,94.54692057584803
-5.243106842041016,105.48854064941406,-4.579640869343952,113.83766910123683,-5.48917027289906,102.3920514908539,0.11110001802444458,0.0,18.233131408691406,94.54347857255898
-3.7149455547332764,105.3677978515625,-3.060203405862859,113.65443376588426,-3.9630320973139614,102.22793148255639,0.11110001802444458,0.0,18.264305114746094,94.51765811927076
-2.18424391746521,105.2475814819336,-1.5384118475971618,113.47088925440138,-2.434366897696393,102.06279344898854,0.11110001802444458,0.0,18.29187774658203,94.49060813670948
-0.6511723399162292,105.12793731689453,-0.014151754602117816,113.29045952046235,-0.903417017050723,101.89577681013972,0.10715001821517944,0.0,18.318918228149414,94.46243949949088
0.8840025067329407,105.00914001464844,1.5108444790289295,113.10959356450503,0.6296087990345464,101.72170154744002,0.1032000184059143,0.0,18.342069625854492,94.42493324215768
2.421018362045288,104.89104461669922,3.0387556674270577,112.93091788253115,2.163787361767444,101.54317388870598,0.09920001029968262,0.0,18.359594345092773,94.39364353319883
3.959366798400879,104.7730484008789,4.5713942504322915,112.75221508257127,3.69841552021725,101.37095632556955,0.09525001049041748,0.0,18.37389373779297,94.38618004740191
5.498268127441406,104.65557098388672,6.102914084459066,112.57616109113545,5.235919011175872,101.21891554805528,0.09525001049041748,0.0,18.374408721923828,94.36540702373813
7.037562847137451,104.53944396972656,7.630753623241542,112.40234680963023,6.777003168086358,101.08565553789882,0.09525001049041748,0.0,18.381929397583008,94.31431862247561
8.577486991882324,104.42437744140625,9.16068019260489,112.22919526248222,8.318885261243622,100.96353565973023,0.09130001068115234,0.0,18.383556365966797,94.27332557525902
10.117436408996582,104.31082916259766,10.68863314109038,112.0574377759097,9.861707660511058,100.84261862429895,0.09130001068115234,0.0,18.38228416442871,94.21707683664017
11.657085418701172,104.19908905029297,12.215103655469573,111.88793245591684,11.404751485329665,100.72222042525574,0.09130001068115234,0.0,18.374279022216797,94.15096667965511
13.196246147155762,104.08859252929688,13.744017894588886,111.71877630527128,12.946198573766203,100.6055561247373,0.09130001068115234,0.0,18.3673095703125,94.10622584425602
14.73496150970459,103.97909545898438,15.273750277057594,111.55046290405629,14.486503022611144,100.4876149111009,0.09130001068115234,0.0,18.362350463867188,94.07038384083204
16.273298263549805,103.87010955810547,16.80557366142441,111.3831805252196,16.02518365827984,100.36797016783083,0.09130001068115234,0.0,18.35511589050293,94.05243913662135
17.811077117919922,103.76194763183594,18.33538334456167,111.21620678153997,17.56383019514491,100.24674498368745,0.09130001068115234,0.0,18.350324630737305,94.02335642789413
19.348388671875,103.65530395507812,19.861403885022412,111.0506248827061,19.103423869978243,100.12403766984465,0.09130001068115234,0.0,18.339879989624023,93.96826491942426
20.884737014770508,103.55035400390625,21.38586070567283,110.88623690339048,20.642262415772162,100.00080067676575,0.09130001068115234,0.0,18.330007553100586,93.90787805931588
22.420881271362305,103.44622802734375,22.91402266302107,110.72141853688576,22.179048279080803,99.87852691748039,0.09130001068115234,0.0,18.325536727905273,93.8778043433161
23.956314086914062,103.34243774414062,24.444017428720414,110.55733004574658,23.713864302367302,99.7557305512524,0.09130001068115234,0.0,18.320262908935547,93.86712615629045
25.491422653198242,103.23921966552734,25.97237791788639,110.39221608574212,25.248954059239026,99.6331109233154,0.09130001068115234,0.0,18.311403274536133,93.84668041529191
27.02562141418457,103.1371078491211,27.49755760907302,110.22780460630999,26.784277396483034,99.51098791549803,0.09130001068115234,0.0,18.300804138183594,93.80782471194362
28.559162139892578,103.03556060791016,29.02452720753656,110.06338603225107,28.317667087066695,99.38856346501184,0.09130001068115234,0.0,18.292505264282227,93.78845289636631
30.09181785583496,102.93460845947266,30.5505637888677,109.89929011618091,29.850179312842837,99.26605162496256,0.09130001068115234,0.0,18.279890060424805,93.76848422130026
31.623624801635742,102.83431243896484,32.075484944240216,109.73550853296294,31.38199795466155,99.14397975564388,0.09130001068115234,0.0,18.26973533630371,93.74612991336016
33.15470886230469,102.73464965820312,33.59976562406471,109.57189931966792,32.913083791195966,99.0226491279644,0.09130001068115234,0.0,18.26251792907715,93.72429727296999
34.685096740722656,102.63568878173828,35.12311336687339,109.4094296695805,34.443677651483725,98.90224521304457,0.09130001068115234,0.0,18.252904891967773,93.69981849818123
36.214805603027344,102.53751373291016,36.64546256496791,109.2477703526651,35.973810967251225,98.78246971189803,0.09130001068115234,0.0,18.243654251098633,93.67214448422774
37.7437629699707,102.43983459472656,38.16836197037429,109.08602109612313,37.50248307168123,98.6631153807257,0.09130001068115234,0.0,18.23472023010254,93.65543671819299
39.27198028564453,102.3425521850586,39.691011337857006,108.92514519423416,39.03018944092231,98.54424006535403,0.09130001068115234,0.0,18.22682762145996,93.64238825583399
40.79957580566406,102.24543762207031,41.2140525564719,108.76508625358098,40.55674706550109,98.42578293598886,0.09130001068115234,0.0,18.219711303710938,93.63759679891494
42.32672119140625,102.1487808227539,42.7354122435211,108.605963957778,42.08359429606425,98.30745647726279,0.09130001068115234,0.0,18.213706970214844,93.6215604899944
43.85334396362305,102.05255889892578,44.25642948159301,108.44777016058093,43.60985479315153,98.18944644345284,0.09130001068115234,0.0,18.207996368408203,93.60654050254442
45.379459381103516,101.95677185058594,45.7769297847559,108.2894203820865,45.1356019065834,98.07154250086602,0.09130001068115234,0.0,18.201719284057617,93.59147391547602
46.90512466430664,101.86149597167969,47.296712254615144,108.13203998266401,46.66110531815285,97.95398182297167,0.09130001068115234,0.0,18.19598388671875,93.5734089731244
48.43036651611328,101.76665496826172,48.81644583434678,107.97561852900718,48.185988234271164,97.83654067481066,0.09130001068115234,0.0,18.19068145751953,93.55812552691762
49.95513916015625,101.6719970703125,50.33678957319334,107.81971555967557,49.709756317537085,97.71931003785879,0.09130001068115234,0.0,18.184642791748047,93.55236361426826
51.479393005371094,101.57746887207031,51.8568274724502,107.66354634376793,51.23287094658143,97.60233549358675,0.09130001068115234,0.0,18.17909049987793,93.54871297854196
53.003238677978516,101.48319244384766,53.37594770919869,107.50750896785956,52.75590215162758,97.4853458721948,0.09130001068115234,0.0,18.173540115356445,93.54023086959518
54.52662658691406,101.38898468017578,54.895426596641194,107.35267019542117,54.2779640262193,97.36798339957274,0.09130001068115234,0.0,18.167980194091797,93.53871928857309
56.049537658691406,101.29451751708984,56.415753905510215,107.19831264257435,55.798717990738226,97.25103789022808,0.09130001068115234,0.0,18.162342071533203,93.54954643527883
57.57191848754883,101.1993637084961,57.93726351464074,107.04457656316738,57.31779819738408,97.13365300613003,0.09130001068115234,0.0,18.1570987701416,93.57652207551456
59.09381103515625,101.10336303710938,59.458908238260065,106.89122581483653,58.835988499586094,97.01611875202659,0.09130001068115234,0.0,18.15215492248535,93.60942377863793
60.61520767211914,101.00639343261719,60.98055833464934,106.73853261371889,60.35329578837281,96.89714846664043,0.09130001068115234,0.0,18.145994186401367,93.64694102097836
62.1358757019043,100.90821838378906,62.50245166851604,106.58624309137002,61.8692081419085,96.7777102973978,0.09130001068115234,0.0,18.13409996032715,93.6939162280777
63.654518127441406,100.80818939208984,64.02508809212199,106.43419101855754,63.38125942799567,96.6595696062061,0.09130001068115234,0.0,18.103233337402344,93.76847908209014
65.17523193359375,100.70508575439453,65.55330451805827,106.2814185761513,64.89306275432507,96.54326783820598,0.09525001049041748,0.0,18.182390213012695,93.87868939516788
66.6993637084961,100.59857940673828,67.0858155014916,106.12879868600072,66.40795258803749,96.42841529892043,0.09525001049041748,0.0,18.19475746154785,93.99733163489243
68.22430419921875,100.48944091796875,68.61694593509192,105.97563820850503,67.92552928282639,96.31480030533297,0.09525001049041748,0.0,18.20725440979004,94.09362267391724
69.75019836425781,100.37763977050781,70.14911735000565,105.82220064040946,69.44441147185668,96.20417245414298,0.09525001049041748,0.0,18.221223831176758,94.19053169312102
71.27713012695312,100.26417541503906,71.67873210013396,105.66868158155762,70.96798782327873,96.10393318986516,0.09920001029968262,0.0,18.234331130981445,94.24976582109517
72.80525970458984,100.14935302734375,73.20839619964178,105.5145506536845,72.49417158016348,96.00919383252783,0.09920001029968262,0.0,18.252731323242188,94.2970824823758
74.33478546142578,100.03357696533203,74.73801122614614,105.36062110764564,74.02188774148307,95.89986302143251,0.09920001029968262,0.0,18.269079208374023,94.3286973209146
75.86576080322266,99.91735076904297,76.26733331777447,105.20701555505342,75.55018218022737,95.76042999188537,0.1032000184059143,0.0,18.287612915039062,94.34136413214907
77.39839935302734,99.80084228515625,77.79762488559757,105.05254946450948,77.07838430996065,95.59112832133633,0.1032000184059143,0.0,18.30941390991211,94.3471633809472
78.9327392578125,99.68436431884766,79.32861052296231,104.89909375246343,78.60815967134963,95.40874526769397,0.09920001029968262,0.0,18.32685089111328,94.34122840504477
80.46858978271484,99.56782531738281,80.86151307864714,104.74610420014832,80.13956562129576,95.2316638206371,0.10715001821517944,0.0,18.34596824645996,94.33923871544481
82.00626373291016,99.45133209228516,82.3957872942812,104.59292065080825,81.67381465865596,95.06310882162973,0.10715001821517944,0.0,18.36911392211914,94.33241676832435
83.5458984375,99.33477020263672,83.93232187591776,104.43893364962071,83.20988239783455,94.89642455185725,0.10715001821517944,0.0,18.393726348876953,94.32946103970501
85.08763885498047,99.2179946899414,85.47146164963756,104.28545362901836,84.74772104200736,94.73019567466682,0.10715001821517944,0.0,18.418296813964844,94.33146396993925
86.63140106201172,99.10111999511719,87.01220347616592,104.13102297113501,86.2878905930725,94.56379495255332,0.10715001821517944,0.0,18.44322395324707,94.3294729334044
88.17732238769531,98.98339080810547,88.55753337921598,103.97600389726753,87.82808878819283,94.39754695052072,0.10715001821517944,0.0,18.469024658203125,94.3549374568223
89.7251968383789,98.8651351928711,90.10368129792695,103.81920374812829,89.37120928440608,94.23171216624732,0.10715001821517944,0.0,18.493074417114258,94.36883702362591
91.27513122558594,98.74618530273438,91.652487429997,103.66319158807326,90.91595366769468,94.06604942830157,0.10715001821517944,0.0,18.51905059814453,94.38856863180625
92.82717895507812,98.62686920166016,93.20228539474293,103.50620311182132,92.4638556091897,93.9008081840706,0.10715001821517944,0.0,18.543109893798828,94.39605619175617
94.38127899169922,98.50719451904297,94.75414167421329,103.34920367149942,94.0138348581381,93.73555085193425,0.10715001821517944,0.0,18.56816864013672,94.40341588238849
95.93746185302734,98.38677215576172,96.30927168494948,103.19156150173374,95.56478935148921,93.57083478350268,0.10715001821517944,0.0,18.593902587890625,94.42491076926544
97.49578857421875,98.26573944091797,97.86620650085685,103.03496364475126,97.1183849650976,93.40657281372289,0.10715001821517944,0.0,18.620098114013672,94.44115456210201
99.05622100830078,98.14378356933594,99.42622145463002,102.87796069084203,98.67316524357646,93.24256289349613,0.10715001821517944,0.0,18.645383834838867,94.46887752830234
100.6185531616211,98.02035522460938,100.98996190553413,102.72157538538465,100.22819440530692,93.07926946614081,0.10715001821517944,0.0,18.66951560974121,94.51713493013557
102.18295288085938,97.89508819580078,102.55687375275214,102.5648062578472,101.78425347421722,92.91592292187629,0.10715001821517944,0.0,18.6967716217041,94.5781081653211
103.74932861328125,97.76802062988281,104.12580917165299,102.40893750038325,103.34248830778823,92.75285584812582,0.10715001821517944,0.0,18.720970153808594,94.63779381483734
105.31776428222656,97.63923645019531,105.69658088130922,102.25276481549236,104.90316414883972,92.58990788257677,0.10715001821517944,0.0,18.746841430664062,94.6940235799352
106.8132553100586,97.5150146484375,107.1944052960488,102.1036325580213,106.39125541721077,92.43460972297682,0.10715001821517944,0.0,18.769031524658203,94.74832885899812
108.31057739257812,97.389404296875,108.69364017627616,101.95565507069814,107.88191691628107,92.27961207769191,0.10715001821517944,0.0,18.794532775878906,94.7953149941087
109.80968475341797,97.26289367675781,110.19321642767044,101.80761217908214,109.37604810908856,92.12444850241636,0.10715001821517944,0.0,18.81650161743164,94.82379746663334
111.31061553955078,97.13630676269531,111.69207184159355,101.65920323695242,110.8747964980772,91.96883569054629,0.10715001821517944,0.0,18.83991241455078,94.82085666577059
112.81340026855469,97.00933837890625,113.19377963061804,101.51146937780689,112.37441012710936,91.81349622466328,0.1032000184059143,0.0,18.863157272338867,94.82937858184386
114.31784057617188,96.88138580322266,114.69904830481302,101.36354858485446,113.87360581815491,91.6581640553623,0.1032000184059143,0.0,18.883119583129883,94.86130440586835
115.82381439208984,96.75248718261719,116.20577501676848,101.21508497284748,115.37452303731175,91.5032377117085,0.1032000184059143,0.0,18.903743743896484,94.89211095678637
117.33126068115234,96.62290954589844,117.713250309451,101.06680019107979,116.87784175898368,91.3480435356668,0.1032000184059143,0.0,18.921613693237305,94.91297557634608
118.84017181396484,96.49247741699219,119.22276190824118,100.9184916007543,118.38206506059551,91.19284468100876,0.1032000184059143,0.0,18.94144630432129,94.94043675182635
120.35060119628906,96.36138916015625,120.73318722482202,100.76963435855055,119.88854931376497,91.03751991078445,0.1032000184059143,0.0,18.96123695373535,94.9601993182627
121.86259460449219,96.22982025146484,122.24466873755856,100.62062638026116,121.3972732231999,90.88233452548596,0.1032000184059143,0.0,18.980934143066406,94.97317151599161
123.37611389160156,96.09767150878906,123.7579628711937,100.47104490359806,122.90720989852157,90.7272440422912,0.1032000184059143,0.0,19.00113868713379,94.98996768473184
124.89115142822266,95.96488189697266,125.27291695844836,100.3205622891985,124.41847887320029,90.57201528945824,0.1032000184059143,0.0,19.02075958251953,95.00904489063116
126.40765380859375,95.83146667480469,126.78930920956869,100.16966223191508,125.93129135991228,90.41675630213557,0.1032000184059143,0.0,19.038715362548828,95.02768688047892
127.92559814453125,95.69760131835938,128.3066686104409,100.01868759998396,127.44616841179241,90.26118620233757,0.1032000184059143,0.0,19.05731201171875,95.03979524872275
129.44508361816406,95.56327819824219,129.8256022388425,99.86776811824436,128.96263462872054,90.10573499504139,0.1032000184059143,0.0,19.078433990478516,95.05183759040723
130.96604919433594,95.4288101196289,131.3451044358143,99.71629589098552,130.4816669253619,89.9499725812694,0.1032000184059143,0.0,19.094465255737305,95.05236525727024
132.48837280273438,95.29373931884766,132.86730392467305,99.56450538781009,132.00041081713547,89.79413432367767,0.1032000184059143,0.0,19.113523483276367,95.07038973030814
134.0121307373047,95.15815734863281,134.390644657207,99.41214176767092,133.5209773635349,89.6382578429186,0.1032000184059143,0.0,19.13072395324707,95.08471216163476
135.53736877441406,95.0224838256836,135.91429901904803,99.25992333455402,135.04452547562622,89.48195292985775,0.1032000184059143,0.0,19.149751663208008,95.08321595751192
137.06396484375,94.88636016845703,137.4403464420189,99.10739477915173,136.5681327468998,89.32571519664094,0.1032000184059143,0.0,19.16759490966797,95.09547916524555
138.59197998046875,94.74910736083984,138.96972790592375,98.95451895117488,138.09082006709903,89.16976842533744,0.1032000184059143,0.0,19.186355590820312,95.13277535328439
140.12135314941406,94.61113739013672,140.49938778584936,98.80158569529864,139.61636136268598,89.01339111807643,0.1032000184059143,0.0,19.202865600585938,95.15489364524187
141.6520538330078,94.47248077392578,142.0303193927511,98.64834606403338,141.14337994306078,88.85697181123982,0.1032000184059143,0.0,19.222043991088867,95.17594080042646
143.18417358398438,94.33306884765625,143.56287432307238,98.49494292537611,142.6716440840208,88.70043331305976,0.1032000184059143,0.0,19.239694595336914,95.19918796901902
144.71766662597656,94.19275665283203,145.09725203273726,98.34130254963411,144.20081123121295,88.54396644910747,0.1032000184059143,0.0,19.258127212524414,95.2279165861786
146.2525634765625,94.05170440673828,146.6325595553238,98.18673097085333,145.73202051497503,88.3872802344053,0.1032000184059143,0.0,19.2757625579834,95.2505566671919
147.7887420654297,93.90962982177734,148.17000094677377,98.03198379872028,147.26353384780074,88.23082654503014,0.1032000184059143,0.0,19.29243278503418,95.28400992734535
149.3262939453125,93.76656341552734,149.7087403455813,97.8767608902592,148.79661222171353,88.07401020750147,0.1032000184059143,0.0,19.312150955200195,95.31596154620368
150.865234375,93.6227035522461,151.24836457611403,97.72123765953903,150.3318547362059,87.91687656346629,0.1032000184059143,0.0,19.329259872436523,95.34047894621023
152.40553283691406,93.47844696044922,152.7883161512056,97.56561235722934,151.86995328455407,87.75980110546924,0.1032000184059143,0.0,19.3468074798584,95.3504270825463
153.94725036621094,93.33358764648438,154.33023021756543,97.40958893380254,153.4087328971965,87.60222112894279,0.1032000184059143,0.0,19.364490509033203,95.36773496088416
155.49020385742188,93.18816375732422,155.87337161284887,97.25358952313104,154.94887273373172,87.44461809902454,0.1032000184059143,0.0,19.380765914916992,95.38424125215374
157.03456115722656,93.04235076904297,157.41740643435884,97.09720147476023,156.4911141783416,87.28651023116888,0.09920001029968262,0.0,19.397899627685547,95.39368413962437
158.57997131347656,92.89614868164062,158.96262086177308,96.94089598127738,158.03432406168528,87.12845534955058,0.09920001029968262,0.0,19.41013526916504,95.40432932812192
160.12643432617188,92.7498550415039,160.50809667679295,96.78438933856718,159.57964290413503,86.96974929631355,0.09920001029968262,0.0,19.423418045043945,95.40403365968751
161.6738739013672,92.60320281982422,162.055269913958,96.62760338426844,161.12493853498307,86.8109665997521,0.09920001029968262,0.0,19.435842514038086,95.41380244415211
163.2222900390625,92.45647430419922,163.60267626272898,96.47066448920363,162.67223762520155,86.65180824748464,0.09920001029968262,0.0,19.448884963989258,95.41320628920234
164.77182006835938,92.30928039550781,165.1521697264711,96.31327228699656,164.21927443669094,86.49255838276423,0.09920001029968262,0.0,19.462976455688477,95.42639312376025
166.3221435546875,92.16188049316406,166.70186825008497,96.1557509384822,165.76798919316136,86.3333927664787,0.09525001049041748,0.0,19.471155166625977,95.43117731857456
167.8731231689453,92.0141372680664,168.25261531890146,95.99797197834721,167.31680090704285,86.17397446805866,0.09525001049041748,0.0,19.478809356689453,95.44146256599953
169.42462158203125,91.86629486083984,169.80329141682483,95.84015905033083,168.86699412861864,86.01440077109461,0.09525001049041748,0.0,19.485179901123047,95.44328372612645
170.9767303466797,91.71833801269531,171.35458544352664,95.6821437772678,170.41771859878432,85.8541482551365,0.09525001049041748,0.0,19.493223190307617,95.44534260604391
172.5293426513672,91.57012939453125,172.9067628614757,95.52392958180211,171.96839985157214,85.69377278331494,0.09525001049041748,0.0,19.49909782409668,95.4527944629896
174.08242797851562,91.42132568359375,174.460325202603,95.36549233241306,173.51827241136328,85.5331544272909,0.09525001049041748,0.0,19.506000518798828,95.47289871814168
175.63601684570312,91.27227020263672,176.0135227968249,95.20697316823171,175.06995589242908,85.37227920928552,0.09525001049041748,0.0,19.511899948120117,95.48033627530496
177.19007873535156,91.12307739257812,177.56689135790282,95.0481334057693,176.62250959952163,85.21101257264756,0.09525001049041748,0.0,19.517709732055664,95.48369524126825
178.74456787109375,90.97371673583984,179.12077699915488,94.88915882821638,178.17535290094762,85.04954295194689,0.09525001049041748,0.0,19.52361297607422,95.48832725878864
180.2994842529297,90.82413482666016,180.67522498129242,94.72999093625391,179.72841850460023,84.88785889561697,0.09525001049041748,0.0,19.528907775878906,95.49490652379355
181.85484313964844,90.67424774169922,182.23032146406698,94.57053773097228,181.28161223553974,84.72590482022841,0.09525001049041748,0.0,19.535057067871094,95.50449149672185
183.41062927246094,90.52410125732422,183.78574109157015,94.41093063500459,182.8353946714143,84.56364191558482,0.09525001049041748,0.0,19.540021896362305,95.51245418626166
184.9668426513672,90.373779296875,185.34138946679576,94.25128836777078,184.38991588645595,84.4011246859257,0.09525001049041748,0.0,19.5456485748291,95.51735102755221
186.52345275878906,90.22301483154297,186.89812123018197,94.09138479669402,185.94381739795597,84.23840659309063,0.09525001049041748,0.0,19.55127716064453,95.53209031974463
188.08045959472656,90.07199096679688,188.45481273471432,93.93144986089649,187.4988030445209,84.07530146106467,0.09525001049041748,0.0,19.556514739990234,95.54014620720494
189.63677978515625,89.92060852050781,190.0113667237809,93.77163107922375,189.0523572224285,83.91232515336564,0.09920001029968262,0.0,19.530540466308594,95.55565299744335
191.19097900390625,89.7685317993164,191.5670479880026,93.61189531149398,190.60200425836547,83.74930622546381,0.09920001029968262,0.0,19.551061630249023,95.58854002265461
192.747802734375,89.6153793334961,193.12522344922246,93.45193215749305,192.15467789361918,83.58615334439223,0.09920001029968262,0.0,19.558956146240234,95.61839207662912
194.30523681640625,89.4614486694336,194.68383375172667,93.29200299083368,193.70838729749752,83.42266628482048,0.09920001029968262,0.0,19.56501579284668,95.64455756409946
195.8631591796875,89.30758666992188,196.24087879739196,93.13216870667755,195.26578511622253,83.25890398238548,0.09920001029968262,0.0,19.57328987121582,95.64029900058549
197.4217987060547,89.15379333496094,197.79857492712856,92.97228332940814,196.8239602905268,83.09491838398093,0.09920001029968262,0.0,19.580791473388672,95.63522073352327
198.98098754882812,89.00007629394531,199.3568225596962,92.81226101853667,198.38262926580651,82.93078460901417,0.09920001029968262,0.0,19.587520599365234,95.63047157973288
200.540771484375,88.84659576416016,200.915253250651,92.65235955719754,199.94250348889958,82.76654893476336,0.09920001029968262,0.0,19.594552993774414,95.61973285857366
202.1011505126953,88.69316864013672,202.47475427157474,92.49278017536987,201.50225031280743,82.60225532927306,0.09920001029968262,0.0,19.602380752563477,95.61566110335619
203.66207885742188,88.539794921875,204.034779396912,92.33287526692017,203.06252871730555,82.43800109175217,0.09920001029968262,0.0,19.60899543762207,95.61175591308886
205.22354125976562,88.38626098632812,205.59589496298793,92.17315217676192,204.62251379891418,82.27372450015746,0.09920001029968262,0.0,19.6154842376709,95.61567152595082
206.78555297851562,88.23258209228516,207.15753134280956,92.01341724057914,206.18314696588124,82.10965117818517,0.09920001029968262,0.0,19.62227439880371,95.61897552648381
208.34808349609375,88.07867431640625,208.71994960206356,91.85400103861126,207.74395677670373,81.9453491472219,0.1032000184059143,0.0,19.630142211914062,95.6254340670709
209.91131591796875,87.92446899414062,210.283210567542,91.694493045148,209.3053388686415,81.78147109690373,0.1032000184059143,0.0,19.639644622802734,95.6337251978105
211.47528076171875,87.77017211914062,211.8467374364773,91.53528518639264,210.86825100719287,81.61727242374072,0.1032000184059143,0.0,19.64905548095703,95.63442554126716
213.0400390625,87.61580657958984,213.4109937576052,91.37606576741648,212.43211114263624,81.45341916040465,0.1032000184059143,0.0,19.65936279296875,95.63407683413294
214.60556030273438,87.46127319335938,214.97626751729982,91.21677245773712,213.99634101447677,81.28949530773554,0.09920001029968262,0.0,19.66912078857422,95.63743250976718
216.17166137695312,87.3064193725586,216.542563212598,91.05750384841686,215.56056038434932,81.12610095339463,0.09525001049041748,0.0,19.672956466674805,95.64696856026505
217.73805236816406,87.15140533447266,218.108892849235,90.89868652202408,217.1256039243421,80.96271599491715,0.09525001049041748,0.0,19.678815841674805,95.65173382045295
219.30482482910156,86.99633026123047,219.67539385281023,90.74030618904776,218.69151021684058,80.7998189567969,0.09525001049041748,0.0,19.680034637451172,95.65257703863419
220.8717803955078,86.8410873413086,221.24244260395875,90.58239297431862,220.25712304062912,80.63699916682448,0.09525001049041748,0.0,19.684890747070312,95.65799851562751
222.43896484375,86.68536376953125,222.8105167378396,90.42462009075632,221.82184351312415,80.47472435895953,0.09525001049041748,0.0,19.688201904296875,95.67457874853294
224.0064697265625,86.52973175048828,224.37755467570878,90.26724973234036,223.38914280112593,80.3120975138836,0.09525001049041748,0.0,19.691455841064453,95.67011253099604
225.5741729736328,86.3740005493164,225.94526973528565,90.10972976634315,224.9558719963116,80.14973436168583,0.09525001049041748,0.0,19.694944381713867,95.67298922598896
227.14215087890625,86.21820831298828,227.5131777448849,89.95242474012845,226.5230635550699,79.98737635313526,0.09525001049041748,0.0,19.69741439819336,95.67421048802558
228.71041870117188,86.0626449584961,229.08065818994066,89.79510932109336,228.0917170263561,79.8253795603385,0.09525001049041748,0.0,19.702068328857422,95.66488789857381
230.27902221679688,85.9072265625,230.64866541122782,89.63795361443665,229.66040735586697,79.66368351565947,0.09525001049041748,0.0,19.704137802124023,95.65844012950038
231.84780883789062,85.75199127197266,232.2167954818536,89.48091984514043,231.22940166170594,79.50245290288616,0.09525001049041748,0.0,19.706829071044922,95.65116145233141
233.41690063476562,85.59658813476562,233.78606219866668,89.32397994968775,232.7973902054836,79.3414458632816,0.09525001049041748,0.0,19.711286544799805,95.65613895135745
234.9862060546875,85.44121551513672,235.3551023591131,89.16716781810293,234.36633888407977,79.18038968372755,0.09525001049041748,0.0,19.713768005371094,95.65427060877583
236.55577087402344,85.28582000732422,236.9245246736067,89.01039994512209,235.9353804398797,79.01959639898514,0.09525001049041748,0.0,19.717151641845703,95.6541695972948
238.12557983398438,85.13042449951172,238.4941597380083,88.85382708651856,237.5047397376055,78.85868370263799,0.09525001049041748,0.0,19.719451904296875,95.65329594327758
239.69564819335938,84.97506713867188,240.06395281580365,88.69721735534176,239.07453103619673,78.69794971948929,0.09525001049041748,0.0,19.723003387451172,95.6509894018089
241.26580810546875,84.81950378417969,241.63449217766924,88.54077189576125,240.64341870395336,78.53749160225361,0.09920001029968262,0.0,19.725204467773438,95.65810585927683
242.8365478515625,84.66400146484375,243.20484242774387,88.38417060154386,242.2141243481674,78.3768583543056,0.10715001821517944,0.0,19.73554801940918,95.65382597273174
244.32952880859375,84.51594543457031,244.69837571197547,88.23535761786235,243.7056290837377,78.2246082523778,0.11110001802444458,0.0,19.747238159179688,95.66339475227191
245.82351684570312,84.3678207397461,246.1922003450577,88.08636840101889,245.1993627885533,78.07259295344264,0.11110001802444458,0.0,19.760534286499023,95.6622096406902
247.31849670410156,84.21953582763672,247.68721479498714,87.93688044119047,246.69371067158738,77.92056365892115,0.11509999632835388,0.0,19.773958206176758,95.66455816222884
248.81451416015625,84.07086944580078,249.18385339579643,87.7874995063439,248.18826260596896,77.76895205616874,0.11509999632835388,0.0,19.789485931396484,95.67512225680055
250.31182861328125,83.92202758789062,250.68119537876734,87.63777129219305,249.6850875344735,77.61715818594813,0.11509999632835388,0.0,19.807022094726562,95.67688751413047
251.810302734375,83.77288818359375,252.18006027345405,87.48801703234733,251.18250919443494,77.46514961225417,0.11509999632835388,0.0,19.82171630859375,95.68378847477605
253.31002807617188,83.62361145019531,253.67973364869255,87.33789969518848,252.68192539583777,77.3133078583198,0.11509999632835388,0.0,19.84014320373535,95.68427262386068
254.81100463867188,83.47393798828125,255.18131186424404,87.18750523928378,254.18154718998645,77.16152384695316,0.11509999632835388,0.0,19.855300903320312,95.69456052285679
256.31329345703125,83.3241195678711,256.6835573163667,87.03690237654995,255.68358180885338,77.00975071216973,0.11509999632835388,0.0,19.873207092285156,95.6950931298937
257.8168029785156,83.1740951538086,258.18715742483806,86.88570062715404,257.1865602911517,76.85795063013929,0.11509999632835388,0.0,19.88911247253418,95.69827235614044
259.321533203125,83.02366638183594,259.69250364398124,86.73446204594293,258.68998188740744,76.70629543816564,0.11509999632835388,0.0,19.905550003051758,95.70892488437939
260.82757568359375,82.8730239868164,261.1986679025951,86.58300646495617,260.1955660095271,76.55452767581347,0.11509999632835388,0.0,19.925050735473633,95.7120300258555
262.3350524902344,82.72221374511719,262.7060989475338,86.43113909569536,261.70285787232535,76.40289011667544,0.11509999632835388,0.0,19.94194793701172,95.71294738848563
263.8437194824219,82.5713119506836,264.21458017872277,86.27905640335153,263.2115600525509,76.25118786451111,0.11509999632835388,0.0,19.957780838012695,95.71191277538469
265.35369873046875,82.42021179199219,265.7245643774286,86.1263589964205,264.72119506083624,76.099454595376,0.11509999632835388,0.0,19.976781845092773,95.71443394233778
266.8650207519531,82.26917266845703,267.23524080571514,85.97365470562569,266.23324533017126,75.94752510308766,0.11509999632835388,0.0,19.993356704711914,95.7070993474774
268.3777770996094,82.1182632446289,268.7471255885998,85.8207110907876,267.7470304369769,75.79549032922131,0.11509999632835388,0.0,20.01265525817871,95.69685986659931
269.891845703125,81.96717834472656,270.2610923787978,85.66751371212659,269.26080117204924,75.64328553651343,0.11509999632835388,0.0,20.02838134765625,95.69852980309832
271.4071960449219,81.81587982177734,271.7764576890953,85.51426859519907,270.77566598786217,75.49070711575129,0.11509999632835388,0.0,20.047061920166016,95.70173899142331
272.923828125,81.66463470458984,273.29243605529547,85.36090353265566,272.29291467058187,75.33805965531269,0.11509999632835388,0.0,20.06240463256836,95.69495433497026
274.44183349609375,81.51339721679688,274.80986829715744,85.20744697203256,273.8113500441717,75.18509012594163,0.11509999632835388,0.0,20.081283569335938,95.68955097763245
275.9612121582031,81.36241149902344,276.32808364078466,85.05426203025891,275.332105027479,75.03166734190128,0.11509999632835388,0.0,20.099300384521484,95.67504091246012
277.48199462890625,81.21172332763672,277.84752738850943,84.90077077015714,276.8543945689648,74.877827568017,0.11509999632835388,0.0,20.11703109741211,95.65873561147727
279.0041198730469,81.0610580444336,279.36900777610083,84.74740885274248,278.3768356400202,74.72379742246274,0.11509999632835388,0.0,20.13323974609375,95.65292280454193
280.52752685546875,80.91085052490234,280.8906942035131,84.59409937639052,279.9022652342684,74.56943750809977,0.11509999632835388,0.0,20.151702880859375,95.63114705366817
282.0523986816406,80.7608642578125,282.41435681904085,84.44079960579076,281.42818146091804,74.41460821877762,0.11509999632835388,0.0,20.169269561767578,95.6175387001089
283.57861328125,80.61122131347656,283.93905273322275,84.28735824273319,282.9558486760135,74.25961925933517,0.11509999632835388,0.0,20.186519622802734,95.59986221410217
285.1062316894531,80.46192169189453,285.46511001571656,84.13392790125997,284.48484503395144,74.10395719407684,0.11509999632835388,0.0,20.204483032226562,95.58199411214318
286.6352233886719,80.31288146972656,286.9927026414778,83.9802324856639,286.0148346110907,73.94836270149037,0.11509999632835388,0.0,20.22136116027832,95.56738336228413
288.1654968261719,80.16416931152344,288.5214188261875,83.82666731455768,287.54628826690436,73.7924077691657,0.11509999632835388,0.0,20.238006591796875,95.55058140245286
289.6971435546875,80.01579284667969,290.0514424523683,83.67311645336427,289.07910519591053,73.63596413654857,0.11509999632835388,0.0,20.256113052368164,95.53319513848837
291.2300720214844,79.86761474609375,291.58308683090036,83.51961492975661,290.6125693423197,73.47944111266355,0.11509999632835388,0.0,20.272464752197266,95.52125183391259
292.764404296875,79.71995544433594,293.11529688896024,83.36609099301208,292.1487428818776,73.32259904011434,0.11509999632835388,0.0,20.29021453857422,95.49703660162773
294.30010986328125,79.5726318359375,294.6493089811563,83.21269356762214,293.6854721432191,73.16563041719762,0.11509999632835388,0.0,20.307207107543945,95.47974104984652
295.83709716796875,79.42560577392578,296.18470524075474,83.05944583988907,295.22325397740474,73.00858570240587,0.11509999632835388,0.0,20.323955535888672,95.46420796646893
297.37542724609375,79.27918243408203,297.72063813896244,82.90598332773035,296.76358521930354,72.85114306633717,0.11509999632835388,0.0,20.3415470123291,95.43722094019128
298.9151306152344,79.1330795288086,299.25861464719037,82.75288106703827,298.30407402445115,72.69346842180381,0.11509999632835388,0.0,20.35899543762207,95.42058296085
300.4562072753906,78.98756408691406,300.797281077207,82.59969533928611,299.84699522311325,72.5357232195302,0.11509999632835388,0.0,20.375761032104492,95.39413373460084
301.9985656738281,78.84225463867188,302.33815109595633,82.4467169371827,301.3895406223947,72.3778786858322,0.11509999632835388,0.0,20.39191246032715,95.38209261614033
303.542236328125,78.6973648071289,303.8798007150095,82.2938093085829,302.93424914589167,72.21980898828674,0.11509999632835388,0.0,20.409473419189453,95.36210586176779
305.0872802734375,78.55265045166016,305.42337617260245,82.14098094152145,304.47930438549434,72.06159114023313,0.11509999632835388,0.0,20.426740646362305,95.3509169469523
306.63360595703125,78.4079360961914,306.9686552974568,81.9880605330034,306.0248558432244,71.90321904292365,0.11509999632835388,0.0,20.44280433654785,95.34650732321309
308.1812438964844,78.26353454589844,308.51448289714347,81.8350565917427,307.57300176563507,71.74463917277832,0.11509999632835388,0.0,20.460205078125,95.33051987412499
309.730224609375,78.11949157714844,310.0615040296575,81.68193851258887,309.12267702667873,71.58616686212429,0.11509999632835388,0.0,20.477930068969727,95.31277586066813
311.28057861328125,77.9756851196289,311.6101303228088,81.52852844233439,310.6731828648759,71.42745045243448,0.11509999632835388,0.0,20.494524002075195,95.29943077771573
312.83221435546875,77.83203887939453,313.1602155975695,81.37503763728105,312.2245976379751,71.26869399215258,0.11509999632835388,0.0,20.511871337890625,95.2892121817968
314.3851318359375,77.6885757446289,314.711498671768,81.22133532941359,313.7773729679525,71.10988658141119,0.11509999632835388,0.0,20.52879524230957,95.27817279234775
315.9394226074219,77.54549407958984,316.26363627123976,81.067414973673,315.3323552862131,70.95094449305151,0.11509999632835388,0.0,20.546314239501953,95.25959194571591
317.4950256347656,77.4024658203125,317.8177862802536,80.9128730626668,316.88725199734085,70.79220212071456,0.11509999632835388,0.0,20.562217712402344,95.25322943884619
319.0519104003906,77.25973510742188,319.3726215899998,80.75800366613517,318.4443893488141,70.63298848197277,0.11509999632835388,0.0,20.579660415649414,95.2380700586955
320.6100769042969,77.11720275878906,320.9289115408572,80.6027094226359,320.00239156913204,70.47397444429484,0.11509999632835388,0.0,20.59601402282715,95.22655169609025
322.16949462890625,76.97467041015625,322.4868695396789,80.44700539903742,321.5607844276759,70.31489467465263,0.11509999632835388,0.0,20.61252212524414,95.22238129632026
323.73016357421875,76.8318862915039,324.04662456232455,80.29089028439299,323.1193704200462,70.15575230178798,0.11509999632835388,0.0,20.628597259521484,95.22738399958392
325.2921142578125,76.68909454345703,325.6070601832793,80.1341816042055,324.6802811178814,69.99645855970982,0.11509999632835388,0.0,20.645565032958984,95.22339568189011
326.85528564453125,76.5460205078125,327.1693294092702,79.97714080162334,326.2412586493845,69.83739986142955,0.11509999632835388,0.0,20.661457061767578,95.22960024493317
328.4196472167969,76.40267944335938,328.7327473199796,79.81971678405552,327.80349053019575,69.67821533608631,0.11509999632835388,0.0,20.67782974243164,95.23534236492641
329.9852600097656,76.25907897949219,330.29736164204473,79.66178601151502,329.3670395060116,69.5188923290645,0.11509999632835388,0.0,20.69498062133789,95.24059558548142
331.5520935058594,76.115234375,331.86314245857517,79.50334837316147,330.93190232143337,69.35977541864065,0.11509999632835388,0.0,20.709815979003906,95.24538861481811
333.1201477050781,75.97124481201172,333.4299129298273,79.34460501506632,332.498419270354,69.20058822683865,0.11509999632835388,0.0,20.728116989135742,95.24658037526773
334.689453125,75.8270263671875,334.99806521391207,79.18517257638725,334.06585162742186,69.0413394794001,0.11509999632835388,0.0,20.743654251098633,95.25070721429667
336.26007080078125,75.6829605102539,336.56667007027784,79.0255306535389,335.63624902909265,68.88200487783837,0.11509999632835388,0.0,20.76032257080078,95.2408248420045
337.8319396972656,75.53913116455078,338.1363296332328,78.86571984094803,337.20822124753045,68.72269445958352,0.11509999632835388,0.0,20.776044845581055,95.22812699398983
339.40496826171875,75.39519500732422,339.7079097278351,78.7059376917229,338.77982850136016,68.56325841288262,0.11509999632835388,0.0,20.792091369628906,95.22815225872522
340.9793395996094,75.25144958496094,341.2801123260434,78.54566203313398,340.3541180280693,68.40371206483316,0.11509999632835388,0.0,20.80917739868164,95.21683395993144
342.5549011230469,75.1078109741211,342.85369300378,78.38523748253786,341.9291404857458,68.24388784614925,0.11509999632835388,0.0,20.824771881103516,95.20906266904043
344.1317443847656,74.96443176269531,344.42819129182567,78.22466944434086,343.5061279455863,68.08408239593199,0.11509999632835388,0.0,20.84134864807129,95.19550370053601
345.6266784667969,74.82842254638672,345.92183929622524,78.07265845604677,344.99930053084233,67.93264971401588,0.11509999632835388,0.0,20.856855392456055,95.19846268735907
347.122802734375,74.69254302978516,347.4159674020494,77.9204819029432,346.49509995769125,67.78111605012869,0.11509999632835388,0.0,20.872718811035156,95.1894235520742
348.62005615234375,74.55659484863281,348.9116697156029,77.76825535497309,347.9911018566193,67.62966165219459,0.11509999632835388,0.0,20.887937545776367,95.18813743263752
350.11834716796875,74.42050170898438,350.408592185316,77.61589791297189,349.48776460286723,67.47822530664659,0.11509999632835388,0.0,20.903053283691406,95.19006213609067
351.6177978515625,74.28429412841797,351.9065860581365,77.46343931226531,350.98580450553743,67.32695114660069,0.11509999632835388,0.0,20.918962478637695,95.19040722714172
353.1182556152344,74.14759826660156,353.40645521040864,77.31105408977143,352.4830960366637,67.1756964974249,0.11509999632835388,0.0,20.933767318725586,95.20543487506143
354.61981201171875,74.0103759765625,354.90752040422365,77.15862818081439,353.9814029214267,67.02457758455986,0.11509999632835388,0.0,20.94837760925293,95.22156864985324
356.12237548828125,73.87245178222656,356.4100116146139,77.00599582827446,355.4798944109834,66.87318232280865,0.11509999632835388,0.0,20.964519500732422,95.24463078532516
357.6260070800781,73.73387145996094,357.9135120619429,76.85337332330816,356.97974608786785,66.72177603005728,0.11509999632835388,0.0,20.979677200317383,95.26571809639238
359.1307373046875,73.59468078613281,359.4180418369645,76.70060592820325,358.48098521009,66.57049167665716,0.11509999632835388,0.0,20.994972229003906,95.28493918919497
360.6364440917969,73.45513916015625,360.9230567283283,76.54779763447482,359.98435282384054,66.41882837400007,0.11509999632835388,0.0,21.009567260742188,95.29477204313032
362.143310546875,73.3155517578125,362.42854713100814,76.39472246501488,361.49039372711246,66.2672190491516,0.11509999632835388,0.0,21.026432037353516,95.29244613371588
363.6512451171875,73.17537689208984,363.9362405236012,76.24122199560348,362.9949959713277,66.11576054305067,0.11509999632835388,0.0,21.041027069091797,95.3108495371632
365.1602783203125,73.03511047363281,365.4440159939739,76.08765558915258,364.503003243764,65.96392461882267,0.11509999632835388,0.0,21.05634880065918,95.31045149033987
366.67034912109375,72.8944320678711,366.9535182809009,75.93402778685319,366.0105622665168,65.81214492905103,0.11509999632835388,0.0,21.07132911682129,95.32232111856159
368.1814880371094,72.7536392211914,368.46347064050593,75.78017711484887,367.5205911071925,65.66018885190692,0.11509999632835388,0.0,21.086790084838867,95.32288252147161
369.6937561035156,72.61266326904297,369.97468230754964,75.62619657669555,369.03145862527674,65.50810882881173,0.11509999632835388,0.0,21.10192108154297,95.32580862371225
371.20709228515625,72.47152709960938,371.48692781752464,75.47207074296664,370.5434632401956,65.35574771465788,0.11509999632835388,0.0,21.116378784179688,95.3280849238851
372.72149658203125,72.33026123046875,373.00019289247854,75.31795310984593,372.0566915891758,65.2033908555587,0.11509999632835388,0.0,21.13185691833496,95.32921336021698
374.2369079589844,72.18844604492188,374.51533220700594,75.16363711098775,373.56895290923165,65.05079941148725,0.11509999632835388,0.0,21.14690399169922,95.34628149512426
375.7533874511719,72.04647827148438,376.03074865307576,75.00921104126282,375.0841955170488,64.8982655478288,0.11509999632835388,0.0,21.161577224731445,95.34825275609872
377.2709045410156,71.90396881103516,377.5480010918669,74.85464134974306,376.59863278055366,64.74525890992003,0.11509999632835388,0.0,21.17668914794922,95.36489104952233
378.7894287109375,71.76073455810547,379.06666845955255,74.69994253751,378.1132986889601,64.5926182773828,0.11509999632835388,0.0,21.190608978271484,95.38846116127047
380.3089599609375,71.61681365966797,380.5863284300963,74.5452977174189,379.629169213344,64.43951490984324,0.11509999632835388,0.0,21.207029342651367,95.41057261892276
381.82958984375,71.47232055664062,382.10686462887315,74.39033058739537,381.14674756848535,64.28616185937294,0.11509999632835388,0.0,21.221223831176758,95.42805464516847
383.3512268066406,71.3273696899414,383.62823566284095,74.23529928181574,382.66588041337985,64.13287387134531,0.11509999632835388,0.0,21.23723030090332,95.44156570793189
384.87396240234375,71.18225860595703,385.1501265681551,74.08021094696399,384.1875341026653,63.97916441688142,0.11509999632835388,0.0,21.252288818359375,95.44363751401764
386.39776611328125,71.0373306274414,386.6724129249804,73.92502584785862,385.71180392092543,63.82497767130109,0.11509999632835388,0.0,21.265913009643555,95.43302161657897
387.9226379394531,70.89257049560547,388.19577834501547,73.7697722758801,387.23702129837636,63.670433528243514,0.11509999632835388,0.0,21.280860900878906,95.42298843369284
389.448486328125,70.74758911132812,389.7208532779403,73.61409968835588,388.76134648035537,63.515824600748914,0.11509999632835388,0.0,21.295286178588867,95.42777215418025
390.9754943847656,70.60247039794922,391.2468934515677,73.45826033655898,390.2872799616048,63.360751226149894,0.11509999632835388,0.0,21.311323165893555,95.4287814160025
392.5035400390625,70.45700073242188,392.7743914155116,73.30208370723385,391.81323495459833,63.20588290912397,0.11509999632835388,0.0,21.325807571411133,95.43815851368872
394.0326232910156,70.3116226196289,394.3020661929087,73.14561613300651,393.3422714231945,63.05051942630947,0.11509999632835388,0.0,21.341236114501953,95.43109062400654
395.56280517578125,70.16602325439453,395.83137745830913,72.98859353698319,394.87096671227334,62.89512147305957,0.11904999613761902,0.0,21.35484504699707,95.43542482987483
397.0941162109375,70.01998901367188,397.362250609799,72.83163895172575,396.39981382773004,62.73955330298086,0.11904999613761902,0.0,21.37300682067871,95.44756601658801
398.62664794921875,69.87384033203125,398.8937606213929,72.67481426630613,397.9314143656209,62.58354170995668,0.11904999613761902,0.0,21.390722274780273,95.44749295349766
400.160400390625,69.72727966308594,400.42709764280573,72.5182573830441,399.4628595461657,62.42753832819071,0.11904999613761902,0.0,21.406681060791016,95.45843495381993
401.6953430175781,69.58011627197266,401.96200168331006,72.36141772053266,400.994609267382,62.27132775341454,0.11904999613761902,0.0,21.424821853637695,95.47652215010152
403.23150634765625,69.43276977539062,403.49737691330387,72.20460774214948,402.5295837329955,62.11486398050059,0.11904999613761902,0.0,21.442493438720703,95.47896396969483
404.7688903808594,69.28495788574219,405.0345197644505,72.04775575033827,404.0644801229927,61.958422206883924,0.11904999613761902,0.0,21.45901870727539,95.49182611087123
406.30743408203125,69.13677978515625,406.57267837797036,71.89083007447176,405.60098258585884,61.801643922828674,0.11509999632835388,0.0,21.474658966064453,95.50122472094597
407.8470153808594,68.98834991455078,408.11172681161116,71.73405579375863,407.1390277166658,61.64478380385389,0.11110001802444458,0.0,21.48930549621582,95.50682342540622
409.3874816894531,68.83931732177734,409.65232947765514,71.57690033659468,408.67627004294616,61.48792150066983,0.11110001802444458,0.0,21.500001907348633,95.52588962303398
410.92877197265625,68.69029235839844,411.19270051178523,71.41997256496364,410.21718609148604,61.33071729496733,0.11110001802444458,0.0,21.51262664794922,95.52267276238767
412.470947265625,68.54087829589844,412.73467550759744,71.26294589798911,411.75717975641066,61.173736279836696,0.11110001802444458,0.0,21.52446746826172,95.53384498393045
414.0138244628906,68.39069366455078,414.2781324935145,71.10598370351437,413.2960268019766,61.01661261952546,0.11110001802444458,0.0,21.53615951538086,95.55969143754233
415.5576171875,68.23999786376953,415.82204146899124,70.94887415534475,414.83717200374286,60.85944693004683,0.11110001802444458,0.0,21.54827880859375,95.57520787109026
417.1020812988281,68.08866119384766,417.3669246913749,70.79151645769086,416.3783295098806,60.70242318480424,0.11110001802444458,0.0,21.558996200561523,95.5963490592423
418.6473693847656,67.93669128417969,418.912695407609,70.63462762489911,417.9204568824892,60.54516731906707,0.11110001802444458,0.0,21.57080841064453,95.6166390334816
420.193359375,67.78398132324219,420.4594612093909,70.47791674058989,419.46279152359114,60.387930806751115,0.11110001802444458,0.0,21.580135345458984,95.64126849684399
421.74005126953125,67.63070678710938,422.0066819808369,70.32127477325031,421.00669433506704,60.230408897111204,0.1032000184059143,0.0,21.593217849731445,95.65943645496625
423.2872619628906,67.4769287109375,423.5544058152644,70.16474894739268,422.55138379376746,60.07302172614371,0.09525001049041748,0.0,21.595115661621094,95.67601620197395
424.8343505859375,67.32255554199219,425.10235058213175,70.0083833184215,424.095276802592,59.91574612285624,0.09130001068115234,0.0,21.59487533569336,95.69828370191513
426.3811340332031,67.1678466796875,426.6496206205396,69.85218294147876,425.6400589270607,59.758557449027606,0.08730000257492065,0.0,21.587739944458008,95.71171237166645
427.9272155761719,67.01271057128906,428.1964862204034,69.69625328360506,427.1835580314784,59.601443033320905,0.08335000276565552,0.0,21.57820701599121,95.72996406124376
429.47259521484375,66.85740661621094,429.74223980307016,69.54055306997344,428.72762056027693,59.44440376052044,0.08335000276565552,0.0,21.56658935546875,95.73871010711787
431.01708984375,66.7018051147461,431.28741452486184,69.38503769352894,430.27014732402796,59.28768186431562,0.08335000276565552,0.0,21.55436897277832,95.75290379032216
432.5606689453125,66.54617309570312,432.83122402191356,69.22957439468446,431.81302005203537,59.13089175407718,0.08335000276565552,0.0,21.542192459106445,95.75741442214886
434.1033935546875,66.39103698730469,434.373225062981,69.07433046763411,433.3575366330295,58.973989853704516,0.08335000276565552,0.0,21.528629302978516,95.74234909675546
435.6451110839844,66.23593139648438,435.91507631688876,68.91933003910052,434.8987778046955,58.81753278627383,0.08335000276565552,0.0,21.517047882080078,95.74495224254518
437.1860656738281,66.08137512207031,437.45516340616007,68.76432919381843,436.4418058957562,58.66096773062728,0.08335000276565552,0.0,21.502737045288086,95.72755703184504
438.7261047363281,65.92739868164062,438.9942735535691,68.60956520492839,437.98395831962256,58.50461069776797,0.08335000276565552,0.0,21.49064064025879,95.7095814116107
440.26513671875,65.77388000488281,440.5325651391244,68.45486254496876,439.5244536354049,58.34849712521321,0.08335000276565552,0.0,21.4764461517334,95.69641938129651
441.8033142089844,65.62079620361328,442.0700105223008,68.30054587320417,441.0640379051725,58.19258916827185,0.08335000276565552,0.0,21.462751388549805,95.68352362476355
443.34051513671875,65.46785736083984,443.60694518815393,68.14576779101846,442.6012050636046,58.0369908153281,0.08335000276565552,0.0,21.448862075805664,95.68176062635705
444.8766784667969,65.3150863647461,445.14286296759997,67.99166031938549,444.13741552160354,57.88155083294466,0.08335000276565552,0.0,21.434539794921875,95.67937425746891
446.4118347167969,65.16236114501953,446.677976768174,67.83755542066639,445.6720579308799,57.726307305721235,0.08335000276565552,0.0,21.42070198059082,95.68138387412151
447.94598388671875,65.00967407226562,448.2121191127575,67.68371273677207,447.20566664325025,57.57121144369314,0.08335000276565552,0.0,21.40652847290039,95.6836782551153
449.47918701171875,64.85724639892578,449.7449037368124,67.52997441708582,448.7394030249071,57.41608367858638,0.08335000276565552,0.0,21.392711639404297,95.67756360053437
451.01141357421875,64.70508575439453,451.27669254510636,67.37639072237012,450.27220811463764,57.261437997745965,0.08335000276565552,0.0,21.37911605834961,95.6712709819221
452.5426330566406,64.55308532714844,452.80765384940526,67.22284756716559,451.8034795536302,57.107012544224375,0.08335000276565552,0.0,21.36521339416504,95.66904011298035
454.07281494140625,64.40155029296875,454.3370355445888,67.0696170061247,453.3351316235438,56.95251610891063,0.08335000276565552,0.0,21.350854873657227,95.655602838219
455.6021423339844,64.25057983398438,455.86531695407683,66.9165328836497,454.86646809568947,56.798216158287225,0.08335000276565552,0.0,21.338184356689453,95.63779558613398
457.1304626464844,64.09928894042969,457.39418695665535,66.76339654574755,456.39248834935387,56.64437158283117,0.08335000276565552,0.0,21.32387924194336,95.6533831919463
458.6578063964844,63.94829177856445,458.9210081467877,66.61059048238778,457.9205168975782,56.490572082481215,0.08335000276565552,0.0,21.310495376586914,95.64606244912605
460.1841735839844,63.79764938354492,460.44670470304425,66.45771652983984,459.4478578951915,56.33701317373643,0.08335000276565552,0.0,21.296154022216797,95.63646316520358
461.7095031738281,63.646888732910156,461.9722162922743,66.30490388155046,460.9718558962432,56.183699799786226,0.08335000276565552,0.0,21.282705307006836,95.64467170745449
463.2340087890625,63.496299743652344,463.4963361173663,66.15200177737712,462.49657983309555,56.03084964833788,0.08335000276565552,0.0,21.270381927490234,95.64131368794304
464.7574462890625,63.34587097167969,465.0194422366255,65.99918287558897,464.02005067107666,55.878043361018044,0.08335000276565552,0.0,21.255327224731445,95.63927594438549
466.2799377441406,63.19573974609375,466.5413249203464,65.84648572306953,465.54327698571245,55.72521050994733,0.08335000276565552,0.0,21.242185592651367,95.63166797663709
467.80145263671875,63.04584503173828,468.0623198158186,65.69379229053223,467.0652257799155,55.57273210871917,0.08335000276565552,0.0,21.229055404663086,95.62643874961637
469.3221435546875,62.89640426635742,469.5820566522921,65.54124810117848,468.58743927648504,55.420143552570146,0.08335000276565552,0.0,21.215803146362305,95.61252825599462
470.84185791015625,62.74710464477539,471.1013716400782,65.38868361613858,470.1070753743566,55.267785166467554,0.08335000276565552,0.0,21.20295524597168,95.61084135306193
472.36053466796875,62.59791564941406,472.6197089395108,65.23619296645502,471.6255279138078,55.115878038825,0.08730000257492065,0.0,21.18987464904785,95.610516610866
473.87860107421875,62.448890686035156,474.13724179833576,65.08357541044522,473.1438337033276,54.96406641989878,0.08730000257492065,0.0,21.180116653442383,95.60662612879267
475.3958740234375,62.29971694946289,475.65459340318773,64.9311983707488,474.6597390849805,54.812355871298344,0.08730000257492065,0.0,21.170185089111328,95.61510370741506
476.9124450683594,62.15118408203125,477.1698035925344,64.77890205904583,476.1787948113186,54.66036567822181,0.08730000257492065,0.0,21.160999298095703,95.59370499243782
478.4283447265625,62.0025520324707,478.6856462803558,64.62677297676669,477.6936030732701,54.50891506529774,0.08730000257492065,0.0,21.15021324157715,95.59987977295143
479.9435119628906,61.853782653808594,480.2008437694932,64.47462254529535,479.2074682016545,54.35741880825065,0.08730000257492065,0.0,21.141735076904297,95.60771303431751
481.4580993652344,61.70553970336914,481.7142758778098,64.322876430498,480.72404461365045,54.205755895209876,0.08730000257492065,0.0,21.131052017211914,95.5901213823554
482.97186279296875,61.55744552612305,483.2275890689906,64.17138411136074,482.2378279020887,54.05441473073465,0.08730000257492065,0.0,21.12108612060547,95.58756730727433
484.4850158691406,61.409568786621094,484.7401089679503,64.01981640551014,483.75140452934806,53.902869225484345,0.08730000257492065,0.0,21.111351013183594,95.5816515486604
485.9974365234375,61.26176834106445,486.2521897736217,63.868621628121474,485.263530450997,53.751813292603295,0.08730000257492065,0.0,21.10210418701172,95.58147457452736
487.5091247558594,61.113895416259766,487.7638123429216,63.71753789384245,486.77418383091856,53.60067723094487,0.08730000257492065,0.0,21.091264724731445,95.58688281680564
489.0201721191406,60.966064453125,489.27454447514367,63.5661197438401,488.2848073551194,53.44956747467252,0.08730000257492065,0.0,21.082509994506836,95.58766132810048
490.53045654296875,60.81802749633789,490.78503354892047,63.415241699454725,489.7934075998207,53.29859746619781,0.08730000257492065,0.0,21.07215118408203,95.59820666153566
492.0400085449219,60.66984939575195,492.2946807992891,63.26430167919823,491.3016442616059,53.147825036936794,0.08730000257492065,0.0,21.06258773803711,95.60621170091007
493.548828125,60.521209716796875,493.80419004374835,63.11335110005605,492.8075953996606,52.997065038545955,0.08730000257492065,0.0,21.052331924438477,95.62627573862747
495.056884765625,60.37205123901367,495.31311253323156,62.962624649217275,494.3125590407624,52.84659664300629,0.08730000257492065,0.0,21.04395294189453,95.64862433255115
496.56439208984375,60.22314453125,496.82011248512663,62.81201627941087,495.8208633455264,52.69578028648719,0.08730000257492065,0.0,21.0332088470459,95.64119290253502
498.0710754394531,60.073787689208984,498.3276062528637,62.661621630698455,497.32477354005323,52.54523640061845,0.08730000257492065,0.0,21.025848388671875,95.66120956060193
499.5771179199219,59.92405700683594,499.8343352967367,62.511237470174194,498.8285406357283,52.39461032268484,0.08730000257492065,0.0,21.01788902282715,95.67768642541694
501.08251953125,59.77430725097656,501.339851976178,62.36121415455396,500.3334265440494,52.24383894740656,0.08730000257492065,0.0,21.006805419921875,95.68080651582791
502.58721923828125,59.62440872192383,502.844927445203,62.21131511723762,501.8369444977136,52.093059418769926,0.08730000257492065,0.0,20.998455047607422,95.6890484785605
504.0912780761719,59.474456787109375,504.3492227182678,62.06171195731447,503.34033032573336,51.94224586739895,0.08730000257492065,0.0,20.988601684570312,95.6934710608335
505.5946044921875,59.324737548828125,505.8522981531617,61.91223192984136,504.84434022471606,51.79135636662066,0.09130001068115234,0.0,20.980300903320312,95.68744523661697
507.0975341796875,59.17517852783203,507.35504952417875,61.76296931199853,506.34771749182346,51.640215054092614,0.09130001068115234,0.0,20.9742374420166,95.68288874021651
508.5999450683594,59.025638580322266,508.85757782513207,61.61404566150403,507.8498424638738,51.489442805433065,0.09525001049041748,0.0,20.968915939331055,95.68411800406136
510.1023254394531,58.87626647949219,510.3597063050892,61.46499595626837,509.35288095557445,51.33837502890185,0.09525001049041748,0.0,20.96600341796875,95.67789432127293
511.6042785644531,58.727134704589844,511.8612983638788,61.31566214072521,510.8556426702265,51.187386575412255,0.09525001049041748,0.0,20.96457862854004,95.67042070726387
513.1061401367188,58.57831954956055,513.3626151416026,61.1666980920953,512.3588124872932,51.03619335721902,0.09525001049041748,0.0,20.96295738220215,95.65880281200157
514.6079711914062,58.42938995361328,514.8646386512302,61.017667719623795,513.8598638681175,50.88535007887936,0.09525001049041748,0.0,20.960962295532227,95.66324056172962
516.1098022460938,58.27996826171875,516.3673481325574,60.868550986180914,515.3591000522953,50.73469251778968,0.09525001049041748,0.0,20.957202911376953,95.6818309073156
517.611572265625,58.13020706176758,517.8697759609801,60.71941286903154,516.8590186601732,50.58377685737428,0.09525001049041748,0.0,20.95494842529297,95.69488602699029
519.1131591796875,57.98048782348633,519.3713890435682,60.57036597725513,518.3605969652017,50.43277661240665,0.09525001049041748,0.0,20.9554500579834,95.69399054482568
520.6143188476562,57.83055877685547,520.8730600391405,60.421196480666325,519.8604001275536,50.28197228893377,0.09525001049041748,0.0,20.95439910888672,95.70352937837828
522.1150512695312,57.680423736572266,522.3743282316314,60.27212613019723,521.3598185501273,50.13120520682473,0.09525001049041748,0.0,20.9547119140625,95.71292912930623
523.6157836914062,57.53043746948242,523.8749043347781,60.12314651031909,522.8611927943942,49.980152724284125,0.09525001049041748,0.0,20.953182220458984,95.7073054130596
525.1165161132812,57.38046646118164,525.3756978521013,59.97405066797089,524.3618903213164,49.829064325421335,0.09525001049041748,0.0,20.952617645263672,95.7067286154094
526.6172485351562,57.23051834106445,526.8764550863249,59.824746764850026,525.8626425742136,49.678162029816875,0.09525001049041748,0.0,20.951335906982422,95.70586341675815
528.1179809570312,57.08047103881836,528.3774378134955,59.67548814838942,527.3627929014716,49.52728492599969,0.09525001049041748,0.0,20.95068359375,95.70961259205271
529.6187133789062,56.93059539794922,529.877905431616,59.52593320426802,528.8642647593093,49.3761622859237,0.09525001049041748,0.0,20.949514389038086,95.70312360380679
531.1194458007812,56.7806396484375,531.378802188756,59.376235626060755,530.3645241901932,49.22550861363069,0.09525001049041748,0.0,20.948307037353516,95.70615181659869
532.6201782226562,56.63071060180664,532.8794749468585,59.22617165248946,531.8652960474742,49.07462870541183,0.09525001049041748,0.0,20.94696044921875,95.7051424158877
534.1209106445312,56.48079299926758,534.3801273392718,59.07565105129041,533.3659971222738,48.92382050653867,0.09525001049041748,0.0,20.945436477661133,95.70470981449526
535.6216430664062,56.33056640625,535.881374433498,58.92522874760303,534.8651305222882,48.77316342114483,0.09525001049041748,0.0,20.94424819946289,95.71638982287939
537.1223754882812,56.180580139160156,537.3816566004073,58.77489479807682,536.3669895027342,48.622339897996355,0.09525001049041748,0.0,20.94280242919922,95.7073054130596
538.6231079101562,56.030479431152344,538.8825550003916,58.62447559043144,537.8671045207504,48.47182889187813,0.09525001049041748,0.0,20.941938400268555,95.71163135843243
540.1238403320312,55.879981994628906,540.3839550671897,58.47379771320437,539.3658497349356,48.32144086053744,0.09525001049041748,0.0,20.94134521484375,95.72662746291977
541.6245727539062,55.73018264770508,541.883379836946,58.32298554374232,540.8699994762633,48.170653145782815,0.09525001049041748,0.0,20.940574645996094,95.70023956190317
543.1253051757812,55.58034133911133,543.3840471042554,58.17176559056676,542.3704672804022,48.020278540096534,0.09525001049041748,0.0,20.940153121948242,95.70182578853755
544.6259765625,55.430511474609375,544.8845690490105,58.02053147240252,543.8711245179563,47.8700370110018,0.09525001049041748,0.0,20.941003799438477,95.70162354083328
546.1263427734375,55.280818939208984,546.3845496674011,57.86882306445027,545.3719494305975,47.7195449028924,0.09525001049041748,0.0,20.940006256103516,95.69758304294064
547.6268920898438,55.13102340698242,547.884982095589,57.71639278306262,546.8720214943495,47.56924543398599,0.09525001049041748,0.0,20.94023895263672,95.70078633553985
549.1268310546875,54.98102569580078,549.3850787012041,57.56343648419208,548.3706134125512,47.41904159346306,0.09525001049041748,0.0,20.940092086791992,95.71073741135591
550.626953125,54.8311767578125,550.884551178251,57.409963969381145,549.8715106429527,47.26852095667818,0.09525001049041748,0.0,20.939437866210938,95.70441890210067
552.1265869140625,54.68147277832031,552.3836900908854,57.25695949915968,551.3715535072355,47.11805587658107,0.09525001049041748,0.0,20.93668556213379,95.70078034837884
553.626220703125,54.531471252441406,553.8835286809282,57.10389666910357,552.869641481224,46.96760309431838,0.09525001049041748,0.0,20.938499450683594,95.71203616638857
555.1258544921875,54.38087844848633,555.3839173493672,56.95072089888667,554.3663275989726,46.817355073846684,0.09525001049041748,0.0,20.937023162841797,95.73440218335128
556.62548828125,54.23061752319336,556.8826937768256,56.79757930081933,555.86757936777,46.66653648568981,0.09525001049041748,0.0,20.937742233276367,95.72184856992791
558.1251220703125,54.08004379272461,558.3825697144532,56.6440845777009,557.3656413005004,46.51602169532609,0.09525001049041748,0.0,20.93520164489746,95.73368072626528
559.624755859375,53.928916931152344,559.8829129501892,56.49061306010908,558.8625370008009,46.36540940451862,0.09525001049041748,0.0,20.933216094970703,95.75460224019764
561.1243896484375,53.77760696411133,561.3826302399609,56.337030671149776,560.3612885145154,46.21450806665861,0.09525001049041748,0.0,20.93196678161621,95.76152764381057
562.6240234375,53.62614822387695,562.88227795652,56.183195788785966,561.8601865642919,46.063193569545746,0.08730000257492065,0.0,20.928918838500977,95.76715440987792
564.1228637695312,53.47465133666992,564.3811213897268,56.02973312309998,563.3584420308904,45.91181520400025,0.08730000257492065,0.0,20.922718048095703,95.77163032477993
565.6213989257812,53.32276153564453,565.8802151036152,55.876225552794935,564.8548670461986,45.76020656364196,0.08730000257492065,0.0,20.91462516784668,95.78766827037809
567.119140625,53.1708869934082,567.3779286351806,55.72297760976887,566.3522572704243,45.608110759340704,0.08730000257492065,0.0,20.909282684326172,95.79013578590289
568.6165771484375,53.01938247680664,568.8746428143897,55.570045402971715,567.851286173177,45.45541882002612,0.08730000257492065,0.0,20.90091323852539,95.77729346373073
570.11328125,52.86854934692383,570.3701210498367,55.417148465424596,569.350807505896,45.30258833410876,0.08730000257492065,0.0,20.89218521118164,95.7546594654185
571.609619140625,52.71832275390625,571.8652738161021,55.26478120808303,570.8497492412154,45.14960872270223,0.08730000257492065,0.0,20.88298225402832,95.73306637392525
573.105224609375,52.56856155395508,573.3599620033751,55.11252247097444,572.3470341418662,44.99681526766674,0.08730000257492065,0.0,20.87502670288086,95.71820383157205
574.6004638671875,52.418312072753906,574.8558910685118,54.960249494967044,573.8393759309686,44.84418568120742,0.08335000276565552,0.0,20.867759704589844,95.73811895715613
576.0948486328125,52.26839065551758,576.3496535290326,54.80823160777991,575.3346931871284,44.69132302583719,0.08335000276565552,0.0,20.85594367980957,95.72892551113449
577.5884399414062,52.1185302734375,577.8430221247767,54.655836872600744,576.8278983314087,44.538552678630175,0.08335000276565552,0.0,20.842071533203125,95.72963066210922
579.0811767578125,51.968345642089844,579.33627791263,54.503883947752556,578.3183332031832,44.38618061671314,0.08335000276565552,0.0,20.833200454711914,95.74520987399467
580.6559448242188,51.809505462646484,580.9115646832677,54.34376343553582,579.8909507529282,44.225226480589114,0.08335000276565552,0.0,20.81920051574707,95.75970223504463
582.2296142578125,51.6510124206543,582.4847120788432,54.18386584113633,581.4655150879862,44.064310236912014,0.08335000276565552,0.0,20.807050704956055,95.7511844728813
583.8023681640625,51.493316650390625,584.0561315180023,54.02418545875847,583.0413378012342,43.90330029223676,0.08335000276565552,0.0,20.79507827758789,95.72575563196726
585.374267578125,51.33598709106445,585.6273883448864,53.864948505965245,584.614256652123,43.742622345238715,0.08335000276565552,0.0,20.782854080200195,95.71563178352783
586.9452514648438,51.17868423461914,587.1982866374076,53.70574692028056,586.1846276084623,43.58233252663456,0.07940000295639038,0.0,20.76693344116211,95.7179764082888
588.5150756835938,51.0213623046875,588.7681730473374,53.5468739830611,587.7535748141905,43.42278715430733,0.07940000295639038,0.0,20.750829696655273,95.72286162464701
590.0835571289062,50.864097595214844,590.3366680231587,53.388502101302926,589.3214802413335,43.26351471767273,0.07940000295639038,0.0,20.735511779785156,95.72565897086699
591.6508178710938,50.70683670043945,591.9040243829605,53.230290647981924,590.8880229238908,43.104828732739655,0.07940000295639038,0.0,20.718425750732422,95.7299508219184
593.216796875,50.54901885986328,593.4710517945191,53.071914016412975,592.4506856849875,42.94712775656899,0.07940000295639038,0.0,20.703716278076172,95.75478275868826
594.7815551757812,50.39140319824219,595.0356796160638,52.914270045823855,594.0158457123587,42.78968249007015,0.07940000295639038,0.0,20.687641143798828,95.75191341876399
596.3451538085938,50.233699798583984,596.5996423874873,52.75690471925625,595.5785518668538,42.63299017143681,0.07940000295639038,0.0,20.668766021728516,95.75933345517068
597.9074096679688,50.07659149169922,598.1611638858778,52.59987636205585,597.1431124048355,42.47656128763187,0.07940000295639038,0.0,20.655181884765625,95.74264462490362
599.4686279296875,49.91964340209961,599.7222971146904,52.44298067286351,598.7047302791017,42.320882784999824,0.07940000295639038,0.0,20.63776397705078,95.74061470541162
601.028564453125,49.763397216796875,601.281279519984,52.28646337711633,600.267521958089,42.16527261878178,0.07940000295639038,0.0,20.622705459594727,95.71977657838838
602.58740234375,49.608642578125,602.8377212418318,52.13009580510514,601.8330537984747,42.0101169041622,0.07940000295639038,0.0,20.607147216796875,95.66949868794796
604.1452026367188,49.454933166503906,604.3937368536109,51.97375535054695,603.3953413365817,41.85530643760304,0.07940000295639038,0.0,20.592226028442383,95.63518012286755
605.7019653320312,49.302608489990234,605.9480759164105,51.81786593515435,604.9581726872701,41.70102568073299,0.07940000295639038,0.0,20.57762908935547,95.58843510030925
607.257568359375,49.15186309814453,607.500812204048,51.66199529205832,606.5206195424798,41.546988438141994,0.07940000295639038,0.0,20.562349319458008,95.53495351904421
608.812255859375,49.00233840942383,609.0530858966182,51.50637604849183,608.0804452557725,41.39331539441228,0.07940000295639038,0.0,20.544658660888672,95.49362109088318
610.365966796875,48.853553771972656,610.6050902134444,51.35064402336575,609.6369474070569,41.24063472996747,0.07940000295639038,0.0,20.529573440551758,95.47001142139665
611.9185180664062,48.70624923706055,612.1547050324033,51.195598082459284,611.1956769673063,41.08769311625558,0.07940000295639038,0.0,20.51310157775879,95.41994248140547
613.4699096679688,48.56024932861328,613.7033641943618,51.040931648519056,612.7523287904103,40.935251760288786,0.07940000295639038,0.0,20.497074127197266,95.37621419928725
615.0203857421875,48.415283203125,615.2514473998662,50.88658862494938,614.3067918816131,40.7830849650658,0.07940000295639038,0.0,20.483564376831055,95.3415014716489
616.56982421875,48.27127456665039,616.7985818598884,50.73255674849997,615.859752187603,40.63136523118526,0.07940000295639038,0.0,20.466306686401367,95.30995656232949
618.1179809570312,48.12826156616211,618.3443587125125,50.57886568151355,617.4114474787267,40.479834069893016,0.07940000295639038,0.0,20.45583152770996,95.27779398982136
619.6653442382812,47.98664093017578,619.8885440121412,50.42534721085841,618.964423951966,40.32830564186211,0.07940000295639038,0.0,20.437036514282227,95.2293610290858
621.21142578125,47.84502410888672,621.4337276757998,50.27197348539416,620.5091083178019,40.17757290035087,0.07940000295639038,0.0,20.424898147583008,95.23353203678157
622.756591796875,47.70416259765625,622.9766938311104,50.11854946813381,622.0566806332653,40.02655830022133,0.07940000295639038,0.0,20.40865135192871,95.20884039893164
624.300537109375,47.56342315673828,624.5195132063124,49.96564328928104,623.5997939295803,39.87610295244015,0.07940000295639038,0.0,20.39470672607422,95.20844336636598
625.8433837890625,47.422916412353516,626.0610449577856,49.81296404267756,625.1423776180367,39.72545642106671,0.07940000295639038,0.0,20.379608154296875,95.20356146785224
627.38525390625,47.28310775756836,627.6008358709788,49.66063860307041,626.686316841659,39.57492849396278,0.07940000295639038,0.0,20.363191604614258,95.1811107344351
628.92578125,47.1438102722168,629.139612196468,49.50862266737525,628.227776813588,39.42439654670901,0.07540002465248108,0.0,20.349651336669922,95.16674531496533
630.4652709960938,47.005069732666016,630.677209315122,49.35677508140377,629.7685366512364,39.273981305792994,0.07540002465248108,0.0,20.327219009399414,95.14964836660555
632.003173828125,46.86677932739258,632.2134594086792,49.20532761084191,631.3068808851335,39.12343020036844,0.07540002465248108,0.0,20.315265655517578,95.13829835530687
633.5401000976562,46.72929000854492,633.748046860366,49.053825797589,632.8462636382424,38.97322946384647,0.07540002465248108,0.0,20.292705535888672,95.11192013278855
635.0755615234375,46.592315673828125,635.2816594978557,48.902642570506245,634.3824826753241,38.82300736871153,0.07540002465248108,0.0,20.27669906616211,95.09770671296307
636.6094970703125,46.45539855957031,636.8144260470676,48.751297386633865,635.9148803197385,38.67333763215443,0.07540002465248108,0.0,20.257644653320312,95.1006304807812
638.1422119140625,46.318702697753906,638.3456927409438,48.6002500660163,637.4469859920546,38.523418508006095,0.07540002465248108,0.0,20.240840911865234,95.09646586953367
639.673583984375,46.18172836303711,639.876399539361,48.449204799208545,638.9751963385564,38.37375953976052,0.07540002465248108,0.0,20.22381591796875,95.1112475493081
641.2036743164062,46.04490661621094,641.4051956961894,48.298538966743,640.5043316035105,38.2240919533364,0.07540002465248108,0.0,20.202085494995117,95.10983803988843
642.7322387695312,45.90791320800781,642.9329784582768,48.147754938880034,642.0301817996844,38.0744025139365,0.07540002465248108,0.0,20.188081741333008,95.1212950996937
644.2593994140625,45.77052307128906,644.4596927367818,47.99688434528304,643.5535835075501,37.925023383663095,0.07540002465248108,0.0,20.167783737182617,95.1407429089538
645.7852172851562,45.63264083862305,645.9852354715041,47.84606106958562,645.0751774062152,37.77527215862992,0.07540002465248108,0.0,20.149799346923828,95.16357215377118
647.3097534179688,45.49527359008789,647.5080001265677,47.6954652201394,646.6006518287584,37.62548653302725,0.07540002465248108,0.0,20.133594512939453,95.1486919688444
648.8328247070312,45.35781478881836,649.0302331808032,47.545140560924885,648.1214407653326,37.47553699289362,0.07540002465248108,0.0,20.115415573120117,95.15703344752721
650.354736328125,45.220611572265625,650.5507196704775,47.39453528747513,649.6429974928633,37.32572665787184,0.07145002484321594,0.0,20.096723556518555,95.1513974515986
651.8746948242188,45.0832633972168,652.0699742815332,47.24431628453891,651.1601834253474,37.176149444780776,0.07145002484321594,0.0,20.074462890625,95.16340133004307
653.3933715820312,44.94649887084961,653.5867757040855,47.094119696446434,652.6800999422283,37.026103939877,0.07145002484321594,0.0,20.0543270111084,95.14589389365042
654.9105834960938,44.80995559692383,655.1026269276803,46.943862116397455,654.196599230251,36.876460204257185,0.07145002484321594,0.0,20.032747268676758,95.14254734949878
656.426025390625,44.67292404174805,656.6178026362246,46.793802492165,655.7075296821557,36.72702795775106,0.07145002484321594,0.0,20.014280319213867,95.16683325717449
657.93994140625,44.53611373901367,658.1303872244813,46.64354986455903,657.2207402040066,36.57757409125668,0.07145002484321594,0.0,19.99220085144043,95.16370708972455
659.4521484375,44.39863967895508,659.6425912143002,46.493499654759425,658.7275853133337,36.428485524188616,0.07145002484321594,0.0,19.969757080078125,95.19445497132807
660.9627075195312,44.260406494140625,661.1533163969648,46.34330700250667,660.2323687365147,36.27954514651149,0.07145002484321594,0.0,19.951433181762695,95.22864674118372
662.4716796875,44.12167739868164,662.6621561779771,46.19351187458053,661.7369887968596,36.130360924162666,0.07145002484321594,0.0,19.927276611328125,95.2527874351117
663.9788818359375,43.982303619384766,664.1694803923457,46.0434556894282,663.2390293939796,35.981464468210476,0.07145002484321594,0.0,19.908187866210938,95.28322220838933
665.4845581054688,43.84232711791992,665.6752466641329,45.8934945256428,664.7399298306281,35.8326318382359,0.07145002484321594,0.0,19.889270782470703,95.31128578719978
666.988525390625,43.701541900634766,667.179668766342,45.7434706584713,666.238011935683,35.684026247580164,0.07145002484321594,0.0,19.86639976501465,95.34782959826143
668.4910278320312,43.55998611450195,668.6825905394791,45.59327237913215,667.7349861528214,35.535203095375564,0.07145002484321594,0.0,19.848690032958984,95.38214052291013
669.9918212890625,43.418190002441406,670.1831690934538,45.44344675084257,669.2329805551005,35.38649440861094,0.07145002484321594,0.0,19.824871063232422,95.39732710707558
671.4910278320312,43.27614974975586,671.6821476380551,45.29338119129824,670.7294578270529,35.237930211243196,0.07145002484321594,0.0,19.806501388549805,95.41225395442785
672.9886474609375,43.13328552246094,673.1804399448206,45.143811138135604,672.2213469323128,35.0898140762031,0.07145002484321594,0.0,19.7874755859375,95.4491956813464
674.4849853515625,42.990665435791016,674.6759509555214,44.99423362651257,673.7177741839844,34.94125832236911,0.07145002484321594,0.0,19.767065048217773,95.44457123558391
675.9796752929688,42.84868621826172,676.1692890428371,44.844849949915854,675.2144528032769,34.792786360635375,0.07145002484321594,0.0,19.74736976623535,95.4261922384118
677.5513916015625,42.69977569580078,677.739748350924,44.687837854958936,676.7874704893184,34.636764091579785,0.07145002484321594,0.0,19.725631713867188,95.41226957005209
679.12158203125,42.55112838745117,679.3089915830718,44.53077193411089,678.3575936201285,34.48097020662664,0.07145002484321594,0.0,19.705690383911133,95.40797868429084
680.6900024414062,42.40332794189453,680.875721083141,44.374126522009355,679.9287527397452,34.32514140589308,0.07145002484321594,0.0,19.685104370117188,95.38338275399755
682.2570190429688,42.25705337524414,682.4400341313865,44.21766545193163,681.5020334978713,34.16901107097122,0.07145002484321594,0.0,19.665449142456055,95.33287237759767
683.8225708007812,42.111724853515625,684.0035120269905,44.060914533445086,683.0708246138609,34.01353772297704,0.07145002484321594,0.0,19.647111892700195,95.3035079298847
685.38671875,41.96703338623047,685.5659253715498,43.904298069787984,684.6366230218873,33.85832651595678,0.07145002484321594,0.0,19.62455177307129,95.28510373322533
686.94921875,41.8223762512207,687.1274621919493,43.74765548495493,686.1975775727304,33.70359704683193,0.07145002484321594,0.0,19.606220245361328,95.28939801217001
688.5099487304688,41.677433013916016,688.687675497861,43.59117179441485,687.7550813185392,33.54911862694863,0.07145002484321594,0.0,19.585153579711914,95.30577605544842
690.069091796875,41.532379150390625,690.2461257157818,43.435266812075476,689.31200355695,33.394651197145805,0.07145002484321594,0.0,19.56866455078125,95.3151759310825
691.6267700195312,41.387630462646484,691.8025659364373,43.27941598183857,690.8696475160964,33.24003856483212,0.0675000250339508,0.0,19.544477462768555,95.30901674694704
693.1825561523438,41.242156982421875,693.3584887286804,43.12369210588155,692.4198881621843,33.08569931606157,0.0675000250339508,0.0,19.523395538330078,95.34189853151638
694.7364501953125,41.09678268432617,694.9114811436126,42.967674248112935,693.9725219701943,32.93121604829381,0.05955001711845398,0.0,19.49505615234375,95.34474003655923
696.2877807617188,40.95030975341797,696.463553969727,42.811966707011294,695.5160945182873,32.7771923747497,0.04765000939369202,0.0,19.461734771728516,95.39374089509687
697.8358764648438,40.80342483520508,698.0117036850912,42.656558345910675,697.0597158049101,32.623068422870666,0.03175002336502075,0.0,19.416994094848633,95.42005703583952
699.3795166015625,40.65599822998047,699.555814983133,42.50194223320969,698.5976659934179,32.46957911104872,0.0,0.0,19.348684310913086,95.45553282765603
700.9169921875,40.5082893371582,701.0937198931066,42.3478165825204,700.1299732994312,32.31634975276555,0.0,0.0,19.27069854736328,95.48769791905129
702.4483032226562,40.360260009765625,702.6256059551088,42.19439406651162,701.6559376365891,32.16351827490084,0.0,0.0,19.194358825683594,95.52153257338341
703.973388671875,40.212520599365234,704.150592355127,42.04176005648181,703.1788471819887,32.01062198786907,0.0,0.0,19.116497039794922,95.53314160650038
705.4923706054688,40.064815521240234,705.6698505294522,41.88999852461955,704.6943670123313,31.858238900408928,0.0,0.0,19.041231155395508,95.55395299081925
707.0052490234375,39.91767120361328,707.1823726844399,41.73878511656374,706.2065367060038,31.705633887467894,0.0,0.0,18.964536666870117,95.55518139604008
708.51220703125,39.77098083496094,708.6891178680343,41.58839532924591,707.7122987658764,31.553480414896292,0.0,0.0,18.888517379760742,95.55977180000598
710.01318359375,39.625038146972656,710.1895606289235,41.43902279812478,709.2135581677118,31.401131627183425,0.0,0.0,18.816287994384766,95.55351598605685
711.5082397460938,39.47972106933594,711.6841817277493,41.2898534117116,710.7082468171772,31.249206324205645,0.0,0.0,18.739864349365234,95.55161934261385
713.0717163085938,39.32720947265625,713.2479841945847,41.13422424706015,712.2682276064553,31.090224342499397,0.0,0.0,18.663663864135742,95.57137369661798
714.628662109375,39.17507553100586,714.8049649901258,40.97936737326503,713.8231623209281,30.93155341130263,0.0,0.0,18.586483001708984,95.58082943028367
716.1791381835938,39.02320098876953,716.3556402738134,40.82509789595014,715.3710317866344,30.773301990167255,0.0,0.0,18.510387420654297,95.5944743220325
717.72314453125,38.870975494384766,717.9006734106907,40.67163127715365,716.9092772720303,30.6160099285733,0.0,0.0,18.43503189086914,95.63066498643676
719.2615356445312,38.718597412109375,719.4398489944267,40.51882792270701,718.4434199921983,30.458998456724586,0.699999988079071,0.0,18.385822296142578,95.65671233454066
720.7969970703125,38.56655502319336,720.9752357001652,40.3665697603597,719.9786299065148,30.301943942717646,0.699999988079071,0.0,18.353303909301758,95.65503073406161
722.3358764648438,38.41353225708008,722.5149071199636,40.21396099818241,721.5136608388814,30.144888859806187,0.0,0.0,18.60017967224121,95.67869804008583
723.8878173828125,38.259063720703125,724.0670823743502,40.06013390659353,723.0644527704609,29.986743270940746,0.0,0.0,18.51885414123535,95.6840704982727
725.4310302734375,38.10508346557617,725.6108436028672,39.90719924758655,724.6053365892556,29.82985924227136,0.0,0.0,18.411422729492188,95.69805645841994
726.9652709960938,37.95207977294922,727.1451030775152,39.75534149702674,726.1397225368037,29.67391312858523,0.0,0.0,18.3080997467041,95.69504919444203
728.4912109375,37.800537109375,728.6703640028659,39.60449654640389,727.6687702213374,29.51907294191483,0.0,0.0,18.206188201904297,95.67150610785531
730.0084838867188,37.650142669677734,730.1873151249434,39.4543037861379,729.187325407082,29.36578354920488,0.0,0.0,18.104719161987305,95.6607554150146
731.5174560546875,37.5012321472168,731.6954520808758,39.30493980392462,730.6995931927568,29.213488101509807,0.0,0.0,18.000730514526367,95.63589539912634
733.0179443359375,37.35344314575195,733.1955381772702,39.15653725357237,732.2013588575794,29.06272510333632,0.0,0.0,17.902008056640625,95.62514389418932
734.5808715820312,37.1996955871582,734.7581593591242,39.0019219103103,733.7649806287455,28.90572193063244,0.0,0.0,17.798702239990234,95.61819818123104
736.1347045898438,37.04749298095703,736.311112814249,38.848440604469495,735.3219170406518,28.749763041929413,0.0,0.0,17.693103790283203,95.59444658632864
737.6797485351562,36.89766311645508,737.8541594112793,38.69618618824949,736.8745239811792,28.594196208340506,0.0,0.0,17.59316635131836,95.53891017815492
739.216064453125,36.7495002746582,739.3891754673145,38.54450638718791,738.4147006896409,28.440076056055318,0.0,0.0,17.489810943603516,95.50858908168217
740.7435302734375,36.60234832763672,740.916049670858,38.393133215193586,739.942461913007,28.287102997497257,0.0,0.0,17.389389038085938,95.5027397372375
742.2621459960938,36.456275939941406,742.4340092386471,38.24302171993515,741.4617354683488,28.13494956750974,0.0,0.0,17.289011001586914,95.49425521748086
743.7720336914062,36.310794830322266,743.9438427714992,38.09392953870099,742.969707615946,27.98378748114054,0.0,0.0,17.19137191772461,95.50358914715434
745.2733764648438,36.16667556762695,745.4441342924318,37.94552195958482,744.4733797755836,27.832819109216004,0.0,0.0,17.090879440307617,95.48322577780355
746.8336181640625,36.01615905761719,747.0048378079484,37.791007731021395,746.029070000208,27.67627930492895,0.0,0.0,16.99028778076172,95.51027211024231
748.3845825195312,35.8668327331543,748.5550462769324,37.637339122965756,747.5809507988686,27.51998459264716,0.0,0.0,16.887746810913086,95.49946717029546
749.92626953125,35.71849822998047,750.096234440414,37.48499683482073,749.122466200061,27.3643181224829,0.0,0.0,16.78322982788086,95.4958363354772
751.4583740234375,35.56981658935547,751.6295405010275,37.33361828084259,750.647073999664,27.209696229437224,0.0,0.0,16.687471389770508,95.54285851316084
752.9813232421875,35.42066955566406,753.1538829836442,37.18268732386765,752.162161238139,27.05615768292654,0.0,0.0,16.581180572509766,95.59331328405601
754.4951782226562,35.270347595214844,754.6701804338693,37.03275122703436,753.6643838832508,26.903624964033167,0.0,0.0,16.48977279663086,95.67073656285746
755.9998779296875,35.12131881713867,756.1744422855702,36.883843737127926,755.1708264635384,26.750630186848106,0.0,0.0,16.389732360839844,95.65625377860667
757.495849609375,34.97197723388672,757.6719464485644,36.73595936514268,756.6600054331816,26.5992307490205,0.0,0.0,16.296066284179688,95.70090098788158
759.0474853515625,34.81704330444336,759.2238023067931,36.58282624606505,758.2111483664818,26.4412771747974,0.0,0.0,16.196680068969727,95.70219709914647
760.58984375,34.66376495361328,760.7653983108158,36.43027698738691,759.757058445717,26.28389003194122,0.0,0.0,16.098365783691406,95.67537418818652
762.1226196289062,34.51039123535156,762.2995520737289,36.27860672033682,761.283868339637,26.12813540192667,0.0,0.0,16.002737045288086,95.71415092924197
763.6463012695312,34.357261657714844,763.8242050034731,36.12745300408578,762.8036908657723,25.973055143066155,0.0,0.0,15.902831077575684,95.73894007305933
765.1607055664062,34.20319366455078,765.3411835444685,35.977193700871695,764.3078071833662,25.819667991582765,0.0,0.0,15.81071949005127,95.80900277117445
766.6661376953125,34.05009078979492,766.8468596426881,35.82709612958033,765.813479621954,25.66606233407811,0.0,0.0,15.714332580566406,95.80703135200771
768.1624145507812,33.89658737182617,768.345169180672,35.67799085165526,767.3024302568008,25.513877643424095,0.0,0.0,15.623562812805176,95.85749617291583
769.7114868164062,33.73679733276367,769.8957325656459,35.52295360308541,768.8470421707873,25.356505084555828,0.0,0.0,15.526528358459473,95.88934999111227
771.2509765625,33.57707977294922,771.4368670368337,35.36884568438578,770.3818629294557,25.19984481007809,0.0,0.0,15.431159973144531,95.92307931623921
772.7808837890625,33.41755676269531,772.9683334439011,35.21529478868721,771.9078005403219,25.044242032031278,0.0,0.0,15.339187622070312,95.95270458136196
774.3012084960938,33.25876235961914,774.4896285794513,35.06272838411364,773.4270394414978,24.88931868856689,0.0,0.0,15.241621017456055,95.96279118348428
775.8123779296875,33.099334716796875,776.0034701272147,34.910643488533836,774.9300455123716,24.735955846526736,0.0,0.0,15.148210525512695,96.02239950245848
777.3141479492188,32.939884185791016,777.5073606486453,34.75964005340204,776.4268850317465,24.583280789765368,0.0,0.0,15.059374809265137,96.0606769399804
778.8064575195312,32.77983856201172,779.002649706783,34.60918866695516,777.9111692339626,24.431923478840304,0.0,0.0,15.0,96.12139890404896
780.3489990234375,32.61252975463867,780.5486703709188,34.45344503857861,779.4447461174151,24.27556495602312,0.0,0.0,15.0,96.19027794415157
781.8815307617188,32.44352340698242,782.0861185257027,34.29870367634792,780.9636797561403,24.12054727875238,0.0,0.0,15.0,96.29310276613623
783.4043579101562,32.27333450317383,783.6134889193618,34.1446103106519,782.475976105001,23.966300464128665,0.0,0.0,15.0,96.37683040320381
784.9172973632812,32.10204315185547,785.1312720598027,33.991985392640665,783.9788336687135,23.81301549278769,0.0,0.0,15.0,96.45938423277073
786.4209594726562,31.92958641052246,786.640032591119,33.83969989677428,785.4726170036547,23.66092363557641,0.0,0.0,15.0,96.5427311401648
787.9148559570312,31.754440307617188,788.141647338172,33.6888415951869,786.9483636525669,23.510811520765046,0.0,0.0,15.0,96.68689489395835
789.4561767578125,31.569236755371094,789.6920496806835,33.53224360892778,788.469430356461,23.357230370751594,0.0,0.0,15.0,96.85175344270306
790.987060546875,31.377948760986328,791.2367246759986,33.37601857825342,789.9661136175304,23.20727862220592,0.0,0.0,15.0,97.12234541442
792.5075073242188,31.180620193481445,792.7723183656983,33.22102974853845,791.4534469036514,23.058923523597972,0.0,0.0,15.0,97.39470092506443
794.017578125,30.97726058959961,794.299010046279,33.0670666209788,792.9315839728604,22.91308251459665,0.0,0.0,15.0,97.66981699764584
795.517578125,30.769079208374023,795.8153292596709,32.914452148917405,794.4072109980006,22.768600583946046,0.0,0.0,15.0,97.90146832513624
797.0074462890625,30.555280685424805,797.32417371363,32.76241523452836,795.8697322615723,22.627050471376116,0.0,0.0,15.0,98.16628743672686
798.5413818359375,30.324695587158203,798.8841759123987,32.60508587731542,797.3628748351294,22.484840391093353,0.0,0.0,15.0,98.54883867011951
800.0640869140625,30.08600616455078,800.434410180488,32.44846157700272,798.8505630503649,22.34440232851775,0.0,0.0,15.0,98.90882053817661
801.5755615234375,29.83747673034668,801.9792372588604,32.292500323292494,800.3211810736447,22.208745725385388,0.0,0.0,15.0,99.33750294620368
803.0755004882812,29.579416275024414,803.5155644342942,32.13722412986801,801.7843542948636,22.07481630677971,0.0,0.0,15.0,99.76201369778346
804.564208984375,29.31165313720703,805.044572372878,31.98237571502682,803.2383939394269,21.940391589588238,0.0,0.0,15.0,100.19635401686087
806.0414428710938,29.033536911010742,806.5675450420696,31.827965576576002,804.6809056068394,21.806947587590045,0.0,0.0,15.0,100.66217143308788
807.5590209960938,28.733901977539062,808.1384312504807,31.66847411594259,806.1641944152099,21.66944429634544,0.0,0.0,15.0,101.16898408913531
809.064208984375,28.421838760375977,809.7043311188331,31.50936748797922,807.6351152911969,21.52882945074002,0.0,0.0,15.0,101.71291205623226
810.5567016601562,28.096904754638672,811.2650678189991,31.350584840985164,809.0950363362625,21.38315749569975,0.0,0.0,15.0,102.28233403046241
812.0366821289062,27.75975799560547,812.8186219233856,31.19225613643405,810.5500886328414,21.23402615865746,0.0,0.0,15.0,102.83325476770557
813.5042724609375,27.40991973876953,814.3683190919404,31.034641899098332,811.9956257084624,21.081065346434823,0.0,0.0,15.0,103.40771818005983
815.0089721679688,27.034046173095703,815.9676991226628,30.872028674644884,813.4807531583991,20.916269064038616,0.0,0.0,15.0,104.02544277825612
816.5003051757812,26.64361000061035,817.564129105287,30.70705455922693,814.9563497149056,20.74622675679057,0.0,0.0,15.0,104.6709625220764
817.9779663085938,26.238426208496094,819.1567935742562,30.537480777484948,816.4239389370516,20.571057742762694,0.0,0.0,15.0,105.33395711203951
819.4419555664062,25.818378448486328,820.747265778329,30.36776618554643,817.8832646723748,20.385884950463222,0.0,0.0,15.0,106.0092427494437
820.8922119140625,25.383148193359375,822.3350661761004,30.190967796003953,819.3330208227378,20.187675795092623,0.0,0.0,15.0,106.70480231471922
822.3286743164062,24.932966232299805,823.9154296932415,29.996062130624807,820.776385808459,19.979848888352528,0.0,0.0,15.0,107.40079653169249
823.7986450195312,24.45256996154785,825.5392796267328,29.77876009501139,822.2622566181678,19.75135540988146,0.0,0.0,15.0,108.0977386299141
825.2540283203125,23.957134246826172,827.1561293298397,29.544712944539214,823.7374364170437,19.502020365184645,0.0,0.0,15.0,108.79939407932923
826.6947631835938,23.4471378326416,828.759742221863,29.280683343224002,825.2023373925265,19.231049624475368,0.0,0.0,15.0,109.49312454508336
828.1210327148438,22.922945022583008,830.3478435252366,28.981846155481747,826.6581128958411,18.942505145370472,0.0,0.0,15.0,110.17975175704144
829.5327758789062,22.385234832763672,831.919981150023,28.65277594788613,828.1039500724145,18.63389237516846,0.0,0.0,15.0,110.85102969516694
830.9296875,21.833927154541016,833.4784895459894,28.292119809119292,829.5342190209409,18.298068300639077,0.0,0.0,15.0,111.53725669170856
832.3564453125,21.251230239868164,835.0658809257997,27.885396873325263,830.997300100473,17.92330623555089,0.0,0.0,15.0,112.21541504431397
833.7683715820312,20.65484046936035,836.635562883986,27.4427884174857,832.4459618250958,17.52409415674021,0.02385002374649048,0.0,15.0,112.89892434821213
835.16748046875,20.042903900146484,838.1947349728558,26.9643053854261,833.8791117734365,17.09722589744263,0.02385002374649048,0.0,15.0,113.62341146617909
836.5540771484375,19.415163040161133,839.7420254473528,26.456919930726812,835.2974756738753,16.63949629073371,0.027800023555755615,0.0,15.0,114.35724156354001
837.9277954101562,18.770536422729492,841.2814880673217,25.917354011019263,836.6976368076234,16.149032297065663,0.027800023555755615,0.0,15.0,115.1386361941855
839.2884521484375,18.108905792236328,842.8104402746761,25.351945420769177,838.082728070987,15.629309904621266,0.027800023555755615,0.0,15.0,115.93172242860652
840.6357421875,17.430524826049805,844.3265704099624,24.760648086977344,839.452477616481,15.080517013962815,0.027800023555755615,0.0,15.0,116.72594781270845
841.968994140625,16.734697341918945,845.8346150102295,24.141485219633296,840.8050382965213,14.5044801718671,0.027800023555755615,0.0,15.0,117.56016718997833
843.3296508789062,15.999764442443848,847.3693202602326,23.478819153501096,842.1844975135525,13.879624435040574,0.027800023555755615,0.0,15.0,118.37485765742427
844.6749267578125,15.24682903289795,848.8951749573993,22.787181145339776,843.5428996410062,13.224226887747404,0.03970000147819519,0.0,15.0,119.23523677383591
846.00537109375,14.474761009216309,850.4106117704018,22.06596712955895,844.8822854512375,12.539435511952124,0.04365000128746033,0.0,15.0,120.12695347792938
847.3218994140625,13.683213233947754,851.9107904411794,21.31560787238583,846.2043934286389,11.824540486835575,0.05160000920295715,0.0,15.0,121.0159134986064
848.624267578125,12.870586395263672,853.4028177207418,20.52899894068036,847.5068030444596,11.079665687461922,0.05555000901222229,0.0,15.0,121.96255162827731
849.912109375,12.03643798828125,854.8817526745329,19.709070703424874,848.7927945529066,10.308327738729385,0.05955001711845398,0.0,15.0,122.93154630948483
851.18505859375,11.178452491760254,856.3555971270334,18.84971618228675,850.062172006467,9.512483067075683,0.07540002465248108,0.0,15.0,123.98051863117236
852.4447631835938,10.296210289001465,857.8097954003589,17.956641502771543,851.3181655139953,8.687604113891442,0.08335000276565552,0.0,15.0,125.00572369745849
853.6913452148438,9.388809204101562,859.2485469110449,17.02325872570482,852.5600138893515,7.834593185168158,0.08335000276565552,0.0,15.0,126.05129447082575
854.9254760742188,8.457143783569336,860.6638512036744,16.058484000624468,853.7898336328959,6.952814706665446,0.09525001049041748,0.0,15.0,127.0497474967288
856.1102905273438,7.528628826141357,862.0268346980107,15.07832631876623,854.9677184052384,6.070670660601488,0.1032000184059143,0.0,15.0,128.08507619488034
857.2836303710938,6.5746846199035645,863.3731034174468,14.064662866017759,856.1324910551311,5.158797174606372,0.1032000184059143,0.0,15.0,129.1116668375792
858.445068359375,5.595335960388184,864.7015844110396,13.015119860731073,857.2842791318341,4.218722338513357,0.10715001821517944,0.0,15.0,130.13828300236335
859.5938110351562,4.589425563812256,866.0183475618119,11.926201588204083,858.4213964845742,3.2505363023581797,0.12305000424385071,0.0,15.0,131.20740296072944
860.7311401367188,3.556638240814209,867.3143447021614,10.806214186501174,859.5468836650138,2.2525078366241837,0.13495001196861267,0.0,15.0,132.24200249691106
861.8577880859375,2.495941638946533,868.5943166847932,9.651330010503791,860.6609307846926,1.2246668733060342,0.15080001950263977,0.0,15.0,133.2729792647347
862.9395141601562,1.4399514198303223,869.8264251053778,8.49470534217593,861.7299146497809,0.20087239613408503,0.16269999742507935,0.0,15.0,134.31025241681857
864.0136108398438,0.3557947874069214,871.035975312583,7.312998329910394,862.7918439698374,-0.8546352364288996,0.17065000534057617,0.0,15.0,135.26706256229582
865.0798950195312,-0.7578253149986267,872.236198262274,6.094289617463437,863.8435727765948,-1.9415960154298884,0.1746000051498413,0.0,15.0,136.24396398956685
866.1032104492188,-1.8639376163482666,873.3916034639393,4.878890413400397,864.8495524232137,-3.0237543908269755,0.1587499976158142,0.0,15.0,137.2266652879506
867.1166381835938,-2.9973270893096924,874.532749922888,3.633838540089669,865.8460239421701,-4.133455262960382,0.15080001950263977,0.0,15.0,138.19829784705075
868.1174926757812,-4.15860652923584,875.6666503665173,2.347672775498441,866.8314961904046,-5.2669490306827385,0.14685001969337463,0.0,15.0,139.24342833230412
869.104248046875,-5.347473621368408,876.7878684294753,1.0299034060132604,867.8026090937483,-6.427829227745476,0.13495001196861267,0.0,15.0,140.30744999094355
870.0435180664062,-6.521949768066406,877.8542557251022,-0.27542723641444766,868.7290462848605,-7.573179236963594,0.13495001196861267,0.0,15.0,141.34944103491435
870.966796875,-7.721540927886963,878.906152216244,-1.6109269237268844,869.6422126539089,-8.741022049866894,0.13495001196861267,0.0,15.0,142.41591619717545
871.8741455078125,-8.945333480834961,879.9378712531516,-2.966697221949924,870.5411792527914,-9.933626068631112,0.13495001196861267,0.0,15.0,143.4458911712255
872.7642211914062,-10.193613052368164,880.9539015891082,-4.354027478244244,871.4254057207012,-11.148244628874766,0.13495001196861267,0.0,15.0,144.50953776067334
873.63671875,-11.466065406799316,881.94891552024,-5.766542463303817,872.2922878804976,-12.387917330962983,0.14285001158714294,0.0,15.0,145.562272500922
874.49169921875,-12.762622833251953,882.9223269265559,-7.203268590688493,873.1420990156927,-13.652580956735964,0.14285001158714294,0.0,15.0,146.59820242038845
875.2984619140625,-14.038278579711914,883.8504551805303,-8.629743277694622,873.9469015980974,-14.893045585944881,0.14285001158714294,0.0,15.0,147.68952029900376
876.0858764648438,-15.337133407592773,884.7543925188892,-10.08195359217591,874.7325825088042,-16.157551001303755,0.14285001158714294,0.0,15.0,148.77418372938214
876.8528442382812,-16.659292221069336,885.636827974687,-11.563813236583695,875.4986281606741,-17.444856012051872,0.14285001158714294,0.0,15.0,149.88251646855744
877.60009765625,-18.003786087036133,886.4873196674921,-13.064375657392869,876.245490654262,-18.756660263603763,0.14285001158714294,0.0,15.0,150.935224396833
878.3259887695312,-19.370840072631836,887.3159988464146,-14.597240425596045,876.9703530764024,-20.09066819416744,0.14285001158714294,0.0,15.0,152.03217371200273
879.0046997070312,-20.710044860839844,888.0891432565023,-16.106035636546636,877.6479916815048,-21.397626464510004,0.14285001158714294,0.0,15.0,153.12404191944927
879.6619873046875,-22.06965446472168,888.8352143078479,-17.63496356341593,878.3018595720146,-22.72719254577211,0.14285001158714294,0.0,15.0,154.19909019922005
880.2975463867188,-23.449153900146484,889.5550202095801,-19.18407671802043,878.9325242774098,-24.078043029396202,0.14285001158714294,0.0,15.0,155.26366429319606
880.9112548828125,-24.84799575805664,890.2426170282446,-20.75408321433643,879.5383230995855,-25.45033682696231,0.14285001158714294,0.0,15.0,156.3116824209014
881.5004272460938,-26.266633987426758,890.9086754845268,-22.359309530623253,880.1188618169504,-26.840409705622037,0.14285001158714294,0.0,15.0,157.44647803381903
882.0664672851562,-27.703989028930664,891.5418441285151,-23.97252218623952,880.6753973205459,-28.25180169481371,0.14285001158714294,0.0,15.0,158.50514764064468
882.6072387695312,-29.160083770751953,892.1511343393728,-25.615625827330142,881.2029355202076,-29.68162068098044,0.14285001158714294,0.0,15.0,159.62576765715855
883.1056518554688,-30.579124450683594,892.707640635163,-27.206594736415497,881.6877554271515,-31.077135638362453,0.14285001158714294,0.0,15.0,160.64707176396217
883.5814819335938,-32.014286041259766,893.2368179602475,-28.81304422566651,882.1493784748957,-32.489102190960224,0.14285001158714294,0.0,15.0,161.65697901912858
884.032958984375,-33.46548080444336,893.7427615597603,-30.44469190579395,882.5880747556583,-33.91499460290157,0.14285001158714294,0.0,15.0,162.71870913404308
884.4588623046875,-34.9327278137207,894.2218397603181,-32.09879154518668,883.0042289074835,-35.35496973330846,0.1389000117778778,0.0,15.0,163.81337304448508
884.8597412109375,-36.41484069824219,894.6669525282351,-33.76220594464159,883.3945795777801,-36.81113466418342,0.1389000117778778,0.0,15.0,164.8649022604554
885.235107421875,-37.91140365600586,895.0829416520523,-35.44138112755437,883.7589381325856,-38.28165475032057,0.13495001196861267,0.0,15.0,165.91960780745154
885.5838012695312,-39.42146301269531,895.4715171722328,-37.13825097379668,884.0990326125288,-39.76431688370116,0.13495001196861267,0.0,15.0,166.99750813602245
885.9065551757812,-40.94454574584961,895.8257630136666,-38.842583057353444,884.4109580720454,-41.26147521849041,0.13495001196861267,0.0,15.0,168.0355405567568
886.19091796875,-42.42072677612305,896.1371530283619,-40.50474281272593,884.6814581232898,-42.711500203451095,0.13495001196861267,0.0,15.065016746520996,169.09643964287105
886.4495849609375,-43.90806198120117,896.4168441344603,-42.174625603197214,884.9260711685373,-44.17302090161859,0.13495001196861267,0.0,15.12564468383789,170.13419305691565
886.6808471679688,-45.406166076660156,896.6594402843513,-43.86577147113414,885.1366513417082,-45.644543460416024,0.13495001196861267,0.0,15.18742561340332,171.2245244080113
886.8836059570312,-46.91445541381836,896.8665044061521,-45.57245799262639,885.3179410446951,-47.12492718066187,0.13495001196861267,0.0,15.251551628112793,172.34364908842252
887.058349609375,-48.4327392578125,897.035490589754,-47.284441420253046,885.4689840714626,-48.615663906653836,0.13495001196861267,0.0,15.306243896484375,173.43455177771827
887.203857421875,-49.95986557006836,897.1698765696884,-49.010282268481916,885.5838681196451,-50.11422156390404,0.13495001196861267,0.0,15.370543479919434,174.55716896497933
887.3193359375,-51.495819091796875,897.2650895429388,-50.74806152825059,885.6680259822649,-51.61997051940826,0.13495001196861267,0.0,15.433466911315918,175.700386134744
887.4059448242188,-53.03971862792969,897.3223826917417,-52.48343136711926,885.71834009778,-53.134389014931855,0.13495001196861267,0.0,15.49392032623291,176.78921587255937
887.4642333984375,-54.59129333496094,897.3486497779935,-54.21996185144432,885.7347790967802,-54.65626437693736,0.13495001196861267,0.0,15.55615520477295,177.84856023910316
887.493896484375,-56.14958572387695,897.3399626041233,-55.96215959798823,885.7164240132747,-56.18342104197054,0.13495001196861267,0.0,15.614298820495605,178.9094701318545
887.4966430664062,-57.6516227722168,897.3013122672652,-57.63369423424951,885.6662383878559,-57.65496979791472,0.13495001196861267,0.0,15.674718856811523,179.89523069137599
887.4738159179688,-59.15925979614258,897.2342595376315,-59.307042778243755,885.5863855773596,-59.13068219300151,0.13495001196861267,0.0,15.734343528747559,-179.13255026814434
887.4266967773438,-60.6718635559082,897.1370810772569,-60.9743518714346,885.4749763913464,-60.611065487190764,0.13495001196861267,0.0,15.79295825958252,-178.21575536641433
887.3543090820312,-62.1892204284668,897.0091944259672,-62.649820641372195,885.335513608044,-62.09291088236587,0.13495001196861267,0.0,15.851285934448242,-177.26869311393017
887.2564697265625,-63.71070098876953,896.8524124337465,-64.32777154102104,885.1673853534401,-63.57636166566607,0.13495001196861267,0.0,15.90999698638916,-176.32064028408362
887.1334228515625,-65.23609924316406,896.664178471703,-66.00490154909856,884.9713273200872,-65.06169292151458,0.13495001196861267,0.0,15.969255447387695,-175.3881980366925
886.9859008789062,-66.76505279541016,896.4433532746588,-67.67756058982576,884.7456407787852,-66.54889999681961,0.13495001196861267,0.0,16.030540466308594,-174.48884312136573
886.8137817382812,-68.29724884033203,896.1942328615202,-69.35100119229627,884.4942503483526,-68.03668443618126,0.13495001196861267,0.0,16.086048126220703,-173.59055285983052
886.6178588867188,-69.83213806152344,895.9165285871028,-71.01907836853982,884.2154232807794,-69.5254761682009,0.13095000386238098,0.0,16.14695930480957,-172.72574629897727
886.3995971679688,-71.36961364746094,895.6083782273157,-72.67690229645756,883.9125123855459,-71.01654436671683,0.12700000405311584,0.0,16.20233154296875,-171.92021687274925
886.15966796875,-72.90886688232422,895.273771644576,-74.32951654997414,883.5847629575479,-72.50750674001019,0.12700000405311584,0.0,16.251554489135742,-171.14038490987215
885.9000244140625,-74.4499740600586,894.9132418485393,-75.96850816830883,883.2326398589729,-74.00057688794226,0.12700000405311584,0.0,16.303220748901367,-170.436698182263
885.63134765625,-75.92782592773438,894.540319702758,-77.54749686854554,882.878849719201,-75.42741567838036,0.12305000424385071,0.0,16.34874153137207,-169.69603853396353
885.3428955078125,-77.40615844726562,894.1451361990836,-79.12365109855779,882.5042589404667,-76.85228385838506,0.12305000424385071,0.0,16.394603729248047,-168.95917097983244
885.0345458984375,-78.88469696044922,893.7261775772076,-80.69733911287409,882.1099075341045,-78.27476283349608,0.12305000424385071,0.0,16.437084197998047,-168.21979894460083
884.7060546875,-80.36293029785156,893.2857248235492,-82.26949414073424,881.6999314981254,-79.69491326581775,0.12305000424385071,0.0,16.482263565063477,-167.47138015541051
884.3582153320312,-81.84097290039062,892.8243954192476,-83.83338544638953,881.2740051815309,-81.11514154137753,0.12305000424385071,0.0,16.524097442626953,-166.7571063451076
883.9907836914062,-83.31827545166016,892.3412493486677,-85.39518603019641,880.8309796189812,-82.53237550625833,0.12305000424385071,0.0,16.56866455078125,-166.03291325345518
883.6046142578125,-84.79499816894531,891.8377585583329,-86.94800132519974,880.3717693946716,-83.94959513215127,0.12305000424385071,0.0,16.610366821289062,-165.34507751688733
883.1992797851562,-86.2704086303711,891.3159855922629,-88.5002834713358,879.8998924869143,-85.36397923625573,0.12305000424385071,0.0,16.654502868652344,-164.63831405977947
882.7758178710938,-87.74494171142578,890.7794757167501,-90.04346204601113,879.4137288332804,-86.77940443220609,0.12305000424385071,0.0,16.693683624267578,-163.97679544051556
882.333984375,-89.21805572509766,890.2230696594024,-91.5842419807704,878.9137832880003,-88.19222921772095,0.12305000424385071,0.0,16.73835563659668,-163.30434938433416
881.8745727539062,-90.68997955322266,889.6521619374228,-93.11749297934344,878.3984340567191,-89.60501952777369,0.12305000424385071,0.0,16.7789306640625,-162.6659988707854
881.3970336914062,-92.1600341796875,889.0648950891108,-94.65089627237404,877.8717073297937,-91.01485153448239,0.12305000424385071,0.0,16.822324752807617,-162.00390053587614
880.9019165039062,-93.62850952148438,888.4632724291419,-96.17792739240902,877.3321954855261,-92.42492769721123,0.12305000424385071,0.0,16.86403465270996,-161.36773990850617
880.389404296875,-95.09510040283203,887.8445245829828,-97.70035330608584,876.7787991123748,-93.83334482030297,0.12305000424385071,0.0,16.9075927734375,-160.73761364164747
879.8605346679688,-96.56011962890625,887.2131444998882,-99.21440017628161,876.2107387696057,-95.24254906874144,0.12305000424385071,0.0,16.94875144958496,-160.1504976194986
879.3150634765625,-98.02298736572266,886.5657807316757,-100.72662029176126,875.6296541557816,-96.64877932050254,0.12305000424385071,0.0,16.990306854248047,-159.55062135568033
878.75244140625,-99.48365020751953,885.9024014632354,-102.23769119138146,875.0334108211171,-98.05114393195154,0.12305000424385071,0.0,17.033063888549805,-158.93417789278487
878.1978759765625,-100.87814331054688,885.252326299716,-103.68357437806215,874.4509438197026,-99.38805416125824,0.12305000424385071,0.0,17.07264518737793,-158.31315260331988
877.6273193359375,-102.26990509033203,884.5888016093621,-105.12378425082224,873.8558416564493,-100.72377724988142,0.12305000424385071,0.0,17.111217498779297,-157.70868598491072
877.0398559570312,-103.65840911865234,883.9085364721523,-106.56448514129221,873.248376068442,-102.05426858972628,0.12305000424385071,0.0,17.15192413330078,-157.06722172996902
876.4347534179688,-105.04308319091797,883.2124031800633,-108.00491598757701,872.6273844866913,-103.3792630518624,0.12305000424385071,0.0,17.190208435058594,-156.39467318582638
875.8118896484375,-106.42362976074219,882.5001910277409,-109.44120316241629,871.9918575994933,-104.7001387798921,0.12305000424385071,0.0,17.229446411132812,-155.71644310588448
875.1708984375,-107.7996597290039,881.7727097152361,-110.8749583074518,871.3423665422173,-106.01622815245894,0.12305000424385071,0.0,17.268970489501953,-155.02264907686705
874.511474609375,-109.17076110839844,881.0275736491633,-112.30464386705796,870.6785462045935,-107.32733482381094,0.12305000424385071,0.0,17.30706024169922,-154.31502259436198
873.8339233398438,-110.53681945800781,880.2674727707197,-113.7277955870498,870.0000420437856,-108.63525270566586,0.12305000424385071,0.0,17.347896575927734,-153.61904872677303
873.1378784179688,-111.89752197265625,879.4917795428737,-115.14775526352997,869.3036245479301,-109.93617266471475,0.12305000424385071,0.0,17.38662338256836,-152.90873455503743
872.4237060546875,-113.2525634765625,878.7004138788859,-116.56069186046166,868.591359364795,-111.2327315492425,0.12305000424385071,0.0,17.42510986328125,-152.20860223288403
871.691650390625,-114.60205841064453,877.8935037655697,-117.96635550887835,867.8649143428848,-112.52618266789793,0.12305000424385071,0.0,17.465150833129883,-151.52165609327557
870.9414672851562,-115.94548797607422,877.068766680707,-119.36702685460921,867.1179451072788,-113.81039893602372,0.12305000424385071,0.0,17.505172729492188,-150.82061774716624
870.1734619140625,-117.28289794921875,876.2282621555643,-120.75985654811397,866.3533726635978,-115.08921828380075,0.12305000424385071,0.0,17.54494857788086,-150.13347739372384
869.3875122070312,-118.6139144897461,875.3688308435206,-122.1458132204312,865.5722566808979,-116.36105070352613,0.12305000424385071,0.0,17.58348274230957,-149.4386458746332
868.5836181640625,-119.93818664550781,874.4920768037949,-123.52489250724669,864.7730735363168,-117.62501097887201,0.12305000424385071,0.0,17.624319076538086,-148.74032557035258
867.7626342773438,-121.256103515625,873.5999402417444,-124.89239822228134,863.9529287739553,-118.88288339655358,0.12305000424385071,0.0,17.662979125976562,-148.07954684784642
866.9246215820312,-122.56736755371094,872.6903693719743,-126.25218594695785,863.1160668486233,-120.13336713526954,0.12305000424385071,0.0,17.704498291015625,-147.4178551078046
866.0699462890625,-123.8720703125,871.7641680378988,-127.60220011304756,862.2597187375356,-121.37609387116767,0.12305000424385071,0.0,17.74236488342285,-146.77228231934487
865.1987915039062,-125.17005157470703,870.8197147612622,-128.9425977086285,861.3862331364446,-122.61120996257603,0.12305000424385071,0.0,17.78252601623535,-146.13201679730716
864.3121948242188,-126.4616928100586,869.8599626087248,-130.26974133220224,860.4941475583346,-123.84094338198578,0.12305000424385071,0.0,17.822017669677734,-145.53386982515394
863.409912109375,-127.74669647216797,868.8829841849608,-131.58968811219864,859.5812727931286,-125.05836555274506,0.12305000424385071,0.0,17.861661911010742,-144.92486872027504
862.5347290039062,-128.96731567382812,867.9349454669835,-132.83926706368945,858.6935608476874,-126.21320081883079,0.12305000424385071,0.0,17.899574279785156,-144.35950352780804
861.6456909179688,-130.1819305419922,866.9739279447575,-134.08193685006395,857.7914057895891,-127.36078421569084,0.12305000424385071,0.0,17.934537887573242,-143.79771511390646
860.74365234375,-131.39051818847656,865.9979557180861,-135.31210744026626,856.8727598348372,-128.50144814887236,0.12305000424385071,0.0,17.973217010498047,-143.26390032200948
859.8289184570312,-132.59352111816406,865.010680921273,-136.53360605228843,855.938802891047,-129.63557276771218,0.12305000424385071,0.0,18.00977325439453,-142.75153299191626
858.9017944335938,-133.7909393310547,864.0100675469934,-137.74611778978192,854.9913698564433,-130.7632180818809,0.12305000424385071,0.0,18.046541213989258,-142.2504851287242
857.9627685546875,-134.98292541503906,862.9968544713306,-138.94869063317333,854.0304035785938,-131.88507676775157,0.12305000424385071,0.0,18.083295822143555,-141.76957587036821
857.0117797851562,-136.16943359375,861.9714578364994,-140.1446258528057,853.056554748203,-132.99931251190645,0.12305000424385071,0.0,18.119800567626953,-141.28775294659619
856.0482788085938,-137.34974670410156,860.9304934211146,-141.33514558317563,852.0721922711539,-134.1040289126765,0.12305000424385071,0.0,18.15699577331543,-140.77490647530357
855.0718994140625,-138.5235137939453,859.8767425117684,-142.5203457337301,851.0790266116915,-135.20210636741888,0.12305000424385071,0.0,18.19339370727539,-140.24516400795466
854.0820922851562,-139.69003295898438,858.8091560940171,-143.70100988678178,850.0759164602491,-136.2907391368274,0.12305000424385071,0.0,18.230056762695312,-139.68494911788775
853.0791625976562,-140.849365234375,857.7302704286807,-144.8730038602611,849.0615631412261,-137.37376996900554,0.12305000424385071,0.0,18.268112182617188,-139.13716226323518
852.0634155273438,-142.00177001953125,856.6409555233367,-146.0364832557643,848.0371416355279,-138.4529510953429,0.12305000424385071,0.0,18.305782318115234,-138.60655837861768
851.0350341796875,-143.14703369140625,855.5408173730017,-147.19296958056373,847.0011958596504,-139.52487733592207,0.12305000424385071,0.0,18.343618392944336,-138.07797288547482
849.9939575195312,-144.28521728515625,854.4288637761782,-148.34174860324012,845.9555186813786,-140.59132779232223,0.12305000424385071,0.0,18.379709243774414,-137.55138843663332
848.9400634765625,-145.4154510498047,853.304426423468,-149.48503050757992,844.9022771255488,-141.6503901259369,0.12305000424385071,0.0,18.41674041748047,-137.00178946257412
847.8726806640625,-146.5375518798828,852.1671892113759,-150.6226434230532,843.8400895858131,-142.70160568736054,0.12305000424385071,0.0,18.453474044799805,-136.4315973688772
846.7923583984375,-147.6513214111328,851.018970942772,-151.7510058716063,842.7678999689278,-143.74772023827435,0.12305000424385071,0.0,18.490833282470703,-135.87336306175976
845.698974609375,-148.7566680908203,849.858140788902,-152.87082065515204,841.684911074445,-144.78604776145886,0.12305000424385071,0.0,18.527141571044922,-135.31173278855223
844.5928344726562,-149.853515625,848.6858929443846,-153.9812508994395,840.5913244913052,-145.8181044489486,0.12305000424385071,0.0,18.562414169311523,-134.75831741801662
843.4739379882812,-150.94166564941406,847.501711675527,-155.08324697313284,839.4885856553927,-146.84370432586792,0.12305000424385071,0.0,18.597997665405273,-134.20186165809776
842.3427124023438,-152.0214080810547,846.3063771258978,-156.17406413861957,838.3718654322711,-147.8612273205716,0.12305000424385071,0.0,18.63412857055664,-133.66608902586717
841.1992797851562,-153.0924530029297,845.0986683292002,-157.25538581488092,837.245574342293,-148.87153222753653,0.12305000424385071,0.0,18.668807983398438,-133.12776013462053
840.0438842773438,-154.155029296875,843.8788126383439,-158.32495010757805,836.1071243463284,-149.8743816242803,0.12305000424385071,0.0,18.704631805419922,-132.60364496731358
838.8762817382812,-155.2085723876953,842.6461756576548,-159.3866053040609,834.9591815133537,-150.8673962096743,0.12305000424385071,0.0,18.739694595336914,-132.06035046564617
837.753173828125,-156.20372009277344,841.4596415903005,-160.3867807994367,833.8559911273227,-151.80542153240893,0.12305000424385071,0.0,18.772907257080078,-131.54306067739006
836.6193237304688,-157.19070434570312,840.263261609476,-161.37686973557786,832.7414248042144,-152.73576389130068,0.12305000424385071,0.0,18.807098388671875,-131.0386435852546
835.474853515625,-158.16941833496094,839.0547586997751,-162.35562073953832,831.6147264217401,-153.65553528746028,0.12305000424385071,0.0,18.84016227722168,-130.5359936279088
834.31982421875,-159.1398162841797,837.8360764383046,-163.32508309359238,830.476761909801,-154.5655593413184,0.12305000424385071,0.0,18.87421417236328,-130.0353002956771
833.1544799804688,-160.10214233398438,836.607519170459,-164.2836557882145,829.3268718184374,-155.4670385467319,0.12305000424385071,0.0,18.9070987701416,-129.5494491456774
831.9790649414062,-161.05613708496094,835.3681264456674,-165.23179303730078,828.16592000731,-156.35796878049845,0.12305000424385071,0.0,18.940204620361328,-129.0636042096818
830.7935791015625,-162.00189208984375,834.1197305644389,-166.17115943715655,826.9950450221606,-157.2405021526551,0.12305000424385071,0.0,18.972869873046875,-128.58210952594925
829.5980224609375,-162.93917846679688,832.8614364853437,-167.10182971610942,825.8144866412543,-158.11308530520708,0.12305000424385071,0.0,19.00597381591797,-128.09555478228802
828.3924560546875,-163.86782836914062,831.59268172351,-168.02233756470963,824.6236874723613,-158.975240985762,0.12305000424385071,0.0,19.036439895629883,-127.60712305153295
827.1771240234375,-164.7880096435547,830.3161384415355,-168.93387185021538,823.4227398612786,-159.8293960999409,0.12305000424385071,0.0,19.069730758666992,-127.1309636403314
825.9522094726562,-165.6995391845703,829.0314493654811,-169.83742564940692,822.2124351406155,-160.67402570439188,0.12305000424385071,0.0,19.102005004882812,-126.65506152435846
824.7177734375,-166.6026153564453,827.7381370595695,-170.73122134835899,820.9917355569714,-161.50940664235432,0.12305000424385071,0.0,19.13371467590332,-126.18807676342792
823.473876953125,-167.49693298339844,826.4359924183912,-171.61690658395295,819.761990359,-162.3341110220767,0.12305000424385071,0.0,19.165546417236328,-125.71480065315949
822.2205810546875,-168.38230895996094,825.1255910498021,-172.4945022068714,818.5240810729849,-163.14972033289072,0.12305000424385071,0.0,19.197589874267578,-125.23883999240381
820.957763671875,-169.25872802734375,823.8071233378237,-173.36432208611964,817.2790195884373,-163.95808801576067,0.12305000424385071,0.0,19.228761672973633,-124.76137692538775
819.6858520507812,-170.12631225585938,822.4811593373968,-174.22433951997567,816.024621854088,-164.75880892694227,0.12305000424385071,0.0,19.263093948364258,-124.2983075480023
818.4046020507812,-170.9847869873047,821.145863237996,-175.07604415244654,814.7630255051199,-165.549833833502,0.12305000424385071,0.0,19.293073654174805,-123.82323430843678
817.1141357421875,-171.83389282226562,819.8019294181308,-175.9187866487412,813.4953370959496,-166.33406283844567,0.12305000424385071,0.0,19.325477600097656,-123.34426585019611
815.814697265625,-172.67396545410156,818.4512088368841,-176.75216589744772,812.2161853169055,-167.10772664649173,0.12305000424385071,0.0,19.35823631286621,-122.8822222051012
814.5062255859375,-173.5048370361328,817.0912824112088,-177.57583154286655,810.9309830813258,-167.87448011158537,0.12305000424385071,0.0,19.38834571838379,-122.41529972703313
813.1891479492188,-174.3265838623047,815.7251492693846,-178.39123068429444,809.6368273964564,-168.63300305433802,0.12305000424385071,0.0,19.42156219482422,-121.96073085998604
811.8634033203125,-175.13919067382812,814.3505010806292,-179.1968190994662,808.336624402985,-169.38535235905795,0.12305000424385071,0.0,19.451662063598633,-121.50595223074878
810.5292358398438,-175.94271850585938,812.9684484724252,-179.99275640449943,807.0275663227571,-170.12859059290864,0.12305000424385071,0.0,19.483966827392578,-121.0592558274609
809.1866455078125,-176.73692321777344,811.5782555698249,-180.7799016829956,805.7124316303201,-170.86382035983573,0.12305000424385071,0.0,19.514747619628906,-120.60629153234444
807.8355102539062,-177.52174377441406,810.1799857365518,-181.55795746647178,804.3899999986818,-171.59000519527163,0.12305000424385071,0.0,19.545562744140625,-120.15059458270127
806.4760131835938,-178.29672241210938,808.7728113462604,-182.32585330858188,803.061304189262,-172.30650971725456,0.12305000424385071,0.0,19.57550048828125,-119.68521755995027
805.1080322265625,-179.061767578125,807.3566618261065,-183.0825530274511,801.7253560929388,-173.0131880430092,0.12305000424385071,0.0,19.60726547241211,-119.21616078126412
803.7314453125,-179.816162109375,805.9310437833549,-183.8298954355611,800.3855200614936,-173.71066064406776,0.12305000424385071,0.0,19.637540817260742,-118.72353838169228
802.3460083007812,-180.55958557128906,804.4970578842849,-184.56826146020342,799.040129701163,-174.39878112698497,0.12305000424385071,0.0,19.66880989074707,-118.21794142034975
800.951904296875,-181.2921142578125,803.0557280508549,-185.295983557261,797.6868944617657,-175.07834629532945,0.12305000424385071,0.0,19.699392318725586,-117.71957612817287
799.5492553710938,-182.0133819580078,801.6068155504342,-186.0147181810228,796.3280263340441,-175.74905950562356,0.12305000424385071,0.0,19.73050308227539,-117.2130553557554
798.2088623046875,-182.688232421875,800.222148561266,-186.6870367251937,795.0312137888536,-176.37676304287777,0.12305000424385071,0.0,19.759654998779297,-116.72397774355895
796.8609008789062,-183.35263061523438,798.8308447889863,-187.34934287044706,793.7272279845396,-176.99489180010536,0.11904999613761902,0.0,19.78692626953125,-116.23827765396719
795.505859375,-184.0069122314453,797.4350975979991,-188.0024361745225,792.4149816678653,-177.60558981477539,0.11904999613761902,0.0,19.812641143798828,-115.77356758367927
794.1439208984375,-184.65158081054688,796.0345842408038,-188.64583031435177,791.0941522814609,-178.208584581598,0.11904999613761902,0.0,19.837594985961914,-115.33036244463929
792.7755126953125,-185.28662109375,794.6274597166148,-189.27726477846304,789.7673731922858,-178.80457124437157,0.11509999632835388,0.0,19.860809326171875,-114.89470662169235
791.4010620117188,-185.91268920898438,793.2168082228095,-189.89892259212385,788.431520323939,-179.39344872474248,0.11509999632835388,0.0,19.883766174316406,-114.48946616524017
790.0209350585938,-186.52993774414062,791.801107078918,-190.51028479482503,787.0886453499577,-179.97353164390546,0.11509999632835388,0.0,19.90314292907715,-114.09612251871532
788.63525390625,-187.1386260986328,790.3803364992287,-191.11131268040788,785.739406872221,-180.54622027139774,0.11509999632835388,0.0,19.926231384277344,-113.71444999108773
787.2440795898438,-187.7389373779297,788.9536174282412,-191.70065726513334,784.3833018029626,-181.1093091845097,0.11110001802444458,0.0,19.94626235961914,-113.34087692483106
785.84765625,-188.33065795898438,787.5211822677155,-192.28007406144334,783.0224139621122,-181.6632639256585,0.11110001802444458,0.0,19.96436309814453,-112.96432182528088
784.4459838867188,-188.9132537841797,786.081929325345,-192.84918914449514,781.6587208977721,-182.20735351533818,0.11110001802444458,0.0,19.98113250732422,-112.56988940403168
783.0388793945312,-189.48587036132812,784.6348949673923,-193.4077978286704,780.2943965418592,-182.741786615172,0.11110001802444458,0.0,19.9971923828125,-112.14370487979157
781.6262817382812,-190.04803466796875,783.1811994535714,-193.95520752532428,778.9268532221624,-183.2649530136552,0.11110001802444458,0.0,20.012903213500977,-111.70082023912275
780.2083129882812,-190.60011291503906,781.7236669403447,-194.49217814422983,777.5529200930921,-183.7799489902128,0.11509999632835388,0.0,20.03122329711914,-111.27317427094687
778.7850341796875,-191.1425018310547,780.2625794964783,-195.01971774758502,776.1724317137237,-184.28679070701142,0.11509999632835388,0.0,20.05096435546875,-110.86104797729543
777.3565673828125,-191.675537109375,778.7967206958247,-195.53496494411425,774.786221621376,-184.78733716082644,0.11110001802444458,0.0,20.070327758789062,-110.46316155843614
775.9232177734375,-192.1990509033203,777.3263724980457,-196.04080502645994,773.3956928374982,-185.2788380617221,0.11110001802444458,0.0,20.0849552154541,-110.06411622680945
774.485107421875,-192.71266174316406,775.8516485256087,-196.53897683361822,772.0026540087829,-185.76179218650597,0.11110001802444458,0.0,20.101730346679688,-109.6538240580533
773.0423583984375,-193.2172088623047,774.3744065973873,-197.02619154261382,770.6020100741962,-186.23904958226902,0.11110001802444458,0.0,20.11777687072754,-109.27536123732648
771.5951538085938,-193.7125701904297,772.8930657579479,-197.50443690200373,769.1972931452665,-186.7071889449697,0.11110001802444458,0.0,20.13460922241211,-108.89547987773688
770.1437377929688,-194.1988983154297,771.4087550523288,-197.97426357993572,767.7875206806812,-187.16691501595696,0.11110001802444458,0.0,20.148677825927734,-108.52453210418298
768.6878662109375,-194.676025390625,769.9210211131277,-198.4387864487904,766.3751149997598,-187.6190610310075,0.11110001802444458,0.0,20.164045333862305,-108.14531891839921
767.2279052734375,-195.1438446044922,768.4299975305597,-198.8953103131406,764.9596655501521,-188.0651669984401,0.11110001802444458,0.0,20.1801815032959,-107.76715740913669
765.7639770507812,-195.6031036376953,766.9376843697064,-199.3443980817672,763.5380087119323,-188.50763541956886,0.11904999613761902,0.0,20.19662094116211,-107.41752304466213
764.2955932617188,-196.0533447265625,765.4409915311899,-199.7888639683609,762.1155377767536,-188.94346912317468,0.11904999613761902,0.0,20.218324661254883,-107.04677427887768
762.8228759765625,-196.49485778808594,763.9419232866868,-200.22756800698872,760.687280160977,-189.37133382966016,0.11904999613761902,0.0,20.24091339111328,-106.68846006892196
761.345947265625,-196.9280242919922,762.4407353994964,-200.66082452637573,759.2529075842067,-189.7915759038054,0.11904999613761902,0.0,20.261676788330078,-106.34581690716242
759.8648681640625,-197.3527069091797,760.9350683178768,-201.0850261003922,757.8148325123985,-190.20321493975197,0.11904999613761902,0.0,20.284210205078125,-105.99964321374776
758.3796997070312,-197.7689971923828,759.4259781045648,-201.50172826007346,756.37230711014,-190.6073691504277,0.11904999613761902,0.0,20.30681037902832,-105.65809721626259
756.8903198242188,-198.17686462402344,757.9126748650676,-201.91012428833997,754.926154152719,-191.00446346937548,0.11904999613761902,0.0,20.329029083251953,-105.31500257720396
755.3970336914062,-198.57640075683594,756.3961988749033,-202.31083023734934,753.4754478037447,-191.39437809757436,0.11904999613761902,0.0,20.35169219970703,-104.97892393046824
753.899658203125,-198.96786499023438,754.8767082768497,-202.70514340905174,752.019680920671,-191.77683280618555,0.11904999613761902,0.0,20.375017166137695,-104.6511263939091
752.3984375,-199.35122680664062,753.3534162468723,-203.0908633705749,750.5599731835631,-192.1519164536582,0.11904999613761902,0.0,20.398088455200195,-104.32527910506498
750.8934936523438,-199.72674560546875,751.827353853508,-203.46932032795667,749.0952195234925,-192.51991176636474,0.11904999613761902,0.0,20.421144485473633,-104.01054306130017
749.3847045898438,-200.09429931640625,750.2971913631283,-203.84001054782337,747.6271028155446,-192.87943451058186,0.11904999613761902,0.0,20.443845748901367,-103.69105944331415
747.8722534179688,-200.4541778564453,748.7642665891373,-204.20301591140475,746.1530092988953,-193.2287601298159,0.11904999613761902,0.0,20.46796989440918,-103.38429196982688
746.3561401367188,-200.80625915527344,747.2274782522952,-204.5583678127962,744.6757821076721,-193.57039308237444,0.11904999613761902,0.0,20.489879608154297,-103.0738514379852
744.8364868164062,-201.15065002441406,745.6872141637958,-204.9045551188411,743.1940554755399,-193.90328528805784,0.11904999613761902,0.0,20.513744354248047,-102.76895163550199
743.313232421875,-201.4870147705078,744.1426118790646,-205.2429253335781,741.7106497450837,-194.2295921857355,0.11904999613761902,0.0,20.536849975585938,-102.4522139951637
741.786376953125,-201.81517028808594,742.593900173769,-205.57244749214647,740.2243881969454,-194.5474848561898,0.11904999613761902,0.0,20.560335159301758,-102.1296331113707
740.2560424804688,-202.13534545898438,741.0425886883262,-205.89478368413972,738.7335019510873,-194.85809078745376,0.11904999613761902,0.0,20.583560943603516,-101.81691883532154
738.7222900390625,-202.44796752929688,739.4889556513084,-206.20929907364038,737.2365578819971,-195.15882981455704,0.11904999613761902,0.0,20.60702896118164,-101.52068247712214
737.1852416992188,-202.7532501220703,737.9328525900246,-206.51734969985077,735.7346303106945,-195.44965706020062,0.11904999613761902,0.0,20.63084602355957,-101.2336719215352
735.6450805664062,-203.05157470703125,736.3742695162582,-206.8161604490526,734.2275391285259,-195.73322973368508,0.11904999613761902,0.0,20.65382957458496,-100.96226963496953
734.1016845703125,-203.3428192138672,734.8122747787323,-207.1084596183964,732.7176466511762,-196.0083681505884,0.11904999613761902,0.0,20.677919387817383,-100.68626436934314
732.5549926757812,-203.62649536132812,733.2460571480009,-207.39439698910897,731.2065154242396,-196.27417175715016,0.11904999613761902,0.0,20.699724197387695,-100.39301394944519
731.005126953125,-203.9014892578125,731.6742021833593,-207.67239755241664,729.6972188480594,-196.53011859707954,0.11904999613761902,0.0,20.723133087158203,-100.06132487580918
729.4517822265625,-204.16757202148438,730.0982964675193,-207.94180930382188,728.1860291296322,-196.77832639311487,0.11904999613761902,0.0,20.747310638427734,-99.7202361992809
727.8952026367188,-204.4244842529297,728.5188950715667,-208.20331139931605,726.6726836512735,-197.01748735661525,0.11904999613761902,0.0,20.769115447998047,-99.3721298672169
726.3353881835938,-204.67242431640625,726.9366907368754,-208.45527570459458,725.1549918940583,-197.24643931416136,0.11904999613761902,0.0,20.793048858642578,-99.03187914639011
724.7723999023438,-204.91140747070312,725.3513206229619,-208.697642131306,723.6341700477112,-197.46720108137086,0.11904999613761902,0.0,20.81440544128418,-98.69327800487784
723.2064819335938,-205.14183044433594,723.7641057535646,-208.93135344948118,722.1085779495696,-197.6806491678313,0.11904999613761902,0.0,20.839139938354492,-98.3709330476826
721.7200927734375,-205.3522491455078,722.2567280427182,-209.1430188954114,720.6616767648942,-197.8756414425185,0.11904999613761902,0.0,20.858428955078125,-98.05746078575775
720.2310791015625,-205.5546417236328,720.746238932012,-209.34470180314042,719.2132188353125,-198.06618603743473,0.11904999613761902,0.0,20.883926391601562,-97.7404307110587
718.7391967773438,-205.74929809570312,719.2331024820388,-209.5346824775677,717.7606519588588,-198.24955019314717,0.11904999613761902,0.0,20.903127670288086,-97.43378796014973
717.2449340820312,-205.93524169921875,717.7153722126334,-209.71573285740072,716.3105426892647,-198.42637247955324,0.11904999613761902,0.0,20.9266357421875,-97.09332979340903
715.7479858398438,-206.1129150390625,716.1964040624819,-209.89096564999463,714.8560244247608,-198.59788732819874,0.11904999613761902,0.0,20.94629669189453,-96.76879087028932
714.2483520507812,-206.28192138671875,714.6740517594491,-210.05925682982772,713.4011668597426,-198.76464433947405,0.11904999613761902,0.0,20.969133377075195,-96.43001261216828
712.7463989257812,-206.4436798095703,713.1530022129816,-210.21905711036374,711.9366400919462,-198.92493803690257,0.11904999613761902,0.0,20.992229461669922,-96.1469886112525
711.2420654296875,-206.5989532470703,711.6315899133573,-210.3727779125613,710.4661048184607,-199.08122479388342,0.11904999613761902,0.0,21.01279067993164,-95.89305436281671
709.7355346679688,-206.74864196777344,710.110615142952,-210.52361092353814,708.9887494425599,-199.23267877969295,0.11904999613761902,0.0,21.038057327270508,-95.67427798520927
708.2269287109375,-206.89344787597656,708.5894719630016,-210.67046855512066,707.5058483467795,-199.38114298202854,0.11904999613761902,0.0,21.059173583984375,-95.4828278715314
706.7164306640625,-207.03457641601562,707.069558823785,-210.81410531505867,706.0149112618548,-199.52621781904827,0.11904999613761902,0.0,21.080509185791016,-95.3377514060233
705.2039184570312,-207.17214965820312,705.5480120001131,-210.95519406419754,704.5211591666664,-199.6657352950571,0.11904999613761902,0.0,21.10523223876953,-95.19713896297726
703.6895751953125,-207.30557250976562,704.0236082476756,-211.09683237352692,703.0285089857045,-199.8025012716212,0.11904999613761902,0.0,21.124778747558594,-95.0351048688953
702.1732177734375,-207.43621826171875,702.5006086976272,-211.2361248819326,701.5270256904547,-199.93610328408485,0.11904999613761902,0.0,21.146129608154297,-94.92430762771532
700.6550903320312,-207.5634002685547,700.9744036354316,-211.37493226398448,700.0270627672633,-200.06685336106898,0.11904999613761902,0.0,21.169811248779297,-94.78880488177047
699.1350708007812,-207.68719482421875,699.4464334379411,-211.5102812858624,698.5247710568359,-200.19358958659348,0.11904999613761902,0.0,21.192543029785156,-94.65604902638812
697.6130981445312,-207.80859375,697.9188929818058,-211.64232932681097,697.0154027032992,-200.31531394981715,0.11904999613761902,0.0,21.214998245239258,-94.56049637182018
696.089599609375,-207.9282989501953,696.3915395281737,-211.77111466116142,695.5007978175847,-200.43456713381403,0.11904999613761902,0.0,21.233943939208984,-94.49264666071842
694.5643310546875,-208.04676818847656,694.8633228104947,-211.89622927947133,693.981932356653,-200.54849747035183,0.11904999613761902,0.0,21.257980346679688,-94.44130756806625
693.0372924804688,-208.1630859375,693.33081094106,-212.01644464957286,692.4655453765838,-200.65709575405623,0.11904999613761902,0.0,21.28352928161621,-94.35592872681225
691.5084228515625,-208.27867126464844,691.799592365632,-212.1300271236195,690.9402636172265,-200.76351844042014,0.11904999613761902,0.0,21.301284790039062,-94.32344068150746
689.97802734375,-208.39231872558594,690.263679835869,-212.23896243524837,689.4190410124187,-200.86491632397463,0.11904999613761902,0.0,21.32401466369629,-94.24700010950305
688.4459838867188,-208.50469970703125,688.7272800353583,-212.33949380180368,687.8926166688656,-200.96087321126367,0.11904999613761902,0.0,21.343421936035156,-94.19534069053859
686.912353515625,-208.6151123046875,687.1873223740288,-212.4344282279106,686.3676592819556,-201.04931241004445,0.11904999613761902,0.0,21.36659812927246,-94.11786304162835
685.376953125,-208.72348022460938,685.6449951011966,-212.52120703576279,684.8413196008067,-201.13440845068345,0.11904999613761902,0.0,21.388208389282227,-94.03721736139846
683.83984375,-208.82943725585938,684.0997136668738,-212.59934738635943,683.3148748318205,-201.2137591248491,0.11904999613761902,0.0,21.409025192260742,-93.94331230737438
682.3011474609375,-208.9337615966797,682.5543021304487,-212.6675800658205,681.7828432792348,-201.2892108166737,0.11904999613761902,0.0,21.430299758911133,-93.87874498523237
680.760986328125,-209.03607177734375,681.0062485572929,-212.7282102357015,680.2510594530958,-201.3597139760086,0.11904999613761902,0.0,21.447044372558594,-93.80047375323093
679.2191772460938,-209.13711547851562,679.4581138065107,-212.78300883562338,678.7138040428672,-201.42570956688346,0.11904999613761902,0.0,21.472026824951172,-93.74956318363306
677.6756591796875,-209.23687744140625,677.9080409719976,-212.83229080679686,677.1748700956877,-201.48866383157346,0.11904999613761902,0.0,21.490589141845703,-93.6980455105051
676.1307373046875,-209.3351593017578,676.3559527672736,-212.8753883276719,675.635222033558,-201.54600696961725,0.11904999613761902,0.0,21.508808135986328,-93.64002728784293
674.5842895507812,-209.4333953857422,674.8053598586213,-212.91351864746503,674.0867716702908,-201.60139132361883,0.11904999613761902,0.0,21.52771759033203,-93.63475612591826
673.0366821289062,-209.5294189453125,673.2489857030713,-212.951106170184,672.5479610270165,-201.6527227689164,0.12305000424385071,0.0,21.54679298400879,-93.55044874107551
671.487060546875,-209.62416076660156,671.6925537808183,-212.985260922238,671.0026246538632,-201.7006027780851,0.12305000424385071,0.0,21.57671356201172,-93.49863356077138
669.9356079101562,-209.71798706054688,670.1351360616237,-213.0172591907477,669.4535311452929,-201.7466686113287,0.12305000424385071,0.0,21.595409393310547,-93.46082825537054
668.3828125,-209.80963134765625,668.5739480837224,-213.04817972293534,667.9094834008146,-201.78967422985653,0.12305000424385071,0.0,21.61539077758789,-93.37761621651968
666.8278198242188,-209.8998260498047,667.0122335749435,-213.07919274052637,666.3598084356263,-201.83112285429215,0.12305000424385071,0.0,21.63636589050293,-93.3196246263478
665.2715454101562,-209.9873809814453,665.4471336937795,-213.10843365194128,664.8148185054873,-201.86913586799136,0.12305000424385071,0.0,21.66636848449707,-93.22002689232646
663.7133178710938,-210.07382202148438,663.8833252489766,-213.13845634264845,663.2602417080595,-201.9064543658708,0.12305000424385071,0.0,21.682355880737305,-93.17516895792751
662.1531982421875,-210.15809631347656,662.3158627110306,-213.16940646237964,661.7093465899093,-201.94133579645086,0.12305000424385071,0.0,21.714372634887695,-93.09198916890867
660.5916748046875,-210.23866271972656,660.7445493983306,-213.20165029833592,660.1652456548311,-201.97369046978204,0.12305000424385071,0.0,21.72779655456543,-92.95354229560843
659.0279541015625,-210.31626892089844,659.1728084893181,-213.2350022392617,658.6155020662812,-202.00559558711439,0.12305000424385071,0.0,21.754714965820312,-92.84121230882704
657.4627075195312,-210.3918914794922,657.6016324924749,-213.26738052803032,657.0589856937169,-202.03559912839563,0.12305000424385071,0.0,21.774967193603516,-92.76600949943594
655.8954467773438,-210.46495056152344,656.0276653353567,-213.30129820785396,655.5038824083306,-202.06512611079734,0.12305000424385071,0.0,21.8046932220459,-92.6689553334427
654.3264770507812,-210.53631591796875,654.4538176507884,-213.33590322931036,653.942456827085,-202.0936185732317,0.12305000424385071,0.0,21.819766998291016,-92.60433152300362
652.7560424804688,-210.60556030273438,652.8779390371549,-213.37012478359256,652.381918292798,-202.12057542061245,0.12305000424385071,0.0,21.848800659179688,-92.52467883304476
651.1837768554688,-210.6735382080078,651.3018860520993,-213.40529390291616,650.8151332608396,-202.1471552696057,0.12305000424385071,0.0,21.865562438964844,-92.47567766110903
649.610107421875,-210.7393798828125,649.7231315711504,-213.4407487270912,649.2516959247012,-202.1730543841957,0.12305000424385071,0.0,21.88544464111328,-92.39583423467255
648.0343627929688,-210.8039093017578,648.143765129693,-213.47540622983323,647.6819135788344,-202.1974478581,0.12305000424385071,0.0,21.91484832763672,-92.34504915829135
646.4573364257812,-210.86680603027344,646.5627361270755,-213.50952071444573,646.1125973535928,-202.22307177777162,0.12305000424385071,0.0,21.929737091064453,-92.28392385760884
644.8784790039062,-210.92820739746094,644.9801577949752,-213.5427471264586,644.5408783681029,-202.24723995515313,0.12305000424385071,0.0,21.958086013793945,-92.22709611372684
643.2979736328125,-210.9884796142578,643.396670239412,-213.5765794906053,642.9655597351581,-202.27166150817163,0.12305000424385071,0.0,21.972557067871094,-92.18390341822115
641.7158203125,-211.04734802246094,641.811159459602,-213.60969262710327,641.390220307872,-202.29648921482408,0.12305000424385071,0.0,22.0004825592041,-92.13086562338192
640.1320190429688,-211.10523986816406,640.2248113494243,-213.64384562484787,639.8109716901731,-202.32204771455838,0.12305000424385071,0.0,22.02349853515625,-92.0933701910982
638.5465087890625,-211.16183471679688,638.636281446756,-213.67682455654267,638.2318076708478,-202.34545192050385,0.12305000424385071,0.0,22.043489456176758,-92.04430707551121
636.9594116210938,-211.21746826171875,637.0468343995874,-213.71143919882422,636.649294458025,-202.3705383755126,0.12305000424385071,0.0,22.068166732788086,-92.0076040498386
635.458984375,-211.2686309814453,635.5433637953432,-213.74319023023372,635.1563630678572,-202.39378506019278,0.12305000424385071,0.0,22.08713150024414,-91.95295877689952
633.9571533203125,-211.31809997558594,634.0381078939884,-213.7758029242218,633.6639574327919,-202.4169549930658,0.12305000424385071,0.0,22.105792999267578,-91.88659047722494
632.4540405273438,-211.36656188964844,632.532772105009,-213.80852985332908,632.1662377593952,-202.43996394724383,0.12305000424385071,0.0,22.126018524169922,-91.84663563249556
630.9495849609375,-211.4136199951172,631.0255344591548,-213.84173825913567,630.6696114104417,-202.462818378813,0.12305000424385071,0.0,22.142581939697266,-91.79157968720028
629.4437866210938,-211.45907592773438,629.5167041132133,-213.8745810611118,629.1728898092435,-202.4851984585763,0.12305000424385071,0.0,22.16208267211914,-91.72907775327522
627.9368286132812,-211.50294494628906,628.0068097807914,-213.90688933004654,627.6749882267172,-202.50838613687776,0.12305000424385071,0.0,22.178424835205078,-91.66746514412941
626.4286499023438,-211.54541015625,626.4960698994155,-213.93987386827507,626.1748226998224,-202.5305769916007,0.12305000424385071,0.0,22.19862174987793,-91.61282918112146
624.9191284179688,-211.58670043945312,624.9843259887006,-213.9702426705549,624.6720486449601,-202.55377073354236,0.12305000424385071,0.0,22.21563148498535,-91.56683374973463
623.4083862304688,-211.6262969970703,623.4706534412096,-214.00200104370933,623.1711729515582,-202.5758105545356,0.12305000424385071,0.0,22.233505249023438,-91.50137883130859
621.8964233398438,-211.66456604003906,621.9564121231213,-214.03464919689753,621.6669713487792,-202.5991996562223,0.12305000424385071,0.0,22.25021743774414,-91.44989444431047
620.383544921875,-211.70176696777344,620.4416813348151,-214.06604468319122,620.1602596043736,-202.6212531615244,0.12305000424385071,0.0,22.263940811157227,-91.40859086437888
618.8693237304688,-211.73782348632812,618.9255631095092,-214.09963940611476,618.6527869599433,-202.6441954880826,0.12305000424385071,0.0,22.286109924316406,-91.36406492249324
617.3536987304688,-211.77316284179688,617.4087071916866,-214.13235128560038,617.1413880893515,-202.66763980168508,0.12305000424385071,0.0,22.299671173095703,-91.33570579783373
615.8370361328125,-211.80630493164062,615.8886021346383,-214.1660905290037,615.6378073800151,-202.6891128906418,0.12700000405311584,0.0,22.32009506225586,-91.25182734381895
614.319091796875,-211.83790588378906,614.3682654844141,-214.19995244892328,614.1291031721183,-202.71184678634907,0.12700000405311584,0.0,22.33586311340332,-91.19262586939338
612.7996826171875,-211.8673095703125,612.845502684717,-214.23502054297157,612.6229239099534,-202.7334616037649,0.12700000405311584,0.0,22.358837127685547,-91.10865256112875
611.2788696289062,-211.89419555664062,611.320877522842,-214.27038328240204,611.1173104813929,-202.75555928288088,0.12700000405311584,0.0,22.379093170166016,-91.01280900683214
609.756591796875,-211.91929626464844,609.7959379627102,-214.30551564968823,609.6058518266668,-202.77739815653115,0.12700000405311584,0.0,22.400150299072266,-90.94465956510635
608.2327270507812,-211.94232177734375,608.2689782157797,-214.34148105240354,608.0945674675387,-202.79870265257856,0.12700000405311584,0.0,22.421321868896484,-90.86567020797858
606.7076416015625,-211.96311950683594,606.7405693642214,-214.37769325755593,606.5829531217057,-202.81978554885424,0.12700000405311584,0.0,22.441200256347656,-90.78129934519448
605.1810302734375,-211.98175048828125,605.2107108313597,-214.41375741621022,605.0694661129497,-202.84025079255335,0.12700000405311584,0.0,22.46182632446289,-90.69921111748152
603.6530151367188,-211.99868774414062,603.6801926364332,-214.45053893459138,603.551724414549,-202.86062205217047,0.12700000405311584,0.0,22.482738494873047,-90.63506801245192
602.1234741210938,-212.01443481445312,602.1489357571519,-214.48756892149692,602.0294503096535,-202.88173436990922,0.12700000405311584,0.0,22.505077362060547,-90.58985590078372
600.5924682617188,-212.02871704101562,600.6157498657354,-214.52442539637352,600.5073082163464,-202.89985132255194,0.12700000405311584,0.0,22.52167320251465,-90.5344770973834
599.06005859375,-212.04180908203125,599.0815827258062,-214.5611861614579,598.9821195571798,-202.91912660572015,0.12700000405311584,0.0,22.548240661621094,-90.48949080747222
597.5263061523438,-212.05438232421875,597.5471571296182,-214.59789789669952,597.4515691502189,-202.93755646793892,0.12700000405311584,0.0,22.564496994018555,-90.46968308312022
595.9911499023438,-212.06637573242188,596.0112069051546,-214.6336720922184,595.9199656290288,-202.95478874810658,0.12700000405311584,0.0,22.585248947143555,-90.44761417086056
594.4546508789062,-212.07762145996094,594.4736066016574,-214.6675338862173,594.3880008916949,-202.971261741864,0.12700000405311584,0.0,22.607891082763672,-90.41934372280318
592.9165649414062,-212.08848571777344,592.9350147804092,-214.7004853968499,592.8522861170886,-202.9883375559485,0.12700000405311584,0.0,22.62611961364746,-90.40470155337103
591.3773193359375,-212.09889221191406,591.3951312417252,-214.7334872386509,591.3158315368078,-203.0041074245109,0.12700000405311584,0.0,22.64583396911621,-90.38735800671542
589.8365478515625,-212.10874938964844,589.8535486712816,-214.76614067749853,589.778404641945,-203.02040769563277,0.12700000405311584,0.0,22.668710708618164,-90.36654817591612
588.2943725585938,-212.11766052246094,588.309865651753,-214.79892069269894,588.2418989268089,-203.03648754773937,0.12700000405311584,0.0,22.687210083007812,-90.3310678240453
586.7508544921875,-212.12600708007812,586.7654892644367,-214.8323965163485,586.7017852661141,-203.05169879365303,0.12700000405311584,0.0,22.708162307739258,-90.30982330184003
585.2061157226562,-212.1339874267578,585.2202230557115,-214.8647139452534,585.1592783250508,-203.0677717786029,0.12700000405311584,0.0,22.728097915649414,-90.2959957535277
583.6599731445312,-212.1417694091797,583.6738407066637,-214.89700928321773,583.614378616788,-203.08294135592163,0.12700000405311584,0.0,22.746932983398438,-90.288376369886
582.1123657226562,-212.1490020751953,582.1253639959018,-214.93030347954328,582.0700752132076,-203.09990369898748,0.12700000405311584,0.0,22.76841926574707,-90.26776701539892
580.5634765625,-212.15576171875,580.5757291175972,-214.96328398243645,580.5240240541511,-203.11570479442221,0.12305000424385071,0.0,22.784116744995117,-90.25004796846481
579.0135498046875,-212.16183471679688,579.0246515985963,-214.99519104364055,578.9781714330662,-203.13270538060954,0.12305000424385071,0.0,22.802814483642578,-90.2244979478218
577.46240234375,-212.16746520996094,577.4727882284209,-215.02867792569404,577.429670229128,-203.15007809879293,0.12305000424385071,0.0,22.817895889282227,-90.20797640851603
575.9102172851562,-212.17227172851562,575.919165151331,-215.0618359785225,575.8823336316656,-203.16771056127354,0.12305000424385071,0.0,22.83219337463379,-90.17742236698184
574.35693359375,-212.17642211914062,574.3647314104171,-215.09475500682225,574.3329142432221,-203.18718018410064,0.12305000424385071,0.0,22.852062225341797,-90.15309457089263
572.8026123046875,-212.17970275878906,572.8088345080872,-215.12769590813176,572.7836735965324,-203.20680709591448,0.12305000424385071,0.0,22.863767623901367,-90.12093157840619
571.247314453125,-212.18203735351562,571.2517862567871,-215.16113541674451,571.2338713576087,-203.22629983858343,0.12305000424385071,0.0,22.880126953125,-90.08600431364815
569.69091796875,-212.18360900878906,569.6939589191225,-215.19503559115972,569.6818944301612,-203.24767759066913,0.12305000424385071,0.0,22.895214080810547,-90.05785748317582
568.1337280273438,-212.1842041015625,568.1348915007597,-215.22868587196865,568.1303207742125,-203.26838367717775,0.12305000424385071,0.0,22.905546188354492,-90.02189604605721
566.5753784179688,-212.18385314941406,566.5746850395466,-215.2626945191672,566.5773812953996,-203.29038070343685,0.12305000424385071,0.0,22.926788330078125,-89.98709655621845
565.0159912109375,-212.18292236328125,565.0141328727176,-215.29627863735703,565.0212859321863,-203.31244149870696,0.12305000424385071,0.0,22.935523986816406,-89.96580059752607
563.4556884765625,-212.1809539794922,563.4517179059931,-215.32835447676234,563.4668484009147,-203.33468092087156,0.12305000424385071,0.0,22.954105377197266,-89.92771913984288
561.8942260742188,-212.17835998535156,561.888938959197,-215.36095442298915,561.908879537216,-203.35766483577797,0.12305000424385071,0.0,22.964502334594727,-89.904816933541
560.3319091796875,-212.17507934570312,560.3251525347449,-215.39275079862762,560.3503756055648,-203.38093789119878,0.12305000424385071,0.0,22.982995986938477,-89.8796873218588
558.7687377929688,-212.1713409423828,558.7609623509862,-215.4225547320258,558.7897083180827,-203.40275124939998,0.12305000424385071,0.0,22.995115280151367,-89.86297451077365
557.2046508789062,-212.16661071777344,557.1947178100003,-215.45106005693904,557.2310870699473,-203.42527095494717,0.12305000424385071,0.0,23.004714965820312,-89.82672249377042
555.6395263671875,-212.16079711914062,555.627202513093,-215.47859859467198,555.6718884914726,-203.44833566986634,0.12305000424385071,0.0,23.027681350708008,-89.78717786921581
554.0734252929688,-212.15325927734375,554.0572968824197,-215.5041814334574,554.1152161151625,-203.47058149054823,0.12305000424385071,0.0,23.035619735717773,-89.72423032350825
552.5062866210938,-212.145263671875,552.4890328847748,-215.5269959903832,552.550434224015,-203.4923334993042,0.12305000424385071,0.0,23.052242279052734,-89.70767713077144
550.9384765625,-212.13624572753906,550.9188465316026,-215.54901461865072,550.9880721375114,-203.51383262893822,0.12305000424385071,0.0,23.06073760986328,-89.67044193305091
549.3697509765625,-212.125,549.345054011798,-215.5701092992002,549.4313282860747,-203.53525775259118,0.12305000424385071,0.0,23.08013343811035,-89.58927061930113
547.8001098632812,-212.11251831054688,547.7724721078126,-215.5881181021619,547.86814926526,-203.556189211833,0.12305000424385071,0.0,23.08330726623535,-89.54439709329301
546.2296752929688,-212.09877014160156,546.1989789578647,-215.60517059543713,546.3042816561314,-203.57658712639534,0.12305000424385071,0.0,23.108083724975586,-89.49842422648412
544.6578979492188,-212.08433532714844,544.6254219233448,-215.62058318468286,544.7358468098671,-203.59664374399097,0.12305000424385071,0.0,23.11178970336914,-89.4738245215977
543.0855712890625,-212.06826782226562,543.0491271514974,-215.6346018310601,543.1719413908634,-203.6163012790852,0.12305000424385071,0.0,23.132415771484375,-89.41451849837412
541.5123901367188,-212.0522003173828,541.4756858746082,-215.64594146040517,541.5983457431186,-203.63622404025102,0.12305000424385071,0.0,23.143774032592773,-89.4148364875458
539.9383544921875,-212.0348663330078,539.8984607170088,-215.6574739671102,540.0306334784192,-203.6553495163608,0.12305000424385071,0.0,23.154726028442383,-89.36905875996032
538.3633422851562,-212.0167236328125,538.3212912802775,-215.66727428342986,538.4594432035153,-203.67396770933223,0.12305000424385071,0.0,23.16963005065918,-89.34003420905381
536.787353515625,-211.997802734375,536.7431920145453,-215.67617086140186,536.8870510858629,-203.69363834368315,0.12305000424385071,0.0,23.17915916442871,-89.31215528651063
535.2112426757812,-211.97702026367188,535.1623431318837,-215.68548699514244,535.3202216850358,-203.7122186308417,0.12305000424385071,0.0,23.188762664794922,-89.24454624315077
533.6334838867188,-211.95486450195312,533.5809993679444,-215.69239841467268,533.7489825488725,-203.72995977282508,0.12305000424385071,0.0,23.21289825439453,-89.19547384814815
532.0551147460938,-211.9310760498047,531.9983310446041,-215.69868739174655,532.1784499375782,-203.74775840570163,0.12305000424385071,0.0,23.222015380859375,-89.13652979679529
530.4758911132812,-211.90744018554688,530.4190783698582,-215.7033676828416,530.5977509753584,-203.765407722323,0.12305000424385071,0.0,23.2224178314209,-89.1425317260036
528.8961791992188,-211.8827667236328,528.8364443530024,-215.7072745523813,529.0227274636953,-203.78054735150076,0.12305000424385071,0.0,23.24375343322754,-89.10517210082617
527.3151245117188,-211.85699462890625,527.2523348403948,-215.70898668568796,527.4465432658372,-203.79477696949436,0.12305000424385071,0.0,23.258441925048828,-89.06612876523471
525.7337646484375,-211.83047485351562,525.6686969581733,-215.71042603200772,525.8683038241174,-203.8079765734414,0.12305000424385071,0.0,23.265995025634766,-89.03922641703261
524.151123046875,-211.80307006835938,524.0834895039305,-215.70894483127873,524.2893936615893,-203.81786508051357,0.12305000424385071,0.0,23.282638549804688,-89.00797399665424
522.5677490234375,-211.7733154296875,522.4938518235615,-215.70570755108875,522.7170849266557,-203.82650106807134,0.12305000424385071,0.0,23.2927303314209,-88.92342898345696
520.9835205078125,-211.74267578125,520.9069891784496,-215.69974188671296,521.1365208451268,-203.83176591007154,0.12305000424385071,0.0,23.30919647216797,-88.89201356527836
519.3984375,-211.71005249023438,519.3164985645517,-215.69125764195027,519.5605322707537,-203.8342785024469,0.12305000424385071,0.0,23.31270980834961,-88.8209368078608
517.8128051757812,-211.6761932373047,517.7272867196288,-215.6810314029374,517.9803101720775,-203.83191689881244,0.12305000424385071,0.0,23.331769943237305,-88.77670411181168
516.2263793945312,-211.641845703125,516.1392129900358,-215.6678415905412,516.3956009503029,-203.82592979443183,0.12305000424385071,0.0,23.339893341064453,-88.75968901132283
514.63916015625,-211.60494995117188,514.5451146179184,-215.65069722050322,514.8201796433115,-203.81766829520507,0.12305000424385071,0.0,23.358734130859375,-88.66836907174739
513.0505981445312,-211.56536865234375,512.949307069,-215.6306004531946,513.2439798280865,-203.8041580464981,0.12305000424385071,0.0,23.368593215942383,-88.57268887528802
511.46185302734375,-211.52484130859375,511.3576802598512,-215.60860205834067,511.6592364861693,-203.7870530055379,0.12305000424385071,0.0,23.380420684814453,-88.5387572472597
509.87213134765625,-211.4827423095703,509.7635703434469,-215.5821695160046,510.07647402184216,-203.76645482592298,0.12305000424385071,0.0,23.390518188476562,-88.48304808976248
508.28179931640625,-211.43821716308594,508.1665758840405,-215.55372333679588,508.49725068218754,-203.74280827097215,0.12305000424385071,0.0,23.401384353637695,-88.39628664015653
506.6906433105469,-211.39308166503906,506.57349188634237,-215.52300601027122,506.90843070676283,-203.71545012257553,0.12305000424385071,0.0,23.41546058654785,-88.3751560279684
505.09844970703125,-211.3475341796875,504.9799501845914,-215.48989638019242,505.31766375464355,-203.684516085163,0.12305000424385071,0.0,23.429351806640625,-88.36140080696066
503.50555419921875,-211.30125427246094,503.3848847571026,-215.45454289804297,503.7278172020802,-203.65124458083235,0.12305000424385071,0.0,23.44198989868164,-88.33579942147634
502.0055236816406,-211.25807189941406,501.885731431655,-215.41930756269548,502.2254690292562,-203.6178078207227,0.12305000424385071,0.0,23.451927185058594,-88.35104381967881
500.5048828125,-211.21510314941406,500.38555748636213,-215.38242151743697,500.7233879819722,-203.58402736925922,0.12305000424385071,0.0,23.460695266723633,-88.35986372465808
499.0036926269531,-211.17227172851562,498.884631059236,-215.34523758357244,499.22120683134324,-203.54865845587187,0.12305000424385071,0.0,23.470674514770508,-88.36570070609885
497.5018005371094,-211.1298065185547,497.3837041840595,-215.30658978768582,497.7172238185867,-203.51080445270804,0.11904999613761902,0.0,23.48232078552246,-88.38042342527204
495.9991149902344,-211.0873260498047,495.88102603526386,-215.26455316384732,496.21445914908793,-203.46983583288664,0.11904999613761902,0.0,23.491979598999023,-88.38069681195178
494.4959716796875,-211.0449676513672,494.37829709810063,-215.22080447850155,494.71063539551864,-203.42734421962214,0.11904999613761902,0.0,23.49871253967285,-88.38583897750452
492.99237060546875,-211.0030975341797,492.87620741711083,-215.1746429353415,493.20458926652793,-203.38209649162343,0.11904999613761902,0.0,23.505945205688477,-88.40492185680239
491.4883728027344,-210.96080017089844,491.371275871633,-215.12450006662104,491.70286032062603,-203.33411305383106,0.11904999613761902,0.0,23.512569427490234,-88.38907890781677
489.9839172363281,-210.9182586669922,489.8664793742313,-215.0713804214041,490.1998674127622,-203.28130615777664,0.11904999613761902,0.0,23.52051544189453,-88.38027832705606
488.47894287109375,-210.87539672851562,488.3610233627892,-215.01580295994194,488.6968150691469,-203.2254377060947,0.11904999613761902,0.0,23.52826499938965,-88.3686469546438
486.97357177734375,-210.83216857910156,486.8551441925724,-214.95627440444667,487.19372518529565,-203.16557676303904,0.11904999613761902,0.0,23.53246307373047,-88.35514972159558
485.4678649902344,-210.78863525390625,485.34916838573827,-214.8940483413455,485.6900636550131,-203.1033496447102,0.11904999613761902,0.0,23.539264678955078,-88.34391319111297
483.96173095703125,-210.74508666992188,483.8436703543739,-214.82822957317984,484.1846075255298,-203.0368685303902,0.11904999613761902,0.0,23.54652976989746,-88.34380272856488
482.45513916015625,-210.7012939453125,482.3371797817855,-214.75942536789702,482.6799299397676,-202.9678645321743,0.11904999613761902,0.0,23.551530838012695,-88.33502877975013
480.9482727050781,-210.65707397460938,480.82995975692353,-214.68877752259334,481.1760473434968,-202.89528769358893,0.11904999613761902,0.0,23.559249877929688,-88.31910069455512
479.4409484863281,-210.6122283935547,479.32185728139643,-214.61505438469825,479.6727412851889,-202.82134038992564,0.11904999613761902,0.0,23.564899444580078,-88.29585117859071
477.9332580566406,-210.5665740966797,477.8129792389856,-214.53866948934714,478.1701574369829,-202.74319375815816,0.11904999613761902,0.0,23.57005500793457,-88.26555942177748
476.42529296875,-210.5193634033203,476.301919714974,-214.46005027393014,476.6712266836502,-202.66395121562493,0.11904999613761902,0.0,23.576536178588867,-88.2067952056187
474.9169921875,-210.4702606201172,474.7896930662902,-214.38053517988862,475.1737508171344,-202.58335042058178,0.11904999613761902,0.0,23.581588745117188,-88.13539248678653
473.408447265625,-210.4187774658203,473.2760568552224,-214.29804407342036,473.67865228640227,-202.5013058670879,0.11904999613761902,0.0,23.58659553527832,-88.04538597640177
471.899658203125,-210.36468505859375,471.76163319222394,-214.2145900170973,472.18454555903776,-202.41837708887476,0.11904999613761902,0.0,23.593965530395508,-87.94673763553139
470.3904724121094,-210.3077850341797,470.2463536444437,-214.1303140861363,470.6911014968657,-202.33406010607246,0.11904999613761902,0.0,23.59767723083496,-87.84083056173121
468.8811950683594,-210.24794006347656,468.73070671482367,-214.04322410858722,469.1983557012979,-202.24921682910215,0.11904999613761902,0.0,23.603715896606445,-87.72933121840977
467.37158203125,-210.1849822998047,467.2143288596341,-213.95562827184614,467.70608183182884,-202.1642834945527,0.11904999613761902,0.0,23.608901977539062,-87.61188799437522
465.86181640625,-210.11891174316406,465.69778825028885,-213.8670876931451,466.2136797202708,-202.07855060171423,0.11904999613761902,0.0,23.614519119262695,-87.4942135732781
464.3518371582031,-210.04974365234375,464.18110327929816,-213.7769625335869,464.7210014207252,-201.9906752449625,0.11904999613761902,0.0,23.620943069458008,-87.37726775014143
462.8415832519531,-209.977783203125,462.6649067680016,-213.68574157369076,463.226362110545,-201.90232257802205,0.11904999613761902,0.0,23.627243041992188,-87.27203879153572
461.33111572265625,-209.90293884277344,461.1482719664469,-213.59299050988184,461.7320111123316,-201.81228958202723,0.11904999613761902,0.0,23.632362365722656,-87.16328788210767
459.82037353515625,-209.82545471191406,459.6320021741303,-213.49821400936463,460.236048607748,-201.72085495075507,0.11904999613761902,0.0,23.636520385742188,-87.06394176665374
458.30963134765625,-209.74574279785156,458.1167533445369,-213.4012683209829,458.7379874567916,-201.62731215978306,0.11904999613761902,0.0,23.642383575439453,-86.979679876001
456.79840087890625,-209.66424560546875,456.6021784237814,-213.3028660802046,457.23693784308495,-201.53230384694837,0.11904999613761902,0.0,23.647235870361328,-86.9131601115402
455.2870788574219,-209.5809783935547,455.08747541325687,-213.20383394253207,455.7358436679609,-201.4357778392847,0.11904999613761902,0.0,23.653640747070312,-86.8464422784995
453.7753601074219,-209.4966583251953,453.5742653311886,-213.1019535968171,454.2304774729316,-201.33716001976984,0.11904999613761902,0.0,23.658449172973633,-86.80748604221532
452.2633361816406,-209.41152954101562,452.06136866686023,-212.99879696790543,452.72366910381095,-201.23527753820167,0.11904999613761902,0.0,23.663925170898438,-86.77757996169737
450.7510986328125,-209.32566833496094,450.54852010518783,-212.89359930328644,451.21632342608007,-201.13185842531544,0.11904999613761902,0.0,23.670841217041016,-86.75037256544087
449.2796325683594,-209.24143981933594,449.07636581488543,-212.7924952730504,449.749679081768,-201.0297612914285,0.11904999613761902,0.0,23.6751708984375,-86.72389456154507
447.8182067871094,-209.15643310546875,447.61265794925504,-212.69020540745026,448.29691227228136,-200.9265827109555,0.11904999613761902,0.0,23.681184768676758,-86.67102897218967
446.3623962402344,-209.07138061523438,446.1569836880009,-212.58734774539118,446.8443567644498,-200.82184891549494,0.11904999613761902,0.0,23.6828670501709,-86.65642230177679
444.9080810546875,-208.9855499267578,444.7016923940277,-212.4825993929777,445.39622080219124,-200.71451004505485,0.11904999613761902,0.0,23.691659927368164,-86.62243888400666
443.4527282714844,-208.89810180664062,443.24364685193746,-212.37773322062571,443.95100115829393,-200.60560985093966,0.11904999613761902,0.0,23.697521209716797,-86.56138957464276
441.9988098144531,-208.81027221679688,441.78970982891,-212.27168344377571,442.50105604510793,-200.4961600135806,0.11904999613761902,0.0,23.70032501220703,-86.5430269795381
440.5447082519531,-208.7213592529297,440.3341903524772,-212.16421385194386,441.05447441195264,-200.3845348178317,0.11904999613761902,0.0,23.706459045410156,-86.50093027678774
439.0903625488281,-208.63125610351562,438.87832530142424,-212.0537275894694,439.6082746419553,-200.2716900713161,0.11904999613761902,0.0,23.709871292114258,-86.45480428675559
437.63592529296875,-208.53993225097656,437.4222706672543,-211.94262759163706,438.16230420920493,-200.15674335577157,0.11904999613761902,0.0,23.717649459838867,-86.40712511136205
436.18017578125,-208.4467010498047,435.96358084856837,-211.82870153385664,436.7185708879619,-200.03998308569012,0.11904999613761902,0.0,23.721933364868164,-86.33558586494149
434.72552490234375,-208.35281372070312,434.5085729267999,-211.71417658963637,435.26962888139377,-199.9226949931238,0.11904999613761902,0.0,23.72726821899414,-86.30708875083442
433.2710876464844,-208.25755310058594,433.0523381664046,-211.59741581758846,433.8248222705622,-199.8031438585786,0.11904999613761902,0.0,23.73102569580078,-86.25267650832083
431.81573486328125,-208.16041564941406,431.5941714293247,-211.47996909017849,432.38159374179116,-199.68248789030014,0.11904999613761902,0.0,23.7352294921875,-86.18145963576296
430.36279296875,-208.0627899169922,430.14124805514444,-211.3599932107594,430.9340610817275,-199.560734631322,0.11904999613761902,0.0,23.740890502929688,-86.15597333562386
428.91046142578125,-207.96401977539062,428.68778043900045,-211.23835568173982,429.4902795400448,-199.43828393179308,0.11904999613761902,0.0,23.748126983642578,-86.10942020252944
427.45751953125,-207.86366271972656,427.2329064488452,-211.11554924953998,428.04803107325773,-199.3143987650397,0.1202399954199791,0.0,24.079946517944336,-86.04876314648463
426.0038757324219,-207.762451171875,425.7791338328171,-210.99029103434324,426.60085512315607,-199.1883762981103,0.12142999470233917,0.0,24.41176414489746,-86.01714607071
424.54864501953125,-207.66111755371094,424.3256077691672,-210.8641084537588,425.1475024620075,-199.06105215859566,0.12262000143527985,0.0,24.74358367919922,-86.01669235202395
423.08697509765625,-207.55906677246094,422.86521617377537,-210.73531241187465,423.68935648945074,-198.93117827324133,0.12381000071763992,0.0,25.075403213500977,-86.00620766102425
421.6131896972656,-207.4557647705078,421.3924799884964,-210.60457834970777,422.219984430499,-198.7987668230816,0.125,0.0,25.407222747802734,-85.99052604312884
420.1241760253906,-207.35169982910156,419.9062599674124,-210.469752703258,420.7313569486154,-198.66384891825564,0.12619000673294067,0.0,25.73904037475586,-86.00218407722575
418.6180419921875,-207.2474365234375,418.4043694468788,-210.33404010272093,419.2217914099943,-198.52598327683427,0.12737999856472015,0.0,26.070859909057617,-86.03997257589455
417.0935974121094,-207.14236450195312,416.8833379294188,-210.19292852717598,417.6971707284681,-198.38537993266274,0.12857000529766083,0.0,26.402679443359375,-86.05713627015307
415.55255126953125,-207.0360107421875,415.3445549902914,-210.04983803423247,416.15945191083347,-198.2421336449598,0.1297599971294403,0.0,26.7344970703125,-86.05204902490905
